,intercept,Agricultural Land Mass,Agricultural Land Mass^2
0,39670.28260874094,14304058.26208255,-14309490.154934341
