,intercept,Agricultural Land Mass,min_temp_4 min_temp_16,min_temp_6 min_temp_16,min_temp_6 max_temp_16,min_temp_6 avg_temp_16,min_temp_8 min_temp_19,min_temp_16 max_temp_4,min_temp_17 max_temp_6,min_temp_17 avg_temp_9,max_temp_4 avg_temp_16,avg_temp_4 avg_temp_16,Agricultural Land Mass^2
0,41680.93478260909,77889.03329508717,222439.451488947,104525.06355942035,2936.312480596958,-68784.90256324153,5470.186076898663,-269834.4569989778,8715.698934672424,5688.20048660331,418479.5106850058,-390830.8150637985,-77674.34588933286
