,intercept,Agricultural Land Mass,min_temp_4 min_temp_16,min_temp_6 min_temp_16,min_temp_6 max_temp_16,min_temp_6 avg_temp_16,min_temp_8 min_temp_19,min_temp_16 max_temp_4,min_temp_17 max_temp_6,min_temp_17 avg_temp_9,max_temp_4 avg_temp_16,avg_temp_4 avg_temp_16,Agricultural Land Mass^2
0,39872.586956521314,3262686.3526478093,763603.3727103545,979309.345752556,675303.3041158979,-1493261.9270607613,6622.646812986274,-1120865.1494653581,7521.671565901587,6083.488580422026,1776116.1354844733,-1539804.697798524,-3260914.427384363
