,intercept,Agricultural Land Mass,min_temp_4 min_temp_16,min_temp_6 min_temp_16,min_temp_6 max_temp_16,min_temp_6 avg_temp_16,min_temp_8 min_temp_19,min_temp_16 max_temp_4,min_temp_17 max_temp_6,min_temp_17 avg_temp_9,max_temp_4 avg_temp_16,avg_temp_4 avg_temp_16,Agricultural Land Mass^2
0,39186.9565218358,1778315.1256359648,661643.3212697186,1108480.9224833532,928240.8592174106,-1890032.267235227,8877.654533556939,-936018.5310107904,9288.308809277158,2907.30452699701,1471096.64046964,-1292528.9407297727,-1776715.6158019875
