,intercept,min_temp_4 min_temp_16,min_temp_6 max_temp_16,min_temp_8 min_temp_19,min_temp_16 max_temp_4,min_temp_17 max_temp_6,min_temp_17 avg_temp_9,max_temp_4 avg_temp_16
0,38017.65217391309,21955.59987967579,415.87932959738606,8071.1218269045285,-4861.528257730963,7520.763114410084,6399.707435547691,-8127.562634397606
