,intercept,Agricultural Land Mass,precip_5 max_temp_8,min_temp_4 min_temp_16,min_temp_4 max_temp_21,min_temp_5 min_temp_16,min_temp_5 min_temp_17,min_temp_6 min_temp_18,min_temp_6 max_temp_16,min_temp_6 avg_temp_18,min_temp_7 max_temp_16,min_temp_8 min_temp_16,min_temp_9 min_temp_21,min_temp_9 max_temp_19,min_temp_16 max_temp_3,min_temp_17 max_temp_6,min_temp_18 max_temp_2,min_temp_19 avg_temp_7,min_temp_20 avg_temp_21,min_temp_21 avg_temp_3,max_temp_8 max_temp_19,max_temp_8 avg_temp_19,avg_temp_16 avg_temp_18
0,35232.63043478269,2476.4480158281185,-3053.7316952251845,24999.963817898944,-4672.658474012614,2965.7090224477006,14611.067260800675,1857.6440634414898,10575.789774475525,7444.200990136887,-12480.107627839043,7048.718916566021,4327.828600932447,43.873565279945595,-24512.57791103865,-2826.2097274634903,-1557.342662672916,-9130.275460410294,3914.150444485926,1034.3761254362853,-418.25845111713164,-3599.7710600371984,5403.922760487892
