,intercept,Agricultural Land Mass,min_temp_4 min_temp_16,min_temp_6 min_temp_16,min_temp_6 max_temp_16,min_temp_6 avg_temp_16,min_temp_8 min_temp_19,min_temp_16 max_temp_4,min_temp_17 max_temp_6,min_temp_17 avg_temp_9,max_temp_4 avg_temp_16,avg_temp_4 avg_temp_16,Agricultural Land Mass^2
0,37604.782608765316,4873379.015528321,259529.2672523249,1135508.8474456617,1323990.6679139794,-2377247.5942050703,5451.2831017578255,-425994.8940252707,7569.34445006858,7325.557746482112,636307.594404561,-506815.85458613484,-4873508.671395861
