,intercept,min_temp_16,precip_5^2,precip_5 max_temp_6,min_temp_4 min_temp_16,min_temp_4 min_temp_17,min_temp_4 max_temp_21,min_temp_4 avg_temp_3,min_temp_4 avg_temp_17,min_temp_4 avg_temp_21,min_temp_5 min_temp_16,min_temp_5 min_temp_17,min_temp_5 max_temp_17,min_temp_6 min_temp_8,min_temp_6 min_temp_18,min_temp_6 max_temp_19,min_temp_6 avg_temp_6,min_temp_7 max_temp_16,min_temp_8 min_temp_16,min_temp_8 max_temp_19,min_temp_8 avg_temp_5,min_temp_8 avg_temp_9,min_temp_9 min_temp_21,min_temp_9 max_temp_12,min_temp_9 max_temp_19,min_temp_16 max_temp_3,min_temp_16 max_temp_4,min_temp_16 max_temp_20,min_temp_16 max_temp_21,min_temp_16 avg_temp_4,min_temp_16 avg_temp_19,min_temp_16 Agricultural Land Mass,min_temp_17 avg_temp_6,min_temp_17 avg_temp_9,min_temp_18 min_temp_19,min_temp_18 max_temp_2,min_temp_18 max_temp_6,min_temp_19 avg_temp_7,min_temp_19 avg_temp_8,min_temp_20 avg_temp_16,min_temp_21 max_temp_15,min_temp_21 avg_temp_3,max_temp_4 avg_temp_16,max_temp_7 max_temp_16,max_temp_17 avg_temp_5,max_temp_18 avg_temp_6,avg_temp_8 avg_temp_19,Agricultural Land Mass^2
0,38395.91304347865,-102072.34304865071,-34084.98789951843,30158.51691291773,77748.00083155808,-39868.15628331525,-253326.99642970276,130944.36332094365,-621.5650399329664,150713.71589452997,55696.76682152554,15724.431385172533,-898.0265534758498,28211.761970127674,-42793.063242339194,3451.1572115894314,14513.319829801307,8098.5355761617075,99824.07340301371,-181.75102241844885,-47002.41302279178,-33115.72844185541,-29811.008133636267,2018.9993928962547,7516.86375031889,-139458.05816534255,38692.32925597817,51319.98097845141,125796.6750729884,5777.556041283661,-131802.8091920425,-15249.369366977688,-15012.759025558751,59967.201755616785,117903.35072982087,-2196.123785878379,-27273.842086189103,-44300.2626641921,-24420.698976162705,-30846.5011309269,-5311.736902098956,-21479.862388765945,1733.7344460540605,10716.855653523833,-29.25667579752478,23881.117774630875,-1372.0472056666238,1786.7161157383098
