,intercept,Agricultural Land Mass,Agricultural Land Mass^2
0,37678.565217160576,14379536.326711837,-14385035.312079355
