,intercept,Agricultural Land Mass,precip_5 max_temp_8,min_temp_4 min_temp_16,min_temp_4 max_temp_21,min_temp_5 min_temp_17,min_temp_5 max_temp_17,min_temp_6 min_temp_8,min_temp_6 avg_temp_18,min_temp_7 max_temp_16,min_temp_8 min_temp_16,min_temp_9 max_temp_12,min_temp_16 max_temp_3,min_temp_18 min_temp_19,min_temp_19 avg_temp_7,min_temp_20 max_temp_17,min_temp_20 avg_temp_21,min_temp_21 max_temp_15,min_temp_21 avg_temp_3,max_temp_8 max_temp_19,max_temp_18 avg_temp_6,avg_temp_6 avg_temp_18,avg_temp_16 avg_temp_18
0,40890.413043478264,851.1326057326968,-6706.664997710559,16366.790303399152,-2449.6755169412763,5065.680684367778,10093.236990948813,145.62027163406844,7036.984709024092,-15226.729406041308,10763.359337768125,8974.441509072896,-16272.280068461156,4803.685411884984,-4447.0897823058485,-1485.335973920729,-201.45923126881536,1720.2359820265358,1089.8353575498638,-3963.156427730147,1793.262082859796,1340.484560801252,10883.557643594248
