,intercept,Agricultural Land Mass,min_temp_4 min_temp_16,min_temp_6 min_temp_16,min_temp_6 max_temp_16,min_temp_6 avg_temp_16,min_temp_8 min_temp_19,min_temp_16 max_temp_4,min_temp_17 max_temp_6,min_temp_17 avg_temp_9,max_temp_4 avg_temp_16,avg_temp_4 avg_temp_16,Agricultural Land Mass^2
0,37890.76086956637,2195518.5920673846,759699.6840036337,1361505.3983378743,1219982.3753225848,-2421597.8008550704,8177.270738502927,-1080713.6495346588,8058.002312388427,3285.3695531987387,1725097.1143017751,-1518194.5581448274,-2193899.111589038
