,intercept,precip_3 precip_10,precip_4 precip_20,precip_5 min_temp_16,precip_5 max_temp_4,precip_7 precip_19,precip_7 min_temp_2,precip_9 min_temp_2,precip_9 min_temp_10,precip_10 max_temp_13,precip_12 max_temp_23,precip_21 min_temp_13,precip_21 min_temp_22,precip_22 min_temp_2,min_temp_2 min_temp_12,min_temp_3 max_temp_12,min_temp_4 avg_temp_14,min_temp_4 avg_temp_16,min_temp_5 min_temp_15,min_temp_5 min_temp_17,min_temp_5 max_temp_16,min_temp_6^2,min_temp_6 min_temp_8,min_temp_6 min_temp_18,min_temp_6 max_temp_16,min_temp_7 min_temp_19,min_temp_7 avg_temp_5,min_temp_8 max_temp_21,min_temp_9 min_temp_15,min_temp_16 min_temp_21,min_temp_19 avg_temp_7,min_temp_20 max_temp_4,min_temp_20 max_temp_9,max_temp_3 avg_temp_8,max_temp_5 max_temp_15,avg_temp_3 avg_temp_22,avg_temp_12 avg_temp_23
0,36397.173913043436,2864.5294229812607,3939.2935232453583,-2869.371633579276,-1119.4018674346219,-1355.737535907605,-4476.289364307106,-521.9030100918419,-5739.125321239532,-8316.562179723735,881.1918884924725,353.6548788335011,2060.7236040815646,-3010.2335980175703,-3857.214401402034,3925.459686151537,2933.744148509298,8910.950297429748,850.8717522149435,18481.362625266323,4475.9584399966425,4325.0281334085685,907.4373413534671,2604.729600433795,1653.623055090324,-1685.2570651224985,-1731.4827259228475,7236.397031891882,4350.782545802495,6577.554535624494,-7039.1109490169565,-1910.3335942501517,-1748.8777613687082,-4896.770035370617,-5326.05912078098,-4118.587896858119,7387.8490036678095
