,intercept,Agricultural Land Mass,min_temp_4 min_temp_16,min_temp_6 min_temp_16,min_temp_6 max_temp_16,min_temp_6 avg_temp_16,min_temp_8 min_temp_19,min_temp_16 max_temp_4,min_temp_17 max_temp_6,min_temp_17 avg_temp_9,max_temp_4 avg_temp_16,avg_temp_4 avg_temp_16,Agricultural Land Mass^2
0,39451.21739136904,1970995.669973162,672934.5916283563,1396230.6487881173,1385749.4720899474,-2633011.2962293117,6755.7897166280845,-958551.039621364,8743.918235594834,3608.4706914071694,1557667.1480639447,-1355617.908737083,-1969021.8618504545
