,intercept,Agricultural Land Mass,min_temp_4 min_temp_16,min_temp_6 min_temp_16,min_temp_6 max_temp_16,min_temp_6 avg_temp_16,min_temp_8 min_temp_19,min_temp_16 max_temp_4,min_temp_17 max_temp_6,min_temp_17 avg_temp_9,max_temp_4 avg_temp_16,avg_temp_4 avg_temp_16,Agricultural Land Mass^2
0,32831.521739319396,3557405.6227140236,416423.269752633,996343.2501568134,1010731.9160000439,-1901171.0060353673,2038.0176220994658,-611630.7178452404,5309.585891879887,1466.8843415297722,983439.8306437252,-845832.9719587115,-3555947.5943775373
