,intercept,Agricultural Land Mass,min_temp_4 min_temp_16,min_temp_6 min_temp_16,min_temp_6 max_temp_16,min_temp_6 avg_temp_16,min_temp_8 min_temp_19,min_temp_16 max_temp_4,min_temp_17 max_temp_6,min_temp_17 avg_temp_9,max_temp_4 avg_temp_16,avg_temp_4 avg_temp_16,Agricultural Land Mass^2
0,39068.00000020956,3893208.78307231,536903.3959218186,1374305.86956878,1258381.8883932948,-2472276.4800534784,10066.063202945752,-940285.9585559319,12647.669984642427,2520.9654874407215,1345550.2575545195,-1053612.7067144536,-3893155.7233563117
