,intercept,Agricultural Land Mass,Agricultural Land Mass^2
0,40738.54347924522,15049539.135336936,-15054608.914420098
