,intercept,Agricultural Land Mass,min_temp_4 min_temp_16,min_temp_6 min_temp_16,min_temp_6 max_temp_16,min_temp_6 avg_temp_16,min_temp_8 min_temp_19,min_temp_16 max_temp_4,min_temp_17 max_temp_6,min_temp_17 avg_temp_9,max_temp_4 avg_temp_16,avg_temp_4 avg_temp_16,Agricultural Land Mass^2
0,35277.43478261213,3038614.119195405,491888.8184242535,1556263.5644182751,1705150.2172896995,-3129444.8262314317,3669.2265448580515,-727355.1810276577,5399.903653218821,7522.328566618525,1145944.4086480557,-982428.5397311257,-3036837.7911406006
