,intercept,min_temp_4 min_temp_16,min_temp_6 min_temp_16,min_temp_8 min_temp_19,min_temp_17 max_temp_6,min_temp_17 avg_temp_9,max_temp_4 avg_temp_16,Agricultural Land Mass^2
0,39191.108695652176,16105.289897510065,125.11206092650092,7446.262681150355,10640.531025769491,6415.68462303104,-7595.676611047557,-126.72405920656264
