,intercept,min_temp_7,Agricultural Land Mass,precip_1 max_temp_13,precip_3 precip_10,precip_5 min_temp_8,precip_7 precip_19,precip_7 min_temp_2,precip_9 min_temp_2,precip_10 max_temp_13,precip_12 max_temp_23,precip_22 min_temp_2,min_temp_0 min_temp_2,min_temp_2 min_temp_12,min_temp_3 max_temp_12,min_temp_3 avg_temp_8,min_temp_4 min_temp_16,min_temp_5 min_temp_15,min_temp_5 min_temp_17,min_temp_5 max_temp_20,min_temp_5 avg_temp_17,min_temp_6 min_temp_18,min_temp_6 max_temp_6,min_temp_7 avg_temp_19,min_temp_8 min_temp_17,min_temp_8 max_temp_21,min_temp_9 min_temp_15,min_temp_18 avg_temp_6,max_temp_3 max_temp_8,max_temp_5 max_temp_15,max_temp_8 max_temp_19,max_temp_17 avg_temp_6,avg_temp_3 avg_temp_22,avg_temp_7 avg_temp_19,avg_temp_12 avg_temp_23
0,36888.913043478315,-121.17635534465587,3482.027809545976,-392.0525054545499,1609.7041475721878,-752.2424298321001,-2467.6197110243347,-3182.249235895893,-2788.4382323325462,-4778.977787236589,890.7294141882235,-3711.3910820417404,3042.595740270411,-11806.471022711901,5158.863789276119,3635.099183982909,13971.227424669349,2513.6008021324683,3564.3909327836946,3908.277663164769,7987.847209670137,531.46848024668,1981.2777772574507,-12987.29604629407,1117.0561414343358,10188.43408857343,6622.408553918593,6035.439129491246,-12365.950576459607,-5372.121699312262,-164.52625467734694,4044.663984772862,-4521.470111473325,-752.4412749983959,2420.489343325126
