,intercept,Agricultural Land Mass,precip_1 max_temp_13,precip_3 precip_10,precip_5 min_temp_16,precip_5 max_temp_21,precip_7 precip_19,precip_7 min_temp_2,precip_10 max_temp_13,precip_12 max_temp_23,precip_20 max_temp_22,precip_21 min_temp_13,precip_21 min_temp_22,precip_22 min_temp_2,min_temp_0 min_temp_2,min_temp_2 min_temp_12,min_temp_3 max_temp_12,min_temp_3 avg_temp_8,min_temp_3 avg_temp_10,min_temp_4 min_temp_6,min_temp_4 min_temp_16,min_temp_4 min_temp_21,min_temp_5 min_temp_8,min_temp_5 min_temp_15,min_temp_5 max_temp_17,min_temp_5 max_temp_20,min_temp_7 avg_temp_5,min_temp_8 min_temp_9,min_temp_16 min_temp_21,min_temp_18 max_temp_20,min_temp_18 avg_temp_6,max_temp_3 avg_temp_8,max_temp_5 max_temp_15,max_temp_7 avg_temp_19,max_temp_14 avg_temp_9,max_temp_17 avg_temp_6,avg_temp_7 avg_temp_19
0,33324.260869565245,1026.0767354804598,2834.8853606675175,3566.671319588265,-1423.8689466587714,-776.1886185809159,-3400.034290164125,-467.73902178191076,-10534.47141759808,-4125.202846496021,-486.6858286521532,1632.7399983378773,1188.5078944162321,-2059.135448947847,1092.921889853093,-4439.195313852435,751.3601844772603,3873.2316046003784,-896.631409037663,2976.612048385451,6683.457756155337,3098.2244596499527,12564.963816022351,8663.555467733162,3321.398043709752,1290.7928795073092,-2346.92806569934,905.5816665608081,5193.371430114073,5348.401793465887,0.8035030124545142,-7975.6229500532345,-8676.491835902347,-6752.878433405965,-1688.8088198998973,6692.525682537527,-1166.2745033885046
