,intercept,Agricultural Land Mass,precip_5 max_temp_6,min_temp_4 min_temp_16,min_temp_4 max_temp_21,min_temp_5 max_temp_17,min_temp_6 min_temp_18,min_temp_6 max_temp_19,min_temp_6 avg_temp_18,min_temp_7 max_temp_16,min_temp_8 avg_temp_9,min_temp_9 max_temp_12,min_temp_9 max_temp_19,min_temp_16 max_temp_3,min_temp_16 avg_temp_4,min_temp_17 avg_temp_9,min_temp_18 min_temp_19,min_temp_18 max_temp_2,min_temp_20 max_temp_17,min_temp_20 avg_temp_21,min_temp_21 max_temp_15,max_temp_8 max_temp_19,avg_temp_6 avg_temp_18
0,37650.67391304359,2061.668657656,-2360.522139869739,22245.002319349802,-11334.506547106002,16564.104972919562,236.99843345491507,-3414.946822257837,5758.060431072625,-9445.813278019481,2228.2437241090515,8137.411842217621,-8936.990046012072,-13009.343599463466,6770.419901279886,5817.922242310794,7877.604717726209,989.9669355810397,-3837.1696849764407,-2567.274404633642,3307.0595332478624,-4868.460901935294,7823.712212630697
