,intercept,Agricultural Land Mass,precip_5 max_temp_8,min_temp_4 min_temp_16,min_temp_4 max_temp_21,min_temp_5 max_temp_17,min_temp_6 min_temp_18,min_temp_6 avg_temp_18,min_temp_7 max_temp_16,min_temp_8 avg_temp_9,min_temp_9 max_temp_19,min_temp_16 max_temp_3,min_temp_16 avg_temp_4,min_temp_18 min_temp_19,min_temp_18 max_temp_2,min_temp_21 max_temp_15,min_temp_21 avg_temp_3,max_temp_4 avg_temp_16,max_temp_8 max_temp_19,avg_temp_4 avg_temp_17,avg_temp_6 avg_temp_18,avg_temp_16 avg_temp_18
0,38036.28260869559,2338.9970115600245,-2661.801907939574,7472.129193953904,-10535.654549018282,16213.505596043387,152.38078447356733,170.91230986543448,-22881.422978531344,11557.881544101201,-3993.022334325551,-16143.036448988492,23068.944029964543,10555.953515579737,-1022.8462484368081,7848.054596953518,929.4574110036596,4903.7648767165365,-9279.689362030043,1435.5979748196003,4060.4459489805745,5553.84998537619
