,intercept,Agricultural Land Mass,min_temp_4 min_temp_16,min_temp_6 min_temp_16,min_temp_6 max_temp_16,min_temp_6 avg_temp_16,min_temp_8 min_temp_19,min_temp_16 max_temp_4,min_temp_17 max_temp_6,min_temp_17 avg_temp_9,max_temp_4 avg_temp_16,avg_temp_4 avg_temp_16,Agricultural Land Mass^2
0,41431.49999997964,2114348.2153388346,784429.2388138954,1398574.396422202,1224315.8990610372,-2450742.105262608,5248.074029610541,-1142992.0511417326,10522.267640265713,1635.3303571286003,1811594.661015026,-1563845.4048686814,-2113035.467238898
