,intercept,Agricultural Land Mass,min_temp_4 min_temp_16,min_temp_6 min_temp_16,min_temp_6 max_temp_16,min_temp_6 avg_temp_16,min_temp_8 min_temp_19,min_temp_16 max_temp_4,min_temp_17 max_temp_6,min_temp_17 avg_temp_9,max_temp_4 avg_temp_16,avg_temp_4 avg_temp_16,Agricultural Land Mass^2
0,36593.304347784215,2759293.16861576,439568.5299443114,1285748.244709884,1458367.6066386348,-2653860.899703029,6070.002734089289,-548229.1016097955,10226.866782973353,5473.537081838583,957573.1618427071,-889230.7991454635,-2759079.2577028116
