,intercept,Agricultural Land Mass,precip_5 max_temp_8,min_temp_4 min_temp_16,min_temp_5 min_temp_16,min_temp_5 max_temp_17,min_temp_6 min_temp_8,min_temp_6 min_temp_18,min_temp_6 max_temp_16,min_temp_6 avg_temp_18,min_temp_7 max_temp_16,min_temp_8 min_temp_16,min_temp_9 max_temp_12,min_temp_16 min_temp_17,min_temp_16 max_temp_3,min_temp_16 max_temp_20,min_temp_18 max_temp_2,min_temp_19 avg_temp_7,min_temp_20 avg_temp_16,min_temp_20 avg_temp_21,min_temp_21 avg_temp_3,max_temp_8 max_temp_19,max_temp_18 avg_temp_6,avg_temp_4 avg_temp_17,avg_temp_6 avg_temp_18
0,38660.086956521845,783.1896406244632,-3223.5903461381176,21435.11985837428,5863.1828695335025,12388.037536625963,7251.65511343169,4394.74738157457,3870.490621849786,1325.2270805271316,-12300.424283817425,1086.236512614617,4387.659687567169,6799.88321049613,-22328.14640965393,5313.086459512026,1028.1147440672885,-8858.645032578652,3184.842469290554,543.2503978349969,1424.7954053695232,-5364.727346521936,1284.2837639933555,-4497.079951652241,585.5605396154463
