,intercept,Agricultural Land Mass,min_temp_4 min_temp_16,min_temp_6 min_temp_16,min_temp_6 max_temp_16,min_temp_6 avg_temp_16,min_temp_8 min_temp_19,min_temp_16 max_temp_4,min_temp_17 max_temp_6,min_temp_17 avg_temp_9,max_temp_4 avg_temp_16,avg_temp_4 avg_temp_16,Agricultural Land Mass^2
0,34561.717391208884,1837568.52187145,674695.5386595979,1016402.4163271729,725162.0759980255,-1575900.107781975,8158.942935067131,-1012665.1514118651,8496.302053743946,-3160.2772128942897,1569664.5180143833,-1346756.2901721557,-1834776.4803253124
