,intercept,Agricultural Land Mass,min_temp_4 min_temp_16,min_temp_6 max_temp_16,min_temp_8 min_temp_19,min_temp_16 max_temp_4,min_temp_17 max_temp_6,min_temp_17 avg_temp_9,max_temp_4 avg_temp_16
0,40041.26086956525,28.26441937387996,18000.11771998605,2531.606477020323,9038.803124232209,-43.14626124215219,10077.616218800003,7810.583251939908,-13929.362000643141
