,intercept,Agricultural Land Mass,Agricultural Land Mass^2
0,38729.43478210213,13759993.797929138,-13765665.538111836
