,intercept,Agricultural Land Mass,min_temp_4 min_temp_16,min_temp_8 min_temp_19,min_temp_16 max_temp_4,min_temp_17 max_temp_6,min_temp_17 avg_temp_9,max_temp_4 avg_temp_16
0,38876.152173913055,1513.1934265992434,18861.18911677382,7439.721704149528,-5346.049787658754,9362.076651250794,6813.248009061816,-4414.278991047065
