,intercept,Agricultural Land Mass,min_temp_4 min_temp_16,min_temp_6 min_temp_16,min_temp_6 max_temp_16,min_temp_6 avg_temp_16,min_temp_8 min_temp_19,min_temp_16 max_temp_4,min_temp_17 max_temp_6,min_temp_17 avg_temp_9,max_temp_4 avg_temp_16,avg_temp_4 avg_temp_16,Agricultural Land Mass^2
0,39774.956521756576,153651.44406657704,218192.19089137827,1232691.1302396539,1673766.8978932702,-2860093.79745499,4049.8418465370987,-166412.58219969057,9444.950159365797,8885.575900479029,380966.19744047883,-420548.2403173724,-153054.9274804919
