,intercept,Agricultural Land Mass,Agricultural Land Mass^2
0,39370.76086943857,14040884.076656133,-14046244.577592866
