,intercept,Agricultural Land Mass,min_temp_4 min_temp_16,min_temp_6 min_temp_16,min_temp_6 max_temp_16,min_temp_6 avg_temp_16,min_temp_8 min_temp_19,min_temp_16 max_temp_4,min_temp_17 max_temp_6,min_temp_17 avg_temp_9,max_temp_4 avg_temp_16,avg_temp_4 avg_temp_16,Agricultural Land Mass^2
0,39480.478260864336,3511178.3361684848,799173.507595688,1146974.2128589666,981950.6164133325,-1976903.1641417686,5743.904084585961,-1097742.714436941,9619.663584986809,5828.991230308106,1855745.503302384,-1657032.798945751,-3509602.5980219897
