,intercept,Agricultural Land Mass,min_temp_4 min_temp_16,min_temp_6 min_temp_16,min_temp_6 max_temp_16,min_temp_6 avg_temp_16,min_temp_8 min_temp_19,min_temp_16 max_temp_4,min_temp_17 max_temp_6,min_temp_17 avg_temp_9,max_temp_4 avg_temp_16,avg_temp_4 avg_temp_16,Agricultural Land Mass^2
0,33361.978261120996,4523265.887987323,233601.40232832654,244556.1129356362,196707.86273356847,-411425.1896824401,6742.884419049073,-297527.36163427983,4737.244618186212,6924.149322520867,512342.6632991784,-462816.63434242073,-4522740.987250066
