,intercept,Agricultural Land Mass,min_temp_4 min_temp_16,min_temp_6 min_temp_16,min_temp_6 max_temp_16,min_temp_6 avg_temp_16,min_temp_8 min_temp_19,min_temp_16 max_temp_4,min_temp_17 max_temp_6,min_temp_17 avg_temp_9,max_temp_4 avg_temp_16,avg_temp_4 avg_temp_16,Agricultural Land Mass^2
0,40705.47826084919,4172941.847090489,780054.1120758146,1463186.7586459576,1416480.0731730785,-2720227.053184946,7687.889471405622,-1108424.5267851574,9217.805137553756,3877.5323387771127,1852185.7562257103,-1624499.413290512,-4171614.914387188
