,intercept,Agricultural Land Mass,precip_5 max_temp_6,min_temp_4 min_temp_16,min_temp_4 max_temp_21,min_temp_5 max_temp_17,min_temp_6 max_temp_19,min_temp_7 max_temp_16,min_temp_8 avg_temp_9,min_temp_9 max_temp_12,min_temp_9 max_temp_19,min_temp_16 max_temp_3,min_temp_17 max_temp_6,min_temp_17 max_temp_7,min_temp_17 avg_temp_9,min_temp_18 min_temp_19,min_temp_18 max_temp_2,min_temp_20 avg_temp_21,min_temp_21 max_temp_15,min_temp_21 avg_temp_3,max_temp_8 max_temp_19,max_temp_18 avg_temp_6
0,36826.95652173946,3221.3416548823097,-4098.678554613178,27773.856670849887,-13206.390350932827,15478.829046604553,-1363.251044138216,-6403.647410360918,8852.061162699478,5483.1867282868425,-17479.267351266466,-13411.22055573289,-1180.449617213674,-2473.364662809734,12415.436773400199,12906.61558927526,3352.272110711409,-4451.512763537119,948.8678187281472,7254.187170138783,-9665.060169473205,7447.662747278501
