,intercept,Agricultural Land Mass,Agricultural Land Mass^2
0,39417.19565318808,12962002.013777597,-12966812.810292037
