,intercept,Agricultural Land Mass,min_temp_4 min_temp_16,min_temp_6 min_temp_16,min_temp_6 max_temp_16,min_temp_6 avg_temp_16,min_temp_8 min_temp_19,min_temp_16 max_temp_4,min_temp_17 max_temp_6,min_temp_17 avg_temp_9,max_temp_4 avg_temp_16,avg_temp_4 avg_temp_16,Agricultural Land Mass^2
0,38584.15217400439,3510762.829901499,445227.1268635537,769544.0687747279,756521.9156756522,-1442933.4098607632,5734.497420818728,-591412.7402148112,8970.406215163855,9065.485447555931,1012114.4039566503,-915003.9124698425,-3510966.9128145133
