,intercept,Agricultural Land Mass,min_temp_4 min_temp_16,min_temp_6 min_temp_16,min_temp_6 max_temp_16,min_temp_6 avg_temp_16,min_temp_8 min_temp_19,min_temp_16 max_temp_4,min_temp_17 max_temp_6,min_temp_17 avg_temp_9,max_temp_4 avg_temp_16,avg_temp_4 avg_temp_16,Agricultural Land Mass^2
0,39839.82608709822,1896404.6323837936,745061.4266330878,1373948.9841032212,1216315.5950651795,-2421745.690070724,6137.097106779433,-1072916.3174473501,10946.46647884594,3249.127929642792,1702359.0942606942,-1489814.4685457763,-1895358.9874867313
