,intercept,Agricultural Land Mass,min_temp_4 min_temp_16,min_temp_6 max_temp_16,min_temp_8 min_temp_19,min_temp_16 max_temp_4,min_temp_17 max_temp_6,min_temp_17 avg_temp_9,max_temp_4 avg_temp_16
0,35942.32608695646,408.5406411260534,21383.811970080053,944.3808749434846,4763.647885013001,-6953.911589304452,7443.430261616531,8181.013235792757,-4747.319980503229
