,intercept,Agricultural Land Mass,min_temp_4 min_temp_16,min_temp_6 min_temp_16,min_temp_6 max_temp_16,min_temp_6 avg_temp_16,min_temp_8 min_temp_19,min_temp_16 max_temp_4,min_temp_17 max_temp_6,min_temp_17 avg_temp_9,max_temp_4 avg_temp_16,avg_temp_4 avg_temp_16,Agricultural Land Mass^2
0,39355.54347819554,5319925.158005756,246484.3955321566,1028851.8327189905,1349099.7026515629,-2324161.0899446285,2021.4011169067553,-237782.43831696498,6895.801445793668,10207.067403919895,487649.9220669283,-499658.9845163834,-5320882.069516669
