,intercept,Agricultural Land Mass,min_temp_4 min_temp_16,min_temp_6 min_temp_16,min_temp_6 max_temp_16,min_temp_6 avg_temp_16,min_temp_8 min_temp_19,min_temp_16 max_temp_4,min_temp_17 max_temp_6,min_temp_17 avg_temp_9,max_temp_4 avg_temp_16,avg_temp_4 avg_temp_16,Agricultural Land Mass^2
0,40089.3478260545,3309169.3526376784,682488.8791801562,807254.1067794207,636045.9840328735,-1327475.6959365506,11047.223157250803,-896519.1873276888,7958.6516756291485,2246.5922760057083,1517292.5013035294,-1381946.6571889662,-3306820.4305331865
