,intercept,Agricultural Land Mass,min_temp_4 min_temp_16,min_temp_6 min_temp_16,min_temp_8 min_temp_19,min_temp_17 max_temp_6,min_temp_17 avg_temp_9,max_temp_4 avg_temp_16
0,40758.543478260915,772.648829384894,17955.79922119708,2026.2900378708907,7335.907060378608,13367.597227882103,3272.272462619879,-10573.93219987011
