,intercept,Agricultural Land Mass,Agricultural Land Mass^2
0,37966.82608742299,13075621.661657376,-13081801.874781087
