,intercept,Agricultural Land Mass,precip_1 max_temp_13,precip_3 precip_10,precip_4 precip_20,precip_5^2,precip_7 precip_19,precip_7 min_temp_2,precip_9 min_temp_2,precip_9 min_temp_10,precip_12 max_temp_23,precip_21 min_temp_13,precip_21 min_temp_22,precip_22 min_temp_9,precip_22 avg_temp_10,min_temp_0 max_temp_2,min_temp_2 min_temp_12,min_temp_3 max_temp_12,min_temp_3 avg_temp_10,min_temp_4 avg_temp_14,min_temp_5 max_temp_4,min_temp_6 max_temp_18,min_temp_9 min_temp_15,min_temp_18 max_temp_2,min_temp_18 max_temp_9,min_temp_19 avg_temp_18,min_temp_21 avg_temp_5,max_temp_3 max_temp_8,max_temp_4 max_temp_16,max_temp_7 avg_temp_19,max_temp_8 max_temp_19,max_temp_9 avg_temp_21,max_temp_17 avg_temp_5,max_temp_19 avg_temp_20,avg_temp_3 avg_temp_22,avg_temp_5 avg_temp_18,avg_temp_7 avg_temp_19,avg_temp_12 avg_temp_23,avg_temp_18^2
0,38152.717391304264,275.4879655942561,-339.9447381627885,517.6986783606819,3447.635913992305,-436.0906717377468,-3510.231367639287,38.81102396625963,1217.6146929503761,-5507.579040278064,3877.8783801769637,-775.5549975606413,783.3870503998415,8721.796680124915,-4150.850325318389,-4107.301955500373,-9520.405463652105,1251.8648031417024,6655.547644549952,7820.28051334832,6788.404905089472,5972.082004044455,1167.9309285774152,-12490.936377100263,3975.1333547058766,16392.8567733614,2385.003354610003,-13980.62283708328,3976.4170437975654,-12542.282976685761,-76.72756219757147,4550.259519041822,10008.835474660747,-7817.570749496263,-2630.4002243138834,1120.9642745605724,-2091.1465143979813,10569.715216742028,3249.3120826463746
