,intercept,Agricultural Land Mass,precip_5^2,min_temp_4 max_temp_21,min_temp_4 avg_temp_3,min_temp_5 min_temp_17,min_temp_6 avg_temp_17,min_temp_7 max_temp_16,min_temp_8 min_temp_19,min_temp_8 avg_temp_9,min_temp_9 max_temp_12,min_temp_9 max_temp_19,min_temp_16 max_temp_3,min_temp_16 max_temp_4,min_temp_17 max_temp_6,min_temp_17 avg_temp_9,min_temp_18 min_temp_19,min_temp_18 max_temp_2,min_temp_19 avg_temp_7,min_temp_20 max_temp_17,min_temp_21 max_temp_15,min_temp_21 avg_temp_3,max_temp_7 avg_temp_18,max_temp_8 max_temp_19,max_temp_18 avg_temp_6
0,36037.521739130505,845.2397072376895,-5637.7732570280095,-5971.416755318176,3926.036271019325,22093.591657201556,-4656.468032184478,-5070.6000760502675,2341.947296445293,13433.31510363338,8792.898758331108,-11823.143739739846,-29699.74720469407,32786.76524643815,-8400.629404268844,5179.199921151158,21841.20127977923,-199.25954127831002,-9991.595468409178,-3213.7293174860692,1124.1435320729279,8168.718818266468,-5417.15260872128,-14220.94864004201,9080.352415601195
