,intercept,Agricultural Land Mass,Agricultural Land Mass^2
0,37675.36956522044,12293089.884151526,-12296914.1947014
