,intercept,Agricultural Land Mass,min_temp_4 min_temp_16,Agricultural Land Mass^2
0,39798.63043510026,10556413.614669938,21687.561490851855,-10555700.719964022
