,intercept,Agricultural Land Mass,precip_0 precip_12,precip_2 min_temp_16,precip_4 precip_23,precip_5 precip_16,precip_7 precip_9,precip_8 precip_9,precip_8 precip_18,precip_11 precip_13,precip_11 precip_16,precip_11 min_temp_3,precip_11 max_temp_13,precip_12 avg_temp_0,precip_13 precip_18,precip_15 precip_21,precip_15 precip_22,precip_15 min_temp_2,precip_15 min_temp_21,precip_15 max_temp_12,precip_15 avg_temp_23,precip_19 min_temp_1,precip_20 precip_22,precip_20 avg_temp_12,precip_21 min_temp_0,precip_22 min_temp_14,precip_22 avg_temp_12,precip_23 min_temp_13,precip_23 min_temp_14,precip_23 avg_temp_10,min_temp_2 min_temp_10,min_temp_4 min_temp_9,min_temp_5 min_temp_8,min_temp_5 min_temp_16,min_temp_5 avg_temp_17,min_temp_7^2,min_temp_7 max_temp_3,min_temp_8 min_temp_17,min_temp_10 min_temp_13,min_temp_10 min_temp_22,min_temp_12 max_temp_12,min_temp_14^2,min_temp_22^2,max_temp_19 avg_temp_7,avg_temp_0 avg_temp_11,Agricultural Land Mass^2
0,38583.97826086942,2139.0626532486604,-5692.69783963782,834.0577856684829,-2103.5683290441493,-3145.8192187957584,-4746.078240151972,-1280.489116281181,-879.3694114265105,-4612.001395179911,-2136.9270859632393,-1001.0329237176666,-206.62417939928164,-941.0888031339359,-1780.9880532176692,1488.5293726716554,396.25842177943525,4172.843368393424,1607.205115659766,1405.5456694094382,2629.641706090138,2920.4677632102876,-3805.161087179773,-765.4105783802064,-1256.1880259301622,8619.752859764701,3197.8247308984655,4074.4518533371593,-9792.059499020374,-1733.6554387393644,-1073.037751459122,546.6461804457145,10793.50083705943,3515.698893417614,17241.771903715216,-4589.339789208712,-179.03584849298278,2045.175378153475,860.665933914357,1316.1475480625238,-3725.200234482642,10229.486507419886,-852.975638198408,-220.31670962402518,4309.462997081815,6161.418164452568
