,intercept,precip_5^2,precip_5 max_temp_8,min_temp_4 min_temp_16,min_temp_4 max_temp_21,min_temp_5 min_temp_16,min_temp_5 min_temp_17,min_temp_5 max_temp_17,min_temp_6 avg_temp_18,min_temp_7 max_temp_16,min_temp_8 min_temp_16,min_temp_9 max_temp_12,min_temp_9 max_temp_19,min_temp_16 max_temp_3,min_temp_18 min_temp_19,min_temp_20 max_temp_17,min_temp_21 max_temp_15,max_temp_7 max_temp_16,max_temp_8 max_temp_19,max_temp_18 avg_temp_6,avg_temp_6 avg_temp_18,avg_temp_16 avg_temp_18,Agricultural Land Mass^2
0,40437.58695652173,-2256.3954712460236,-3602.072354577023,18141.17882696484,-2571.925942636564,3554.2295902573696,2537.2123757350537,11937.448229217709,5924.801798386482,-20257.031816012273,5517.287144597805,6234.221090241139,-2305.313048895112,-15467.268373285198,775.522418530957,-72.11817698164639,2361.359133210065,681.8727986163905,-3187.0032074852,5659.125541856196,22.570025114710802,15333.42251279064,-284.3348780280495
