,intercept,Agricultural Land Mass,precip_5^2,min_temp_4 min_temp_16,min_temp_4 max_temp_21,min_temp_5 min_temp_17,min_temp_5 max_temp_17,min_temp_6 max_temp_18,min_temp_7 max_temp_16,min_temp_8 min_temp_16,min_temp_8 min_temp_19,min_temp_8 avg_temp_9,min_temp_9 max_temp_12,min_temp_9 max_temp_19,min_temp_16 max_temp_3,min_temp_16 avg_temp_4,min_temp_18 min_temp_19,min_temp_18 max_temp_2,min_temp_20 avg_temp_21,min_temp_21 max_temp_15,max_temp_6 max_temp_16,max_temp_7 avg_temp_18,max_temp_8 max_temp_19,max_temp_18 avg_temp_6
0,38722.52173913049,2354.443389869731,-3152.430970151894,3765.199423758206,-4298.157082139164,2021.8018255504326,16098.815616039281,729.6585695568682,-17683.435662226264,4229.749288705312,892.2816078038021,11277.093901961864,7449.745750688182,-2672.9672768186406,-2998.1818866173303,9122.549056177935,7946.649926188925,-457.87858599817935,-1207.5199067430365,3506.3852340176627,-772.4872426949643,1755.049593587511,-11014.47378570508,4415.5127829885905
