,intercept,Agricultural Land Mass,min_temp_4 min_temp_16,min_temp_6 min_temp_16,min_temp_6 max_temp_16,min_temp_6 avg_temp_16,min_temp_8 min_temp_19,min_temp_16 max_temp_4,min_temp_17 max_temp_6,min_temp_17 avg_temp_9,max_temp_4 avg_temp_16,avg_temp_4 avg_temp_16,Agricultural Land Mass^2
0,39675.130434719606,2996360.320259952,780064.8290428297,1279260.125586854,1061787.699456146,-2173033.5986114484,6256.33894790313,-1118289.2948017747,7179.7688160450625,4608.903776954091,1767470.6813705692,-1553457.4701123908,-2993724.820838706
