,intercept,Agricultural Land Mass,min_temp_4 min_temp_16,min_temp_6 min_temp_16,min_temp_6 max_temp_16,min_temp_6 avg_temp_16,min_temp_8 min_temp_19,min_temp_16 max_temp_4,min_temp_17 max_temp_6,min_temp_17 avg_temp_9,max_temp_4 avg_temp_16,avg_temp_4 avg_temp_16,Agricultural Land Mass^2
0,37552.65217379511,2521486.074010282,645044.4814538484,706375.1354707428,429096.9790025415,-1014069.18413001,9379.47352293275,-937265.5528449875,7409.409241553071,998.3262605240943,1491755.7311193377,-1283105.844038166,-2520736.453726739
