,intercept,Agricultural Land Mass,Agricultural Land Mass^2
0,40825.456522406195,13007575.408647824,-13015886.734963562
