,intercept,Agricultural Land Mass,min_temp_4 min_temp_16,min_temp_6 min_temp_16,min_temp_6 max_temp_16,min_temp_6 avg_temp_16,min_temp_8 min_temp_19,min_temp_16 max_temp_4,min_temp_17 max_temp_6,min_temp_17 avg_temp_9,max_temp_4 avg_temp_16,avg_temp_4 avg_temp_16,Agricultural Land Mass^2
0,37741.67391304531,73083.94730549533,196502.6723783921,98756.25038274963,68512.2715895048,-149565.5580650905,4636.79143175632,-180022.01987241395,7211.452659361391,10162.721982878944,337413.3801002685,-359135.30704774073,-72252.24703963446
