,intercept,Agricultural Land Mass,min_temp_4 min_temp_16,min_temp_6 min_temp_16,min_temp_6 max_temp_16,min_temp_6 avg_temp_16,min_temp_8 min_temp_19,min_temp_16 max_temp_4,min_temp_17 max_temp_6,min_temp_17 avg_temp_9,max_temp_4 avg_temp_16,avg_temp_4 avg_temp_16,Agricultural Land Mass^2
0,37357.52173933423,3598772.090097376,475085.9740603228,1015424.174651907,1085573.1844505712,-2008631.439270909,4537.430548511149,-597711.5368709032,7174.0052124410595,6653.109651934851,1039210.1555889794,-962188.8444069226,-3597341.4317048164
