,intercept,Agricultural Land Mass,min_temp_4 min_temp_16,Agricultural Land Mass^2
0,38759.54347876446,9755536.992688416,17971.858051092582,-9753895.049987296
