,intercept,Agricultural Land Mass,min_temp_4 min_temp_16,min_temp_6 min_temp_16,min_temp_6 max_temp_16,min_temp_6 avg_temp_16,min_temp_8 min_temp_19,min_temp_16 max_temp_4,min_temp_17 max_temp_6,min_temp_17 avg_temp_9,max_temp_4 avg_temp_16,avg_temp_4 avg_temp_16,Agricultural Land Mass^2
0,38253.02173915952,2683782.9335728744,782746.9498522567,1268005.272078804,1119658.549439023,-2229194.627903503,5628.90480521895,-1096761.2738295028,7824.366850603257,4162.92877392131,1802091.7613641936,-1587896.1584530824,-2680591.341387875
