,intercept,Agricultural Land Mass,min_temp_4 min_temp_16,min_temp_6 min_temp_16,min_temp_6 max_temp_16,min_temp_6 avg_temp_16,min_temp_8 min_temp_19,min_temp_16 max_temp_4,min_temp_17 max_temp_6,min_temp_17 avg_temp_9,max_temp_4 avg_temp_16,avg_temp_4 avg_temp_16,Agricultural Land Mass^2
0,37515.6521739954,5185901.134030762,355669.3453764021,990556.7538888348,988908.8560946791,-1878943.4517661126,4134.141273046734,-562576.7721434281,7025.171815535649,4693.915540895886,832739.0535170098,-682724.490359719,-5185430.308950777
