,intercept,Agricultural Land Mass,precip_5^2,min_temp_4 min_temp_16,min_temp_5 min_temp_16,min_temp_5 min_temp_17,min_temp_5 max_temp_17,min_temp_6 max_temp_18,min_temp_7 max_temp_16,min_temp_8 min_temp_16,min_temp_8 avg_temp_9,min_temp_9 max_temp_12,min_temp_9 max_temp_19,min_temp_16 max_temp_3,min_temp_18 min_temp_19,min_temp_19 avg_temp_7,min_temp_21 max_temp_15,max_temp_4 avg_temp_16,max_temp_8 max_temp_19
0,40344.82608695662,1566.8224519824355,-4975.049637182188,6370.257677379064,4214.247300821956,7662.086301631662,8588.259406034094,5828.80636532608,-18856.944553415095,10731.345595428906,9401.714772177691,5746.184438028455,-4683.2238048702475,-11064.430976570573,9293.86529928685,-412.72870019712445,3218.7021806095822,8174.552700207326,-9765.039524426908
