,intercept,Agricultural Land Mass,min_temp_4 min_temp_16,min_temp_6 min_temp_16,min_temp_6 max_temp_16,min_temp_6 avg_temp_16,min_temp_8 min_temp_19,min_temp_16 max_temp_4,min_temp_17 max_temp_6,min_temp_17 avg_temp_9,max_temp_4 avg_temp_16,avg_temp_4 avg_temp_16,Agricultural Land Mass^2
0,36982.73913039887,1798503.8236516153,677859.4798916518,675463.948340101,490686.3895283641,-1059561.9731367342,10037.857142162895,-867078.010882505,8498.15550611649,3005.7588174234306,1483723.9322373136,-1360629.668508577,-1796129.0583213014
