,intercept,precip_5 max_temp_8,min_temp_4 min_temp_16,min_temp_5 min_temp_16,min_temp_5 min_temp_17,min_temp_5 max_temp_17,min_temp_6 max_temp_18,min_temp_7 max_temp_16,min_temp_8 min_temp_16,min_temp_9 max_temp_12,min_temp_9 max_temp_19,min_temp_16 max_temp_3,min_temp_18 max_temp_2,min_temp_19 avg_temp_7,min_temp_20 avg_temp_21,min_temp_21 avg_temp_3,max_temp_7 avg_temp_18,max_temp_8 max_temp_19,max_temp_8 avg_temp_19,avg_temp_16 avg_temp_18
0,36355.826086956564,-2291.183366189182,9871.016307565958,7051.249770332839,2863.956257875918,9462.259668611012,7191.254153033107,-8884.527795267924,14021.882690034588,3289.9120259544243,-365.5342813878614,-15281.938384685282,-380.8796116603648,-6144.914324140216,4896.257527977854,907.1937717262464,104.52565655899019,-1152.038394861128,-3015.671742441274,5077.885191288473
