,intercept,min_temp_4 min_temp_16,min_temp_8 min_temp_19,min_temp_16 max_temp_4,min_temp_17 max_temp_6,min_temp_17 avg_temp_9,max_temp_4 avg_temp_16
0,37458.19565217397,20918.894240423295,9634.102164062566,-3740.2604312775284,6395.802525398335,8179.549792347224,-9981.600902457283
