,intercept,min_temp_7,precip_3 precip_10,precip_4 precip_20,precip_5 max_temp_4,precip_5 max_temp_8,precip_5 max_temp_22,precip_7 precip_19,precip_9 min_temp_10,precip_10 max_temp_13,precip_16 min_temp_0,precip_21 min_temp_13,precip_21 min_temp_22,precip_22 min_temp_2,precip_22 avg_temp_10,min_temp_3 max_temp_12,min_temp_4 min_temp_16,min_temp_4 max_temp_21,min_temp_5 min_temp_15,min_temp_5 min_temp_17,min_temp_5 avg_temp_17,min_temp_6 min_temp_18,min_temp_6 max_temp_17,min_temp_6 avg_temp_21,min_temp_8 max_temp_21,min_temp_9 min_temp_17,min_temp_9 max_temp_12,min_temp_18 max_temp_2,max_temp_3 max_temp_8,max_temp_5 max_temp_15,max_temp_7 avg_temp_18,max_temp_7 avg_temp_19,max_temp_8 max_temp_19,max_temp_8 avg_temp_18,max_temp_8 avg_temp_19,max_temp_16 max_temp_21,avg_temp_3 avg_temp_22,avg_temp_7 avg_temp_20,avg_temp_12 avg_temp_23
0,38340.52173913045,-266.96755275689685,8240.78902831425,236.09429696689972,-382.1127237329623,-1519.7490354461124,-3670.642394149468,-5417.755429192006,-3105.4952079889363,-11392.278410959705,1934.6667164514445,3212.1932812048153,-2210.395460112119,-412.0937436785639,-614.2565924651873,1218.8177723748695,14970.504399242926,528.8063475146346,5675.988084640005,11783.575483958373,830.6695215701785,8372.076008892212,6204.894258021204,291.45858372271084,16085.307811377434,5575.905634456383,1780.154541582828,-1133.758084733643,-3410.279565642029,-13941.278385051717,-2012.5398506345416,-7744.738742965274,-791.3591846844992,-4424.021708963468,-4438.386525553788,500.7129891655995,-89.07810408253206,-1180.070302665016,2463.862419237019
