,intercept,Agricultural Land Mass,min_temp_4 min_temp_16,min_temp_6 min_temp_16,min_temp_6 max_temp_16,min_temp_6 avg_temp_16,min_temp_8 min_temp_19,min_temp_16 max_temp_4,min_temp_17 max_temp_6,min_temp_17 avg_temp_9,max_temp_4 avg_temp_16,avg_temp_4 avg_temp_16,Agricultural Land Mass^2
0,39152.34782608492,58898.42227532898,83799.65786648275,178768.69887077683,12926.367163549234,-144754.00325100802,6430.54039447394,-237860.91380835808,11340.692751578816,4777.170285686135,221668.13308205473,-106227.86600595208,-59804.88775982742
