,intercept,Agricultural Land Mass,min_temp_4 min_temp_16,min_temp_6 min_temp_16,min_temp_6 max_temp_16,min_temp_6 avg_temp_16,min_temp_8 min_temp_19,min_temp_16 max_temp_4,min_temp_17 max_temp_6,min_temp_17 avg_temp_9,max_temp_4 avg_temp_16,avg_temp_4 avg_temp_16,Agricultural Land Mass^2
0,35237.23913053482,4553043.650039698,324434.33891482215,1412828.7387830291,1381680.143886751,-2636839.5266589127,-2361.412368765938,-689371.2420751703,5023.2884558261285,2675.457079799967,905097.7492861602,-639606.1574012795,-4553873.643670606
