,intercept,Agricultural Land Mass,precip_5 max_temp_8,min_temp_4 min_temp_16,min_temp_4 max_temp_21,min_temp_5 min_temp_16,min_temp_5 max_temp_17,min_temp_6 max_temp_18,min_temp_7 max_temp_16,min_temp_8 min_temp_16,min_temp_8 avg_temp_9,min_temp_9 min_temp_21,min_temp_9 max_temp_12,min_temp_16 max_temp_3,min_temp_16 avg_temp_4,min_temp_17 max_temp_6,min_temp_18 min_temp_19,min_temp_18 max_temp_2,min_temp_19 avg_temp_7,min_temp_20 max_temp_17,min_temp_21 avg_temp_3,max_temp_4 avg_temp_16,max_temp_8 max_temp_19,max_temp_18 avg_temp_6,avg_temp_16 avg_temp_18
0,35065.58695652201,3228.6669021427097,-3844.8022514540694,7316.788434211049,-4142.402165373484,3588.4076556391856,16094.386873448819,4827.005852021041,-22032.383485300557,5505.868337850199,11396.709611480435,-5642.211165635825,3031.986277795595,-21098.05899554805,18995.003682137165,-3603.17494887959,8655.972265379703,868.2973584573384,-1272.3689383379196,-807.5402288889453,8026.556360886488,3031.260752367541,-12616.718355862375,2929.440457784775,9754.990543611646
