,intercept,Agricultural Land Mass,min_temp_4 min_temp_16,min_temp_6 min_temp_16,min_temp_6 max_temp_16,min_temp_6 avg_temp_16,min_temp_8 min_temp_19,min_temp_16 max_temp_4,min_temp_17 max_temp_6,min_temp_17 avg_temp_9,max_temp_4 avg_temp_16,avg_temp_4 avg_temp_16,Agricultural Land Mass^2
0,33519.23913043594,38814.930309611365,227834.47803618913,112810.80734060629,-55848.0950048084,-43.21635705921116,5523.7001189255225,-342754.86111617397,6212.75832959773,1353.1604965001989,500735.8467173458,-425170.73309289204,-36976.059518708156
