,intercept,Agricultural Land Mass,precip_1 max_temp_13,precip_3 precip_10,precip_4 precip_20,precip_7 precip_19,precip_7 min_temp_2,precip_9 min_temp_2,precip_9 min_temp_10,precip_10 max_temp_13,precip_12 max_temp_23,precip_16 max_temp_20,precip_21 min_temp_13,precip_22 avg_temp_10,min_temp_3 avg_temp_8,min_temp_4 avg_temp_14,min_temp_5 min_temp_8,min_temp_5 min_temp_15,min_temp_5 avg_temp_16,min_temp_6^2,min_temp_6 min_temp_18,min_temp_9^2,min_temp_9 max_temp_12,min_temp_17 max_temp_2,min_temp_17 max_temp_5,min_temp_17 avg_temp_5,min_temp_17 avg_temp_16,max_temp_3 max_temp_8,max_temp_4 max_temp_16,max_temp_4 avg_temp_16,max_temp_5 max_temp_15,max_temp_6 avg_temp_20,max_temp_7 max_temp_17,max_temp_7 avg_temp_19,max_temp_8 max_temp_19,max_temp_16 max_temp_21,avg_temp_2 avg_temp_20,avg_temp_3 avg_temp_22,avg_temp_12 avg_temp_23
0,33035.56521739131,1595.6416105131707,467.91756851078486,1336.887668290667,887.356027147224,-567.7507460206417,321.98897714383855,656.6188801525462,-4625.013049972757,-1769.442804431354,60.19857008559026,-2880.0318485314237,-4490.500156857585,-811.3665096354381,4605.055048767256,4458.984752297281,188.06917344631617,9821.012495916393,944.245352190262,1576.5073703081891,9841.805886437674,5556.525922588873,2902.1951532942126,-355.7428107683871,3704.5066893020357,9704.002247902015,2062.551467546263,-7276.905851597543,2266.461123654386,4443.87820076759,-15981.280321237282,-4337.742945644116,-1836.327507928721,-8312.519743899576,-1302.904646983911,8101.42764684763,-1384.8832765535278,-5957.540247407009,5374.897124307559
