,intercept,Agricultural Land Mass,min_temp_4 min_temp_16,min_temp_6 min_temp_16,min_temp_6 max_temp_16,min_temp_6 avg_temp_16,min_temp_8 min_temp_19,min_temp_16 max_temp_4,min_temp_17 max_temp_6,min_temp_17 avg_temp_9,max_temp_4 avg_temp_16,avg_temp_4 avg_temp_16,Agricultural Land Mass^2
0,40532.89130421993,2870098.466846132,621716.1258787585,625707.0792745904,317711.03205446166,-832110.5788513129,10067.881918877418,-904903.1416400177,7505.954502571247,3366.5829085514106,1476755.6596522462,-1273446.9608509475,-2870481.772621217
