,intercept,Agricultural Land Mass,min_temp_4 min_temp_16,min_temp_6 min_temp_16,min_temp_6 max_temp_16,min_temp_6 avg_temp_16,min_temp_8 min_temp_19,min_temp_16 max_temp_4,min_temp_17 max_temp_6,min_temp_17 avg_temp_9,max_temp_4 avg_temp_16,avg_temp_4 avg_temp_16,Agricultural Land Mass^2
0,36594.95652177719,2389424.7347558704,866599.5409165086,1092959.7351325764,991763.2417777645,-1956342.9808809436,9503.04719274291,-1066070.0677680986,7330.495310578943,4566.946260805269,1916496.4356144415,-1795101.967531129,-2387920.5557789323
