,intercept,Agricultural Land Mass,min_temp_4 min_temp_16,min_temp_6 min_temp_16,min_temp_6 max_temp_16,min_temp_6 avg_temp_16,min_temp_8 min_temp_19,min_temp_16 max_temp_4,min_temp_17 max_temp_6,min_temp_17 avg_temp_9,max_temp_4 avg_temp_16,avg_temp_4 avg_temp_16,Agricultural Land Mass^2
0,37082.41304343226,1436996.3891545085,614388.1210521917,695254.2026201745,566899.7080439114,-1169177.0991085395,9587.18205289553,-744696.718266931,8201.582759774474,4343.881860047798,1300533.5498104342,-1221101.0357721774,-1437037.640519208
