,intercept,Agricultural Land Mass,min_temp_4 min_temp_16,min_temp_6 min_temp_16,min_temp_6 max_temp_16,min_temp_6 avg_temp_16,min_temp_8 min_temp_19,min_temp_16 max_temp_4,min_temp_17 max_temp_6,min_temp_17 avg_temp_9,max_temp_4 avg_temp_16,avg_temp_4 avg_temp_16,Agricultural Land Mass^2
0,34822.36956530006,2666441.358068461,127677.9885414846,468004.33191853925,603196.375397038,-1058189.4254919253,8611.091306851018,-114286.61328050894,4331.990943146466,9574.87027494356,257868.38283364513,-264897.5851642995,-2664875.473396171
