,intercept,Agricultural Land Mass,min_temp_4 min_temp_16,min_temp_6 min_temp_16,min_temp_6 max_temp_16,min_temp_6 avg_temp_16,min_temp_8 min_temp_19,min_temp_16 max_temp_4,min_temp_17 max_temp_6,min_temp_17 avg_temp_9,max_temp_4 avg_temp_16,avg_temp_4 avg_temp_16,Agricultural Land Mass^2
0,38276.043478264466,73339.28726467174,106862.939925236,112720.10609884944,54384.33922312496,-146960.8806959898,9019.493041414313,-155132.8825329278,8697.58815742917,9337.915498860473,235084.16221435164,-200618.2630094563,-71930.31030975092
