,intercept,Agricultural Land Mass,min_temp_4 min_temp_16,min_temp_8 min_temp_19,min_temp_16 max_temp_4,min_temp_17 max_temp_6,min_temp_17 avg_temp_9,max_temp_4 avg_temp_16
0,40113.76086956526,313.6046610255789,17226.317820980934,7069.55111728641,-1198.0833157020452,11568.458098892022,6380.561210016991,-7330.877707423888
