,intercept,Agricultural Land Mass,Agricultural Land Mass^2
0,35696.82608730027,12326341.080243578,-12331920.912557557
