,intercept,Agricultural Land Mass,Agricultural Land Mass^2
0,40039.847826047175,14142782.00749345,-14149374.737868292
