,intercept,Agricultural Land Mass,min_temp_4 min_temp_16,min_temp_6 min_temp_16,min_temp_6 max_temp_16,min_temp_6 avg_temp_16,min_temp_8 min_temp_19,min_temp_16 max_temp_4,min_temp_17 max_temp_6,min_temp_17 avg_temp_9,max_temp_4 avg_temp_16,avg_temp_4 avg_temp_16,Agricultural Land Mass^2
0,36927.30434791314,3471153.613827981,388812.98631393886,1284524.7991171111,1575707.2970884012,-2781924.8365796534,6527.318999505947,-433706.91138028476,9713.379901969252,5727.521078552717,804462.8313843616,-780655.0862435574,-3470773.005248754
