,intercept,Agricultural Land Mass,min_temp_4 min_temp_16,Agricultural Land Mass^2
0,37178.43478307372,9237834.349441685,18909.23021254788,-9238917.030934244
