,intercept,Agricultural Land Mass,min_temp_4 min_temp_16,min_temp_6 min_temp_16,min_temp_6 max_temp_16,min_temp_6 avg_temp_16,min_temp_8 min_temp_19,min_temp_16 max_temp_4,min_temp_17 max_temp_6,min_temp_17 avg_temp_9,max_temp_4 avg_temp_16,avg_temp_4 avg_temp_16,Agricultural Land Mass^2
0,39296.13043485932,2142253.16992663,780815.3431812631,1556209.6900381707,1365101.122762257,-2727956.742596666,5706.080624062928,-1175649.282402614,7691.0588045191635,3931.924631097097,1788330.6586632635,-1522085.6738819766,-2140682.4998835246
