,intercept,Agricultural Land Mass,min_temp_4 min_temp_16,min_temp_6 min_temp_16,min_temp_6 max_temp_16,min_temp_6 avg_temp_16,min_temp_8 min_temp_19,min_temp_16 max_temp_4,min_temp_17 max_temp_6,min_temp_17 avg_temp_9,max_temp_4 avg_temp_16,avg_temp_4 avg_temp_16,Agricultural Land Mass^2
0,38090.39130442597,3846834.8281308822,591157.7063148324,1173603.5998918817,1028684.7598220825,-2056075.6990554144,11105.661280465076,-910778.6977975114,10721.167080179823,2310.1973193437393,1373223.965216481,-1155225.5404411347,-3846657.9352440783
