,intercept,Agricultural Land Mass,min_temp_4 min_temp_16,Agricultural Land Mass^2
0,39957.93478255443,9310390.825851312,19136.397929022598,-9313782.313605266
