,intercept,Agricultural Land Mass,min_temp_4 min_temp_16,min_temp_6 min_temp_16,min_temp_6 max_temp_16,min_temp_6 avg_temp_16,min_temp_8 min_temp_19,min_temp_16 max_temp_4,min_temp_17 max_temp_6,min_temp_17 avg_temp_9,max_temp_4 avg_temp_16,avg_temp_4 avg_temp_16,Agricultural Land Mass^2
0,38128.41304354505,1580672.1886618272,535771.4556069394,1296422.6023249258,1374436.6869666488,-2554787.1893916205,8354.641555074015,-729664.3289421005,10148.135701937736,5805.86489031771,1219166.0790465137,-1086372.4737286381,-1579617.7335894704
