,intercept,Agricultural Land Mass,min_temp_4 min_temp_16,min_temp_6 min_temp_16,min_temp_6 max_temp_16,min_temp_6 avg_temp_16,min_temp_8 min_temp_19,min_temp_16 max_temp_4,min_temp_17 max_temp_6,min_temp_17 avg_temp_9,max_temp_4 avg_temp_16,avg_temp_4 avg_temp_16,Agricultural Land Mass^2
0,37390.26086968951,5017931.893710171,389271.2941206104,1053342.439597421,1234715.2894409434,-2215191.534138591,3962.961518808636,-466253.5043263103,7842.613471081157,7358.931441178523,840044.5764052076,-788348.3671757376,-5017363.492420102
