,intercept,Agricultural Land Mass,Agricultural Land Mass^2
0,37702.54347902388,13672515.205783492,-13677697.78125055
