,intercept,Agricultural Land Mass,precip_0 min_temp_10,precip_4 precip_23,precip_5 precip_7,precip_5 precip_10,precip_5 precip_13,precip_5 precip_16,precip_7 max_temp_1,precip_8 precip_18,precip_8 max_temp_13,precip_9 avg_temp_0,precip_11 max_temp_13,precip_11 avg_temp_12,precip_12 min_temp_0,precip_12 min_temp_22,precip_14 precip_19,precip_15 min_temp_0,precip_15 min_temp_2,precip_15 min_temp_14,precip_15 min_temp_15,precip_15 max_temp_23,precip_16 precip_19,precip_20 min_temp_14,precip_22 avg_temp_12,precip_23 min_temp_3,precip_23 min_temp_13,precip_23 min_temp_14,min_temp_2 min_temp_10,min_temp_4 min_temp_8,min_temp_4 min_temp_16,min_temp_4 max_temp_11,min_temp_4 avg_temp_9,min_temp_5 avg_temp_17,min_temp_7 max_temp_3,min_temp_8 min_temp_17,min_temp_8 max_temp_9,min_temp_9 min_temp_14,min_temp_14^2,min_temp_14 avg_temp_23,min_temp_16 min_temp_20,min_temp_16 max_temp_11,max_temp_0 avg_temp_11,max_temp_17 max_temp_18,avg_temp_0 avg_temp_11,Agricultural Land Mass^2
0,37765.36956521732,3154.5732138946832,-1422.4760466148284,-1454.2540972412112,-2367.074579866286,-561.4174847163022,-1455.1280206490248,-132.64788239077967,-442.1746832146626,-3277.934066375052,-2252.127081774992,-4301.970221967099,-2867.7061839081134,-6572.894160926915,-514.5594043673785,-8.484001066631086,-1351.3181274657554,-1851.2493589304001,6265.837875110697,5324.1460215965835,574.8743059477936,323.8055774035243,-4028.2833641549946,-9997.020650235061,5074.838459327635,-34.86077191361848,7198.4090596332,-5415.96999765592,-2007.6194199935246,631.0410553247026,7899.625561352375,396.46209355934116,5309.515504593655,15544.672328138979,-5019.669054443767,3913.9391259111744,3.6440171678616196,3477.0848474638606,2098.2049784869305,12501.661877438006,537.8473432127336,239.65345637818223,4979.818370834682,2132.493410223472,3934.0853659844306,2526.5584267164136
