,intercept,min_temp_16,precip_5^2,precip_5 max_temp_6,min_temp_4 min_temp_16,min_temp_4 min_temp_17,min_temp_4 max_temp_21,min_temp_4 avg_temp_3,min_temp_4 avg_temp_17,min_temp_4 avg_temp_21,min_temp_5 min_temp_17,min_temp_6 min_temp_8,min_temp_6 min_temp_17,min_temp_6 max_temp_16,min_temp_6 max_temp_18,min_temp_6 max_temp_19,min_temp_6 avg_temp_6,min_temp_6 avg_temp_17,min_temp_6 avg_temp_18,min_temp_7 max_temp_16,min_temp_8 min_temp_16,min_temp_8 min_temp_19,min_temp_8 max_temp_19,min_temp_8 avg_temp_9,min_temp_9 min_temp_21,min_temp_9 max_temp_12,min_temp_9 max_temp_18,min_temp_9 max_temp_19,min_temp_9 avg_temp_19,min_temp_16^2,min_temp_16 min_temp_17,min_temp_16 min_temp_18,min_temp_16 max_temp_3,min_temp_16 max_temp_4,min_temp_16 max_temp_5,min_temp_16 max_temp_20,min_temp_16 max_temp_21,min_temp_16 avg_temp_4,min_temp_16 avg_temp_5,min_temp_16 avg_temp_6,min_temp_16 avg_temp_7,min_temp_16 Agricultural Land Mass,min_temp_17 max_temp_6,min_temp_17 avg_temp_6,min_temp_17 avg_temp_9,min_temp_18 min_temp_19,min_temp_18 max_temp_2,min_temp_18 max_temp_6,min_temp_19 avg_temp_7,min_temp_20 max_temp_17,min_temp_20 avg_temp_16,min_temp_20 avg_temp_21,min_temp_21 max_temp_15,min_temp_21 avg_temp_3,max_temp_7 avg_temp_18,max_temp_8 avg_temp_19,max_temp_17 avg_temp_5,max_temp_18 avg_temp_6,avg_temp_9 avg_temp_21,Agricultural Land Mass^2
0,37469.717391304475,-58492.08088107864,-23361.667881440288,21176.45236993831,121125.62820917864,5439.517887734608,-320437.39803765726,129095.48504469801,58651.62752700382,108418.17145681662,39377.11812926392,137431.27603726188,-92779.56581696637,13285.1113929267,2083.5370516403173,51797.55449056941,5808.973740571657,-73483.35855660157,1723.5593625329307,9280.029350557941,181592.2674106029,-28744.47564235914,-133143.90671742152,-86945.72081247259,-33790.2015519871,9123.663125837875,19006.15091839142,-35951.74008829308,23101.776676265683,-157619.06357300445,85092.52574127316,-4249.211468455618,-152174.17256834003,85598.00336265466,19218.42036382631,78859.78220579421,236606.0887192999,-91528.244341415,-47414.029173131596,-95077.12617947944,-25261.6557635959,-23945.689878035177,-25481.281159331633,-527.9723085742036,102731.72800203755,40212.17975146804,-5416.148809538766,-10242.420774738199,-2635.4252174372523,48460.28020536721,-92499.14846169841,-16704.01012474289,-24180.329850386806,15683.367464455912,-6375.895372183783,-11888.469914152754,5434.049667208393,16705.34803772066,16447.25474867126,2562.5599335309503
