,intercept,Agricultural Land Mass,Agricultural Land Mass^2
0,40689.2826083616,14491383.895595057,-14494434.414181925
