,intercept,Agricultural Land Mass,min_temp_4 min_temp_16,min_temp_6 min_temp_16,min_temp_6 max_temp_16,min_temp_6 avg_temp_16,min_temp_8 min_temp_19,min_temp_16 max_temp_4,min_temp_17 max_temp_6,min_temp_17 avg_temp_9,max_temp_4 avg_temp_16,avg_temp_4 avg_temp_16,Agricultural Land Mass^2
0,37363.86956528193,3783797.307080853,193756.9871973572,797527.4482187463,907392.1909285813,-1640540.9745935574,2720.247712995178,-298767.88663892186,8569.686755410194,7762.099060443237,436919.6599908441,-357944.47646869696,-3783368.837121009
