,intercept,Agricultural Land Mass,precip_5^2,precip_5 max_temp_6,min_temp_4 min_temp_16,min_temp_4 max_temp_21,min_temp_5 min_temp_17,min_temp_5 max_temp_17,min_temp_6 max_temp_19,min_temp_6 avg_temp_18,min_temp_7 max_temp_16,min_temp_8 avg_temp_5,min_temp_8 avg_temp_9,min_temp_9 max_temp_12,min_temp_9 max_temp_19,min_temp_16 max_temp_3,min_temp_16 avg_temp_4,min_temp_17 max_temp_7,min_temp_18 min_temp_19,min_temp_20 avg_temp_21,min_temp_21 max_temp_15,max_temp_8 max_temp_19,avg_temp_4 avg_temp_17,avg_temp_6 avg_temp_18
0,36714.80434782611,1418.0593604596968,-1205.6858466231656,-1636.2715856564694,7766.7815303018215,-8207.656281916272,6883.855685640635,11098.319024779728,-3250.4707005827804,4027.345448060383,-11960.964017748556,3618.3887703100586,6932.029843311634,4270.966137286089,-2743.2841111381044,-8740.497474441701,11847.838786707925,-1826.8044540616547,9662.527333672986,-1576.055808779768,5769.6401709425945,-10650.197055685117,2243.2567168026458,4845.1554265305795
