,intercept,Agricultural Land Mass,precip_5 max_temp_8,min_temp_4 min_temp_16,min_temp_4 max_temp_21,min_temp_5 min_temp_16,min_temp_5 min_temp_17,min_temp_5 max_temp_17,min_temp_6 max_temp_18,min_temp_6 max_temp_19,min_temp_7 max_temp_16,min_temp_8 min_temp_16,min_temp_8 avg_temp_5,min_temp_8 avg_temp_9,min_temp_9 max_temp_12,min_temp_9 max_temp_19,min_temp_16 max_temp_3,min_temp_16 avg_temp_4,min_temp_17 max_temp_6,min_temp_17 max_temp_7,min_temp_17 avg_temp_9,min_temp_18 min_temp_19,min_temp_18 max_temp_2,min_temp_19 avg_temp_7,min_temp_21 max_temp_15,max_temp_8 max_temp_19
0,38898.8260869566,583.7517507711929,-5336.199903652806,16206.379992447031,-2385.2262881817946,2017.5734217429635,15713.231658697678,71.29832270285704,12260.935683072663,-5420.377450541755,-12703.305176372893,12678.162359630995,4872.853796164221,1036.0826825605059,4656.505832305503,-454.3469709943304,-12144.015499076504,1074.7024831563785,-2460.3912420490415,-1652.4731627017104,507.59744235849865,11659.152750952291,390.4891286759628,-6031.076514809931,1620.6008066653076,-7919.93920145082
