,intercept,Agricultural Land Mass,min_temp_4 min_temp_16,min_temp_6 min_temp_16,min_temp_6 max_temp_16,min_temp_6 avg_temp_16,min_temp_8 min_temp_19,min_temp_16 max_temp_4,min_temp_17 max_temp_6,min_temp_17 avg_temp_9,max_temp_4 avg_temp_16,avg_temp_4 avg_temp_16,Agricultural Land Mass^2
0,35502.58695652253,13815.266895633578,233026.61477418986,64407.16477198883,-41139.45075582243,15205.536354437207,3665.1669202973953,-271934.5092002095,6118.640857836685,2184.789159169358,452575.23525925475,-434362.40307762305,-12257.576802942014
