,intercept,Agricultural Land Mass,min_temp_4 min_temp_16,min_temp_6 min_temp_16,min_temp_6 max_temp_16,min_temp_6 avg_temp_16,min_temp_8 min_temp_19,min_temp_16 max_temp_4,min_temp_17 max_temp_6,min_temp_17 avg_temp_9,max_temp_4 avg_temp_16,avg_temp_4 avg_temp_16,Agricultural Land Mass^2
0,39759.69565207497,2406613.8013059683,740325.0135155565,1328399.0727748352,1362911.8185992616,-2560039.948659524,7338.699892030394,-921822.1617852827,8699.620595551032,3368.7043666931863,1598723.8054382014,-1487420.5421089218,-2403758.7005944257
