,intercept,min_temp_16,precip_5^2,precip_5 max_temp_6,min_temp_4 min_temp_16,min_temp_4 max_temp_21,min_temp_4 avg_temp_3,min_temp_4 avg_temp_17,min_temp_4 avg_temp_21,min_temp_5 min_temp_16,min_temp_5 min_temp_17,min_temp_5 max_temp_17,min_temp_6 min_temp_8,min_temp_6 min_temp_16,min_temp_6 min_temp_17,min_temp_6 min_temp_18,min_temp_6 max_temp_19,min_temp_7 min_temp_16,min_temp_7 max_temp_16,min_temp_8 min_temp_16,min_temp_8 max_temp_19,min_temp_8 avg_temp_9,min_temp_9 min_temp_21,min_temp_9 max_temp_12,min_temp_9 max_temp_18,min_temp_16 min_temp_17,min_temp_16 max_temp_3,min_temp_16 max_temp_4,min_temp_16 max_temp_20,min_temp_16 max_temp_21,min_temp_16 avg_temp_5,min_temp_16 avg_temp_6,min_temp_16 avg_temp_7,min_temp_16 avg_temp_19,min_temp_16 Agricultural Land Mass,min_temp_17 avg_temp_6,min_temp_17 avg_temp_9,min_temp_18 min_temp_19,min_temp_18 max_temp_2,min_temp_18 max_temp_6,min_temp_19 avg_temp_8,min_temp_20 avg_temp_16,min_temp_20 avg_temp_21,min_temp_21 max_temp_15,min_temp_21 avg_temp_3,max_temp_4 avg_temp_16,max_temp_7 max_temp_16,max_temp_8 avg_temp_19,max_temp_17 avg_temp_5,max_temp_18 avg_temp_6,avg_temp_9 avg_temp_21,Agricultural Land Mass^2
0,38711.08695652248,-66482.48960933523,-54214.56860024389,42831.99216148731,16399.255640510994,-234706.3273520374,144579.2243893355,5291.421381318319,109991.73790101676,54409.309727010346,50520.65042707387,9289.164636250429,71701.13038211128,62904.630943292614,-80068.34989041903,-16723.75899128009,15770.274679028893,-14504.204552272116,14393.139814736047,57139.52114508115,-33560.48144701672,-48620.75490162247,-37637.24180439468,14229.509901352136,10714.193185339667,27114.90060490217,-164597.61309885248,35715.69759713864,53463.0779295641,182262.95869712468,-52466.581169684505,-15442.524179202297,-62951.3785102762,-84021.7619207643,-14923.925776098522,-14353.271891081571,100484.48464970675,73203.22969320895,-5819.340419015375,-29067.82841776494,-44039.812481825,-17632.260013468876,-12302.043988455765,3665.5725852335377,2588.959387043758,15759.346958942053,4358.621482277335,-3302.579326929735,-30564.09507446793,20531.66512235769,-36140.659333146796,1123.7109823538744
