,intercept,Agricultural Land Mass,Agricultural Land Mass^2
0,36974.934782987446,12636364.732448703,-12640775.152254121
