,intercept,Agricultural Land Mass,min_temp_4 min_temp_16,min_temp_6 min_temp_16,min_temp_6 max_temp_16,min_temp_6 avg_temp_16,min_temp_8 min_temp_19,min_temp_16 max_temp_4,min_temp_17 max_temp_6,min_temp_17 avg_temp_9,max_temp_4 avg_temp_16,avg_temp_4 avg_temp_16,Agricultural Land Mass^2
0,38469.76086950876,1773089.5782084744,622705.3741704192,658367.6763875156,515241.9707206035,-1076804.8021695833,10745.829443982657,-764910.9096798266,6797.078657341978,5022.473924047385,1298315.6002856826,-1216691.5487262756,-1771425.224366071
