,intercept,Agricultural Land Mass,min_temp_4 min_temp_16,min_temp_6 min_temp_16,min_temp_6 max_temp_16,min_temp_6 avg_temp_16,min_temp_8 min_temp_19,min_temp_16 max_temp_4,min_temp_17 max_temp_6,min_temp_17 avg_temp_9,max_temp_4 avg_temp_16,avg_temp_4 avg_temp_16,Agricultural Land Mass^2
0,40212.717391336664,4225733.203938675,638904.0778006939,1262227.378863767,1074800.4466545288,-2172335.4984906,6605.3234593827765,-1029111.1879432296,7315.524651830156,4444.413627289596,1561093.3266402737,-1281528.0177516218,-4223107.083348067
