,intercept,Agricultural Land Mass,min_temp_4 min_temp_16,min_temp_5 min_temp_17,min_temp_6 max_temp_19,min_temp_6 avg_temp_17,min_temp_7 max_temp_16,min_temp_8 min_temp_19,min_temp_8 avg_temp_5,min_temp_8 avg_temp_9,min_temp_9 max_temp_12,min_temp_16 max_temp_3,min_temp_17 max_temp_7,min_temp_18 min_temp_19,min_temp_18 max_temp_2,min_temp_19 avg_temp_7,min_temp_20 max_temp_17,min_temp_20 avg_temp_21,min_temp_21 max_temp_15,min_temp_21 avg_temp_3,max_temp_6 max_temp_16,max_temp_8 max_temp_19,max_temp_17 avg_temp_5,avg_temp_4 avg_temp_17,avg_temp_16 avg_temp_18
0,31442.86956521737,1027.756220682779,11505.893668113416,16593.011886816403,-1821.1919096400243,-2596.5654534955006,-2848.170406181178,3235.934168070889,641.1956657414452,8172.506325738871,2715.328483334194,-20946.37401707968,-909.5467052406692,269.3676033050935,1113.2623564427365,-2067.8535806552695,-2591.3924704127685,2683.638056741873,-4335.227506299768,8510.300120804757,3486.1153483894223,-6506.129276974284,-6667.799942534018,-1867.7631985496143,14294.39691845839
