,intercept,Agricultural Land Mass,min_temp_4 min_temp_16,Agricultural Land Mass^2
0,36710.152174321054,9372070.952435866,17687.11096544887,-9371935.829778222
