,intercept,Agricultural Land Mass,min_temp_4 min_temp_16,min_temp_6 min_temp_16,min_temp_6 max_temp_16,min_temp_6 avg_temp_16,min_temp_8 min_temp_19,min_temp_16 max_temp_4,min_temp_17 max_temp_6,min_temp_17 avg_temp_9,max_temp_4 avg_temp_16,avg_temp_4 avg_temp_16,Agricultural Land Mass^2
0,36789.10869564491,3063170.8400557344,552966.510220965,819572.6463399831,633302.5570384129,-1332360.8025396392,7806.550820073158,-788351.7693825017,6655.971692030124,2854.89649858089,1239325.6882899334,-1075497.2371096516,-3062570.0154634626
