,intercept,Agricultural Land Mass,min_temp_4 min_temp_16,Agricultural Land Mass^2
0,40225.15217415114,11650207.94553002,16228.62136049139,-11649469.252836823
