,intercept,Agricultural Land Mass,min_temp_4 min_temp_16,min_temp_6 min_temp_16,min_temp_6 max_temp_16,min_temp_6 avg_temp_16,min_temp_8 min_temp_19,min_temp_16 max_temp_4,min_temp_17 max_temp_6,min_temp_17 avg_temp_9,max_temp_4 avg_temp_16,avg_temp_4 avg_temp_16,Agricultural Land Mass^2
0,37706.239130437825,70079.5870532284,114490.29199272208,137884.09022694884,38888.49562435716,-143317.48740813538,3887.8432647910477,-200482.41054717937,8677.743883240393,6727.66532609866,250533.31190127236,-186614.89586183152,-69619.12117198159
