,intercept,Agricultural Land Mass,min_temp_4 min_temp_16,min_temp_6 min_temp_16,min_temp_6 max_temp_16,min_temp_6 avg_temp_16,min_temp_8 min_temp_19,min_temp_16 max_temp_4,min_temp_17 max_temp_6,min_temp_17 avg_temp_9,max_temp_4 avg_temp_16,avg_temp_4 avg_temp_16,Agricultural Land Mass^2
0,34133.82608701653,1265211.7309770253,850105.9047988532,1051359.2209875009,818510.6650750538,-1704755.612061971,747.3692705729487,-1159495.0216725976,5291.414860406286,4044.1844518965304,1934554.9295053498,-1733964.9563914265,-1263159.7894350232
