,intercept,Agricultural Land Mass,precip_5^2,min_temp_4 min_temp_16,min_temp_4 max_temp_21,min_temp_5 min_temp_16,min_temp_5 min_temp_17,min_temp_5 max_temp_17,min_temp_6 max_temp_18,min_temp_6 avg_temp_18,min_temp_7 max_temp_16,min_temp_8 min_temp_16,min_temp_8 avg_temp_9,min_temp_9 max_temp_12,min_temp_9 max_temp_19,min_temp_16 max_temp_3,min_temp_16 avg_temp_4,min_temp_17 max_temp_6,min_temp_17 avg_temp_9,min_temp_18 min_temp_19,min_temp_18 max_temp_2,min_temp_19 avg_temp_7,min_temp_21 avg_temp_3,max_temp_8 max_temp_19
0,39489.826086956724,1451.5529104533186,-3411.2471987822537,15470.331266032928,-10625.071041869567,47.31447037178298,5149.256915153725,15059.691167925195,7901.656588042379,1572.3725496094999,-11336.533763303853,1182.176611955231,2758.17080400127,5113.763115328255,-4439.80005084862,-20232.846134676394,22024.896258793087,-3974.365524801532,3745.580825117743,12442.231610709818,-278.83232572029567,-12148.537157555938,3813.6710361702094,-241.02750433597822
