,intercept,Agricultural Land Mass,precip_5 max_temp_8,min_temp_4 min_temp_16,min_temp_5 min_temp_16,min_temp_5 min_temp_17,min_temp_5 max_temp_17,min_temp_6 min_temp_8,min_temp_6 min_temp_18,min_temp_6 max_temp_19,min_temp_7 max_temp_16,min_temp_8 min_temp_16,min_temp_9 max_temp_12,min_temp_16 max_temp_3,min_temp_18 max_temp_2,min_temp_19 avg_temp_7,min_temp_20 avg_temp_16,min_temp_20 avg_temp_21,max_temp_8 max_temp_19,max_temp_8 avg_temp_19
0,35885.89130434796,1282.103787769222,-3574.1356487563853,17654.15611107175,8698.339479889166,4451.391494606709,2564.4891327497817,5418.469052546384,10695.978714154358,1764.3395223592454,-14966.27250348662,8372.852073072941,1634.2674527004892,-16548.494320513895,195.62776616021807,-5548.784005198385,4983.384081846692,4551.198175737896,-6466.732083305031,-67.09918518737827
