,intercept,Agricultural Land Mass,precip_1 precip_23,precip_2 min_temp_4,precip_2 min_temp_9,precip_2 min_temp_16,precip_4 precip_11,precip_5 precip_11,precip_5 precip_17,precip_5 precip_22,precip_7 precip_14,precip_7 precip_17,precip_7 max_temp_1,precip_8 precip_18,precip_9 avg_temp_0,precip_10 precip_21,precip_10 precip_23,precip_11 min_temp_10,precip_11 min_temp_22,precip_13 precip_16,precip_13 precip_18,precip_15 min_temp_21,precip_15 avg_temp_23,precip_17 min_temp_14,precip_19 precip_22,precip_19 min_temp_15,precip_19 max_temp_1,precip_21 min_temp_14,precip_23 min_temp_13,precip_23 min_temp_23,precip_23 max_temp_1,precip_23 max_temp_2,precip_23 avg_temp_14,min_temp_1 max_temp_1,min_temp_2 min_temp_10,min_temp_4 min_temp_16,min_temp_4 min_temp_17,min_temp_4 min_temp_20,min_temp_4 max_temp_16,min_temp_4 max_temp_20,min_temp_5 min_temp_6,min_temp_5 min_temp_16,min_temp_5 min_temp_17,min_temp_5 max_temp_16,min_temp_5 max_temp_17,min_temp_5 avg_temp_17,min_temp_6 max_temp_17,min_temp_6 max_temp_20,min_temp_19 max_temp_10,min_temp_19 max_temp_15,min_temp_21 max_temp_0,min_temp_22^2,min_temp_23 avg_temp_23,max_temp_0 avg_temp_11,max_temp_3 max_temp_15,max_temp_8 max_temp_15,max_temp_10 max_temp_15,avg_temp_0^2,avg_temp_0 avg_temp_11,Agricultural Land Mass^2
0,34725.065217391384,77.64195058247174,-965.9796153684293,38.01652804686638,684.2441008367587,1083.3081088190256,3476.937622298072,-1549.2187746020188,-3297.7090099707248,-2372.779774635308,-3399.184433905854,-781.8460512974174,-1924.4787845130543,-56.973963997292515,-844.2599328735978,-2649.7897141991793,-2.0764380191029024,376.42716126379526,-8091.546966589251,-783.1344098153754,-1036.7927740230427,4996.227699387365,604.928566019772,2343.198445080634,-1648.6106593490883,-610.5423683812194,-2405.404219660251,4525.2308954484315,2969.756985763197,288.2366650311906,-1130.774727106457,-589.1165701316673,-1556.9039343497739,85.19802213078243,-4384.448944407336,3849.330253193113,11.068213203341614,1147.0352767024824,0.30578311694006044,2413.554833159903,1955.3415925858994,11081.319532578607,8554.13939400079,340.3599759216774,1764.759389042827,494.9565511865771,2664.167216016748,2627.1880575281207,-1802.3750679600641,-600.5372700156327,3006.0882945817734,-3156.1833649651126,-744.7781193480953,2162.8011226979697,-3752.3068160093667,-535.5283426222321,-686.130400172213,1702.559082905623,6882.525040021835,7032.671564896244
