,intercept,Agricultural Land Mass,precip_5 max_temp_8,min_temp_4 min_temp_16,min_temp_4 max_temp_21,min_temp_4 avg_temp_3,min_temp_4 avg_temp_16,min_temp_4 avg_temp_21,min_temp_5 min_temp_16,min_temp_5 min_temp_17,min_temp_5 max_temp_17,min_temp_6 min_temp_8,min_temp_6 min_temp_16,min_temp_6 min_temp_18,min_temp_6 min_temp_19,min_temp_6 max_temp_18,min_temp_6 max_temp_19,min_temp_6 avg_temp_18,min_temp_7 min_temp_16,min_temp_7 max_temp_16,min_temp_8 min_temp_16,min_temp_8 min_temp_19,min_temp_8 avg_temp_9,min_temp_9 min_temp_21,min_temp_9 max_temp_12,min_temp_9 max_temp_19,min_temp_16^2,min_temp_16 min_temp_17,min_temp_16 min_temp_18,min_temp_16 max_temp_3,min_temp_16 max_temp_4,min_temp_16 max_temp_20,min_temp_16 max_temp_21,min_temp_16 avg_temp_5,min_temp_16 avg_temp_19,min_temp_16 Agricultural Land Mass,min_temp_17 max_temp_6,min_temp_18 min_temp_19,min_temp_18 max_temp_2,min_temp_18 max_temp_6,min_temp_19 avg_temp_6,min_temp_19 avg_temp_8,min_temp_20 max_temp_17,min_temp_20 avg_temp_16,min_temp_20 avg_temp_21,min_temp_21 max_temp_15,min_temp_21 avg_temp_3,max_temp_6 max_temp_16,max_temp_7 avg_temp_18,max_temp_17 avg_temp_5,max_temp_18 avg_temp_6,avg_temp_4 avg_temp_17,avg_temp_9 avg_temp_21,Agricultural Land Mass^2
0,33763.39130434725,737.6712736044029,-2605.255763017014,106445.6496978493,-132429.787925751,89330.138620006,-14511.61182798034,10399.95233813404,-91652.04551558764,85536.41745593859,-381.8288027189528,68974.57628273776,37040.85704762549,-10557.849182483924,-22928.502457153387,-12231.823529218862,-616.4086367814614,-11649.613395120505,15370.200361181407,-12821.068240936533,16837.207665084927,-69918.31165032946,13513.436674794784,-4673.8194992444305,6576.253372903629,-4919.6625994202595,-45354.514755222095,82752.88316312557,8270.201517732148,-104464.06560239248,58585.31182079595,22022.14784748545,68955.15767812697,-42612.43486182984,-16926.42261307178,-40407.38510664786,-76352.12329354532,82656.12322928898,-1131.0310779440974,-34390.71034043122,10592.767743130058,-32576.24542561872,-13219.259608536806,-55316.36453376069,62854.88570736434,-28078.48170686863,-2560.7205444162414,29632.418052790308,-6480.363731420225,5251.694587912666,39576.877911155796,-44196.88034957458,14722.084123709095,2284.2918776298775
