,intercept,Agricultural Land Mass,precip_0 precip_19,precip_0 precip_22,precip_0 avg_temp_13,precip_5 precip_13,precip_7 precip_9,precip_8 precip_13,precip_11 precip_13,precip_11 min_temp_14,precip_11 max_temp_13,precip_12 precip_13,precip_13 max_temp_1,precip_15 precip_22,precip_15 min_temp_2,precip_15 avg_temp_22,precip_16 precip_19,precip_19 min_temp_13,precip_20 precip_22,precip_21 min_temp_0,precip_22 min_temp_14,precip_22 avg_temp_12,precip_23 min_temp_3,precip_23 min_temp_10,precip_23 min_temp_13,precip_23 avg_temp_10,min_temp_2 min_temp_10,min_temp_5 min_temp_8,min_temp_5 max_temp_17,min_temp_5 avg_temp_17,min_temp_7 max_temp_3,min_temp_7 max_temp_19,min_temp_8 min_temp_16,min_temp_8 max_temp_22,min_temp_8 avg_temp_4,min_temp_8 avg_temp_17,min_temp_14 avg_temp_23,min_temp_16 min_temp_20,max_temp_17 avg_temp_5,max_temp_18 Agricultural Land Mass,avg_temp_0 avg_temp_11,Agricultural Land Mass^2
0,37219.456521739165,2443.747903672047,-6101.464483411947,-4826.1171951396445,-1600.598381714988,-2324.9239878506783,-3638.814873656636,-5601.359777629764,-252.1881209789677,-5430.593368148382,-4326.768797532879,-2173.1913515337756,-1642.4586018839973,124.73051110948494,4918.662608449658,5172.1092561138275,-1761.758472403126,517.6706954028006,-1993.4909459663588,-418.89031686144614,11434.512522873409,6560.123963102301,-455.21877565671235,-2019.5034285522956,8757.307478405753,-4359.159815016099,-1565.3868985543124,4528.245157245342,16371.043351242246,2229.1663310765366,-1869.0843997366853,-5431.452531375701,1445.0516607475713,1044.6248110647307,4000.5562941112094,6843.337928204509,3258.4733497383268,2634.058097039068,1653.6598005152257,1142.8083265597957,127.50512378920469,5814.388542475031
