,intercept,min_temp_7,precip_3 precip_10,precip_5 max_temp_22,precip_7 precip_19,precip_9 min_temp_10,precip_10 max_temp_13,precip_16 min_temp_0,precip_22 min_temp_2,precip_22 avg_temp_10,min_temp_0 max_temp_2,min_temp_3 max_temp_12,min_temp_3 avg_temp_8,min_temp_4 min_temp_16,min_temp_4 avg_temp_14,min_temp_5 min_temp_15,min_temp_5 min_temp_16,min_temp_5 min_temp_17,min_temp_5 avg_temp_16,min_temp_5 avg_temp_21,min_temp_6^2,min_temp_6 min_temp_18,min_temp_8 avg_temp_16,max_temp_3 max_temp_8,max_temp_4 avg_temp_16,max_temp_5 max_temp_15,max_temp_6 avg_temp_19,max_temp_7 avg_temp_9,max_temp_7 avg_temp_19,max_temp_9 avg_temp_8
0,35233.65217391311,-5310.853200073696,1940.6831574365708,-2889.2518131225825,-2854.897519676457,-3427.904802456218,-8826.038124589591,691.3975599163109,-3259.349046164416,-145.95545322077334,161.3943031224828,7395.2355572083225,1126.2346148958056,4571.510093154928,3439.409356524769,9833.272232100608,4313.693953222616,8685.499518777397,3766.9122126690318,10301.67383021111,13300.290533089612,406.6922765031004,4985.98497001186,-7012.679122779974,1664.4879389460914,-10285.039628535083,-5346.081827479656,-457.474669073839,-4692.70350024385,-158.1971196366754
