,intercept,Agricultural Land Mass,min_temp_4 min_temp_16,min_temp_6 min_temp_16,min_temp_6 max_temp_16,min_temp_6 avg_temp_16,min_temp_8 min_temp_19,min_temp_16 max_temp_4,min_temp_17 max_temp_6,min_temp_17 avg_temp_9,max_temp_4 avg_temp_16,avg_temp_4 avg_temp_16,Agricultural Land Mass^2
0,34719.41304348156,1773880.3606296882,784208.9141188364,1448123.6677264492,1286639.416936081,-2546097.9510931037,1096.6295434414512,-1156993.2624385755,8730.093994977859,-2836.6374574563993,1831069.6347657999,-1577589.0179985645,-1772498.5973967118
