,intercept,Agricultural Land Mass,min_temp_4 min_temp_16,Agricultural Land Mass^2
0,39217.39130470202,12094777.575606814,18190.403477354157,-12094206.929742873
