,intercept,Agricultural Land Mass,precip_5 max_temp_8,min_temp_4 min_temp_16,min_temp_5 min_temp_17,min_temp_5 max_temp_17,min_temp_6 min_temp_18,min_temp_6 max_temp_18,min_temp_7 max_temp_16,min_temp_7 avg_temp_16,min_temp_8 min_temp_16,min_temp_9 max_temp_12,min_temp_9 max_temp_18,min_temp_16 max_temp_3,min_temp_18 max_temp_2,min_temp_19 avg_temp_7,min_temp_20 avg_temp_21,min_temp_21 max_temp_15,min_temp_21 avg_temp_3,max_temp_8 avg_temp_19,max_temp_17 avg_temp_5,avg_temp_4 avg_temp_17,avg_temp_16 avg_temp_18
0,36159.58695652175,2300.0772870796923,-3663.4456561756288,12070.094360768038,11448.422730127686,6783.606273076288,656.943985036707,5171.749319813612,-8556.42860142319,-5970.552201989244,26736.166058811155,5233.245199729537,442.32907287883563,-18616.793250687748,-521.636980553618,-874.120193894043,3550.13579473206,-11189.51987541592,10791.90158602074,-11788.35746320796,-5264.476235061935,-730.273030752137,8169.113339179437
