,intercept,Agricultural Land Mass,precip_5 max_temp_8,min_temp_4 min_temp_16,min_temp_5 min_temp_16,min_temp_5 max_temp_17,min_temp_6 min_temp_18,min_temp_6 max_temp_18,min_temp_6 max_temp_19,min_temp_6 avg_temp_18,min_temp_7 max_temp_16,min_temp_8 min_temp_16,min_temp_8 max_temp_19,min_temp_9 min_temp_21,min_temp_9 max_temp_12,min_temp_16 max_temp_3,min_temp_17 min_temp_18,min_temp_18 max_temp_2,min_temp_19 avg_temp_7,min_temp_20 avg_temp_16,max_temp_8 avg_temp_19,avg_temp_16 avg_temp_18
0,37435.586956521765,902.4554594215316,-2482.954018692835,12977.97940730942,9610.769386376287,6844.274524029874,2814.616227181615,3836.2897540752138,1417.4623230824275,649.4681994985942,-11449.105910610293,11870.65388193761,409.87495623372433,6540.55759822827,208.59647827488172,-17680.42909531822,3623.366671857316,-1292.8410195344152,-5765.452170287301,364.533101246516,-2998.7302082594724,6096.909718812368
