,intercept,min_temp_16,precip_5^2,precip_5 max_temp_6,min_temp_4 min_temp_16,min_temp_4 min_temp_17,min_temp_4 max_temp_21,min_temp_4 avg_temp_3,min_temp_5 min_temp_17,min_temp_6 min_temp_17,min_temp_6 max_temp_18,min_temp_6 avg_temp_6,min_temp_7 max_temp_16,min_temp_8 max_temp_19,min_temp_8 avg_temp_5,min_temp_8 avg_temp_9,min_temp_9 max_temp_12,min_temp_9 max_temp_19,min_temp_16^2,min_temp_16 max_temp_3,min_temp_16 max_temp_4,min_temp_16 max_temp_18,min_temp_16 max_temp_20,min_temp_16 max_temp_21,min_temp_16 avg_temp_4,min_temp_16 avg_temp_6,min_temp_16 avg_temp_19,min_temp_16 Agricultural Land Mass,min_temp_17 max_temp_7,min_temp_17 avg_temp_6,min_temp_18 min_temp_19,min_temp_18 max_temp_2,min_temp_18 max_temp_6,min_temp_19 avg_temp_7,min_temp_20 avg_temp_21,min_temp_21 max_temp_15,min_temp_21 avg_temp_3,max_temp_7 max_temp_16,max_temp_8 max_temp_19,max_temp_18 avg_temp_6,avg_temp_9 avg_temp_21,Agricultural Land Mass^2
0,39183.17391304346,-3302.1511120459368,-31013.948073156498,26289.78390037005,89465.53904959408,12366.104059138803,-149214.87953114635,86904.42494958403,38971.38032415199,-7450.682478257329,4236.499372014258,7871.591428495907,-2618.424683341083,-4906.862987950057,-13825.002826404538,41864.45514638098,19177.123855875063,-30802.02984156568,-99429.19526203968,-125906.88059647962,34522.6944040071,13499.21644351964,82840.90174096439,187055.65239916835,20241.04805208851,-80522.91085315525,-34844.49750994647,-48614.91633158793,-12839.44032057863,-13506.573908188917,37843.18601497317,-1223.1501359940446,-12192.87773051306,-2904.026918025531,-41512.499198601494,1070.3679382239409,22571.44757211963,3620.6309920371823,-17780.091471309504,8967.978388402636,4450.006462636758,262.60483621177434
