,intercept,Agricultural Land Mass,min_temp_4 min_temp_16,min_temp_6 min_temp_16,min_temp_6 max_temp_16,min_temp_6 avg_temp_16,min_temp_8 min_temp_19,min_temp_16 max_temp_4,min_temp_17 max_temp_6,min_temp_17 avg_temp_9,max_temp_4 avg_temp_16,avg_temp_4 avg_temp_16,Agricultural Land Mass^2
0,37936.60869557069,5063439.838888181,288668.19571614685,1172970.8486337278,1213537.309753957,-2280276.1654624934,3343.673996366882,-516760.6350934489,7874.149093576845,7496.014596531139,730695.8551894414,-564192.9943646047,-5064655.375331417
