,intercept,precip_5 max_temp_8,min_temp_4 min_temp_16,min_temp_5 min_temp_16,min_temp_5 min_temp_17,min_temp_5 max_temp_17,min_temp_6 max_temp_18,min_temp_7 max_temp_16,min_temp_8 min_temp_16,min_temp_8 avg_temp_5,min_temp_9 max_temp_12,min_temp_16 max_temp_3,min_temp_18 max_temp_2,min_temp_19 avg_temp_7,min_temp_20 avg_temp_16,min_temp_20 avg_temp_21,max_temp_8 max_temp_19,max_temp_8 avg_temp_19,Agricultural Land Mass^2
0,35950.978260869575,-3566.6044802657516,8715.906904046018,6841.970060817933,10672.476346076155,967.5130396190785,7276.500102834709,-7912.05431307426,11856.785566821227,2686.9215348416956,2689.45641037936,-8052.95682150207,-1678.1212124121964,-5179.017504192148,2128.6672272442984,3970.710839308483,-1604.306692594422,-4646.746641415831,-4.2285664527970095
