,intercept,Agricultural Land Mass,min_temp_4 min_temp_16,min_temp_6 min_temp_16,min_temp_6 max_temp_16,min_temp_6 avg_temp_16,min_temp_8 min_temp_19,min_temp_16 max_temp_4,min_temp_17 max_temp_6,min_temp_17 avg_temp_9,max_temp_4 avg_temp_16,avg_temp_4 avg_temp_16,Agricultural Land Mass^2
0,40356.043478288324,2174400.9614304057,685489.4592095986,1523699.8712957671,1404586.9447544666,-2751193.0790694896,7440.835907214574,-1038488.516633938,9745.701497299404,4099.064966860721,1571074.1327056405,-1331919.9949339496,-2172259.7291853824
