,intercept,min_temp_7,Agricultural Land Mass,precip_1 max_temp_13,precip_4 precip_20,precip_5 min_temp_16,precip_5 max_temp_22,precip_7 precip_19,precip_9 min_temp_10,precip_10 max_temp_13,precip_16 min_temp_0,precip_16 avg_temp_5,min_temp_0 min_temp_2,min_temp_0 max_temp_2,min_temp_3 max_temp_12,min_temp_3 avg_temp_8,min_temp_4 min_temp_6,min_temp_4 avg_temp_14,min_temp_5 min_temp_15,min_temp_5 min_temp_17,min_temp_5 max_temp_16,min_temp_5 max_temp_20,min_temp_5 avg_temp_17,min_temp_6 max_temp_18,min_temp_7 min_temp_20,min_temp_8^2,min_temp_8 min_temp_17,min_temp_8 max_temp_21,min_temp_9 min_temp_15,min_temp_15 min_temp_21,min_temp_18 max_temp_2,min_temp_18 max_temp_20,min_temp_20 max_temp_7,min_temp_20 avg_temp_7,max_temp_3 avg_temp_8,max_temp_4 max_temp_16,max_temp_5 max_temp_15,max_temp_6 avg_temp_19,max_temp_8 max_temp_19,max_temp_16 avg_temp_4,avg_temp_12 avg_temp_23,avg_temp_18^2
0,38100.652173913026,-4644.324571393535,1453.1954415812347,-1925.1593571105427,4458.931547561456,-189.31444836283825,-6058.314207188952,-3836.804057883489,-4495.2353246876755,-4846.666949325973,2594.264187440685,-449.9051523032464,1569.9312870338365,1321.404919951844,383.46779005922184,5046.692149189552,4196.544257905643,4078.208405473868,3159.018643484711,2061.1398213790485,5094.971301009117,12845.138116359929,1387.3271891265244,10098.694318985574,-8048.706060438184,272.23865130819155,7876.1305995295825,9118.038217955476,10740.278195543417,5543.3263430576635,-675.0609772731892,6380.6032651784,-552.9184208119993,-6846.470201619561,-12991.874959053857,8145.835364834059,-17677.494081206485,-3053.982128544149,-10314.977779084908,3933.0921694390818,3259.8493925839566,1740.109040295422
