,intercept,Agricultural Land Mass,min_temp_4 min_temp_16,min_temp_6 min_temp_16,min_temp_6 max_temp_16,min_temp_6 avg_temp_16,min_temp_8 min_temp_19,min_temp_16 max_temp_4,min_temp_17 max_temp_6,min_temp_17 avg_temp_9,max_temp_4 avg_temp_16,avg_temp_4 avg_temp_16,Agricultural Land Mass^2
0,33131.21739143529,2494709.4627807676,505752.1683541181,905975.4212562476,821157.623872351,-1605790.8225319984,-227.35304027333473,-726062.1032589717,4680.759584889537,617.3042159473513,1159478.1423090287,-1010424.9678135576,-2494416.8650307134
