,intercept,Agricultural Land Mass,min_temp_4 min_temp_16,min_temp_6 min_temp_16,min_temp_6 max_temp_16,min_temp_6 avg_temp_16,min_temp_8 min_temp_19,min_temp_16 max_temp_4,min_temp_17 max_temp_6,min_temp_17 avg_temp_9,max_temp_4 avg_temp_16,avg_temp_4 avg_temp_16,Agricultural Land Mass^2
0,37962.80434778921,3887189.900512065,182927.37010416196,961999.6995375054,1048017.7057180125,-1925356.931067045,5374.338158012513,-345416.8910830975,9311.62489809597,7266.413867046476,462770.78400880744,-339795.8466281876,-3887720.0925500393
