,intercept,Agricultural Land Mass,Agricultural Land Mass^2
0,36664.73913066192,14042650.197507648,-14049031.18133266
