,intercept,Agricultural Land Mass,min_temp_4 min_temp_16,min_temp_6 max_temp_16,min_temp_8 min_temp_19,min_temp_16 max_temp_4,min_temp_17 max_temp_6,min_temp_17 avg_temp_9,max_temp_4 avg_temp_16
0,37047.93478260869,1832.6054877180811,23565.054261173707,-173.34482481007709,10007.871388522999,-7645.717142967375,9909.189271130404,3079.981571759175,-7837.260895451288
