,intercept,Agricultural Land Mass,precip_5 max_temp_8,min_temp_4 min_temp_16,min_temp_4 max_temp_21,min_temp_5 min_temp_16,min_temp_5 min_temp_17,min_temp_6 min_temp_18,min_temp_6 max_temp_18,min_temp_6 avg_temp_18,min_temp_7 max_temp_16,min_temp_8 max_temp_19,min_temp_8 avg_temp_9,min_temp_9 max_temp_12,min_temp_9 max_temp_19,min_temp_16 max_temp_3,min_temp_17 max_temp_6,min_temp_17 avg_temp_9,min_temp_19 avg_temp_7,min_temp_20 avg_temp_21,min_temp_21 avg_temp_3,max_temp_8 avg_temp_19,max_temp_17 avg_temp_5,avg_temp_16 avg_temp_18
0,31822.478260869582,143.36094293335088,-1886.7699965710412,11534.763151293764,-1419.4873214624463,8721.035989909353,9603.39689900044,1084.600324743978,4463.831160904419,822.1268207026911,-5996.579640189872,919.0822780659836,6513.800776660729,5038.0011086074755,-4084.626506159516,-11835.14806340045,-1130.5815326230022,883.2196708222797,-5413.558713702473,2934.0855080108863,1471.3783657130284,-5628.554416334742,-2710.0364481794463,6742.074333393827
