,intercept,Agricultural Land Mass,Agricultural Land Mass^2
0,33029.78260936749,10149999.09174421,-10154618.830125922
