,intercept,Agricultural Land Mass,Agricultural Land Mass^2
0,37915.6521737026,13585554.097729081,-13591420.307268618
