,intercept,precip_5 max_temp_8,min_temp_4 min_temp_16,min_temp_4 max_temp_21,min_temp_5 min_temp_16,min_temp_5 min_temp_17,min_temp_5 max_temp_17,min_temp_6 min_temp_8,min_temp_6 max_temp_18,min_temp_6 max_temp_19,min_temp_7 max_temp_16,min_temp_8 min_temp_16,min_temp_9 max_temp_12,min_temp_9 max_temp_19,min_temp_16 max_temp_3,min_temp_17 max_temp_6,min_temp_17 avg_temp_9,min_temp_18 min_temp_19,min_temp_18 max_temp_2,min_temp_21 avg_temp_3,max_temp_4 avg_temp_16,max_temp_7 avg_temp_18,max_temp_8 max_temp_19,avg_temp_16 avg_temp_18
0,40515.93478260863,-5765.019189269356,13595.453887156416,-8464.539437202764,4324.08658157564,1204.641527389228,16058.970855912788,1751.2111775958047,9388.618221491704,-1021.6405421241819,-22642.690520627257,9845.194541148758,7111.7668465069655,-4917.828687539079,-14449.9079241593,-478.16724150833403,5560.403956201965,5652.9775562156,-1612.4630340350252,5729.8914073293,13095.270941463526,242.05106845986282,-7679.938131867675,2474.4514776320725
