,intercept,Agricultural Land Mass,min_temp_4 min_temp_16,min_temp_6 min_temp_16,min_temp_6 max_temp_16,min_temp_6 avg_temp_16,min_temp_8 min_temp_19,min_temp_16 max_temp_4,min_temp_17 max_temp_6,min_temp_17 avg_temp_9,max_temp_4 avg_temp_16,avg_temp_4 avg_temp_16,Agricultural Land Mass^2
0,36421.80434803977,4471279.6736148875,579113.5392301996,1172132.3125594985,1291819.9105126888,-2378557.0481061954,3947.718040552427,-699409.1876352644,9207.758300056235,8087.755798771425,1300803.209334895,-1224095.519545323,-4471565.479067306
