,intercept,Agricultural Land Mass,Agricultural Land Mass^2
0,40075.8260872901,13995833.602826333,-13999600.575335817
