,intercept,precip_5 max_temp_8,min_temp_4 min_temp_16,min_temp_5 max_temp_17,min_temp_6 min_temp_16,min_temp_6 avg_temp_16,min_temp_7 max_temp_16,min_temp_8 min_temp_16,min_temp_9 max_temp_12,min_temp_9 max_temp_19,min_temp_16 max_temp_3,min_temp_17 max_temp_7,min_temp_17 avg_temp_9,min_temp_18 min_temp_19,min_temp_20 avg_temp_21,min_temp_21 max_temp_15,max_temp_8 max_temp_19,max_temp_18 avg_temp_6,avg_temp_16 avg_temp_18,Agricultural Land Mass^2
0,37603.695652173825,-2881.5746360898984,20199.859873208323,22773.595353778,5068.546668543598,5851.820568094297,-25983.311073098896,8781.021901553624,4904.684192603047,-6905.328045422819,-18637.793806988422,-6375.291407794992,4813.731809243328,8611.00623770457,-859.0215499227974,5690.3055545278285,-6289.309762055913,4734.356734739349,8369.331913358583,-1003.3776300328524
