,intercept,min_temp_7,Agricultural Land Mass,precip_1 max_temp_13,precip_4 precip_20,precip_5 max_temp_22,precip_7 precip_19,precip_7 min_temp_2,precip_10 max_temp_13,precip_12 max_temp_23,precip_13 min_temp_2,precip_16 avg_temp_5,precip_20 max_temp_22,precip_22 avg_temp_10,min_temp_0 min_temp_2,min_temp_2 min_temp_12,min_temp_3 max_temp_12,min_temp_3 avg_temp_8,min_temp_3 avg_temp_10,min_temp_4 min_temp_16,min_temp_4 avg_temp_20,min_temp_4 avg_temp_21,min_temp_5 min_temp_8,min_temp_5 min_temp_15,min_temp_5 max_temp_17,min_temp_5 max_temp_20,min_temp_5 avg_temp_17,min_temp_6 max_temp_17,min_temp_6 max_temp_18,min_temp_8 max_temp_2,min_temp_8 max_temp_20,min_temp_8 max_temp_21,min_temp_9 min_temp_21,max_temp_3 max_temp_8,max_temp_5 max_temp_15,max_temp_7 avg_temp_19,max_temp_8 max_temp_19,max_temp_18 avg_temp_6
0,34189.391304347824,-5888.805429643054,1483.06073964318,1017.438691956992,1649.4899179091442,-631.7491424262445,-2221.7773444139802,-1338.1266156514744,-5274.449270003144,-3250.174059619837,-1291.616719876233,-425.09033253417425,-271.040567525782,-1430.2219254335164,7621.600449263224,-9642.532860296926,1137.947211604058,6342.667424945591,-3116.2262424648898,5639.835878924309,3363.8842313154255,421.2382546100649,1241.9199766563281,5553.152637006633,838.603741833259,1187.3378222274025,10183.613225208866,3663.900442521054,2508.5180495041764,2633.1184749290214,4193.253477038192,6118.272518208204,4527.643255660399,-10959.215611263662,-6958.24929858122,-2383.4845079274464,-1414.0340451670038,841.5191453216152
