,intercept,Agricultural Land Mass,Agricultural Land Mass^2
0,39067.17391328682,13433192.628348004,-13437688.216024542
