,intercept,Agricultural Land Mass,min_temp_4 min_temp_16,min_temp_6 min_temp_16,min_temp_6 max_temp_16,min_temp_6 avg_temp_16,min_temp_8 min_temp_19,min_temp_16 max_temp_4,min_temp_17 max_temp_6,min_temp_17 avg_temp_9,max_temp_4 avg_temp_16,avg_temp_4 avg_temp_16,Agricultural Land Mass^2
0,39570.30434781227,2711264.1138081453,876046.6489453551,1343757.3723747786,1238988.726369414,-2426968.083980253,7385.309404926695,-1138063.4569199127,8632.276935161923,2519.0885845263083,1925727.035925697,-1767898.1050262137,-2708081.000890385
