,intercept,Agricultural Land Mass,precip_5 max_temp_8,min_temp_4 min_temp_16,min_temp_5 min_temp_16,min_temp_5 min_temp_17,min_temp_5 max_temp_17,min_temp_6 max_temp_16,min_temp_6 max_temp_18,min_temp_6 avg_temp_18,min_temp_7 max_temp_16,min_temp_8 min_temp_16,min_temp_9 min_temp_21,min_temp_9 max_temp_12,min_temp_16 max_temp_3,min_temp_18 min_temp_19,min_temp_18 max_temp_2,min_temp_19 avg_temp_7,min_temp_20 avg_temp_21,min_temp_21 max_temp_15,max_temp_8 max_temp_19,avg_temp_16 avg_temp_18
0,37680.326086956564,2250.479034905986,-1802.9870569911604,8482.353862655085,11978.74687359397,4787.774035887029,3432.176857411087,2439.4721308004287,368.867693283517,11871.43089380697,-6379.659763553634,3890.0415484925843,6766.398793139014,414.4560114036703,-13073.445628357687,5174.498620272373,-2836.7067600759055,-11376.572994108723,164.45993468814484,-918.3906999038182,-762.2513866253685,4446.8540867222255
