,intercept,precip_5^2,min_temp_4 max_temp_21,min_temp_5 max_temp_17,min_temp_6 min_temp_18,min_temp_7 max_temp_16,min_temp_8 min_temp_16,min_temp_8 avg_temp_5,min_temp_9 max_temp_12,min_temp_9 max_temp_19,min_temp_16 max_temp_3,min_temp_16 max_temp_4,min_temp_16 avg_temp_4,min_temp_18 min_temp_19,min_temp_18 max_temp_2,min_temp_19 avg_temp_7,min_temp_20 max_temp_17,min_temp_21 max_temp_15,min_temp_21 avg_temp_3,max_temp_8 max_temp_19,Agricultural Land Mass^2
0,36892.47826086955,-1621.9451580666034,-3464.83394725568,20191.283938560668,3956.6942335414387,-17829.71243696889,762.2465450414387,1392.1647592951222,8710.438449681586,-4371.922722886745,-12532.346898102282,3229.5985054696976,25644.224511097746,12311.656243825566,-686.0905139835013,-1136.152291227176,-5848.507010271591,3367.152518358412,1145.302077721619,-5190.345555176297,-2374.9872110609413
