,intercept,precip_5^2,min_temp_4 min_temp_16,min_temp_4 max_temp_21,min_temp_5 max_temp_17,min_temp_6 max_temp_19,min_temp_6 avg_temp_18,min_temp_7 max_temp_16,min_temp_8 avg_temp_5,min_temp_8 avg_temp_9,min_temp_9 max_temp_12,min_temp_9 max_temp_19,min_temp_16 max_temp_3,min_temp_16 avg_temp_4,min_temp_17 max_temp_6,min_temp_18 min_temp_19,min_temp_18 max_temp_2,min_temp_21 avg_temp_3,max_temp_8 max_temp_19,avg_temp_4 avg_temp_17,avg_temp_6 avg_temp_18,Agricultural Land Mass^2
0,35935.32608695657,-3685.9721808622307,12796.665735416904,-15791.210889081676,16423.237690935926,-2604.4330843564785,6018.093642995672,-24852.717349565468,162.962488815277,6584.435931907148,4069.503229743424,-5536.411000562071,-6270.219569486269,17685.11349396947,-2108.0396645026135,7203.136447753486,569.8949849933255,4991.068873956375,-5164.538576568934,3256.6785598626443,7940.445677949199,-672.5840235037508
