,intercept,Agricultural Land Mass,min_temp_4 min_temp_16,min_temp_6 min_temp_16,min_temp_6 max_temp_16,min_temp_6 avg_temp_16,min_temp_8 min_temp_19,min_temp_16 max_temp_4,min_temp_17 max_temp_6,min_temp_17 avg_temp_9,max_temp_4 avg_temp_16,avg_temp_4 avg_temp_16,Agricultural Land Mass^2
0,38735.54347825194,2834050.3161059925,654670.3286118946,934842.7195712724,743765.0859937683,-1548851.7172640318,8377.407533935144,-901508.265300076,7063.6296756489255,5013.599294252654,1458503.0884411691,-1297099.0724463132,-2832818.7264046655
