,intercept,min_temp_16,precip_5^2,precip_5 max_temp_6,min_temp_4 min_temp_16,min_temp_4 max_temp_21,min_temp_4 avg_temp_3,min_temp_4 avg_temp_21,min_temp_5 min_temp_17,min_temp_6 avg_temp_6,min_temp_7 max_temp_16,min_temp_8 min_temp_16,min_temp_8 max_temp_19,min_temp_8 avg_temp_9,min_temp_9 min_temp_21,min_temp_9 max_temp_12,min_temp_9 max_temp_18,min_temp_16 max_temp_3,min_temp_16 max_temp_20,min_temp_16 max_temp_21,min_temp_16 avg_temp_6,min_temp_16 avg_temp_19,min_temp_16 Agricultural Land Mass,min_temp_17 max_temp_6,min_temp_17 max_temp_7,min_temp_17 avg_temp_9,min_temp_18 min_temp_19,min_temp_18 max_temp_2,min_temp_18 max_temp_6,min_temp_19 avg_temp_7,min_temp_19 avg_temp_8,min_temp_20 max_temp_17,min_temp_20 avg_temp_21,min_temp_21 max_temp_15,max_temp_7 max_temp_16,max_temp_18 avg_temp_6,Agricultural Land Mass^2
0,39847.19565217386,-45437.55836079603,-20442.208138808655,14552.475341415364,73885.477337951,-177033.45808852903,90256.30802685532,71261.57090981436,29184.94489748865,-2919.523133512059,8693.729711625627,68124.03666404617,-10307.398263521312,-11374.440825776506,-32827.53811607168,13122.79858034718,6506.705322137907,-115703.56412298123,47224.435149099205,97490.27308025127,-10162.437673019482,-69972.59840154313,-14876.827068399985,-6334.896764621523,-18928.281589084556,36645.682801318835,59926.79736654324,-3943.6257147388746,-28668.29900125236,-20641.286171181255,-19468.07920713937,-37497.81245681461,20359.058176890718,-4174.423777537664,6510.24250544625,16615.541268446745,192.92921863270084
