,intercept,Agricultural Land Mass,Agricultural Land Mass^2
0,38461.56521659535,12378854.797314098,-12384974.16478082
