,intercept,Agricultural Land Mass,precip_5 max_temp_8,min_temp_4 min_temp_16,min_temp_4 max_temp_21,min_temp_5 min_temp_16,min_temp_5 max_temp_17,min_temp_6 max_temp_18,min_temp_6 max_temp_19,min_temp_7 max_temp_16,min_temp_8 min_temp_16,min_temp_8 avg_temp_9,min_temp_9 min_temp_21,min_temp_9 max_temp_12,min_temp_16 max_temp_3,min_temp_16 avg_temp_4,min_temp_18 min_temp_19,min_temp_20 max_temp_17,min_temp_21 avg_temp_3,max_temp_4 avg_temp_16,max_temp_8 max_temp_19,max_temp_18 avg_temp_6,avg_temp_16 avg_temp_18
0,36610.565217391464,4207.298969472463,-3217.2754757728294,4632.973827681352,-8.799994394933693,2845.1981617463102,17681.800015418306,8533.998516620268,-1948.391795546239,-18853.41732410727,21782.22423573033,2130.164201497245,-2151.6695163624345,7348.968279623015,-18711.660258863147,8587.037939735248,8506.126669447855,-5166.8362845128795,2371.126418099129,1448.757035040413,-8957.424173382293,1071.7918840059804,4239.085544690195
