,intercept,Agricultural Land Mass,precip_1 max_temp_13,precip_4 precip_20,precip_5 max_temp_8,precip_7 precip_19,precip_9 min_temp_10,precip_10 max_temp_13,precip_13 min_temp_2,precip_16 max_temp_20,precip_22 avg_temp_10,min_temp_0 min_temp_2,min_temp_3 avg_temp_8,min_temp_3 avg_temp_10,min_temp_4 min_temp_16,min_temp_4 min_temp_21,min_temp_5 min_temp_8,min_temp_5 min_temp_15,min_temp_5 max_temp_16,min_temp_5 max_temp_20,min_temp_5 avg_temp_17,min_temp_6^2,min_temp_6 max_temp_16,min_temp_6 max_temp_17,min_temp_7 avg_temp_5,min_temp_8 max_temp_21,min_temp_9 min_temp_15,min_temp_16 max_temp_22,min_temp_18 max_temp_9,max_temp_3 max_temp_8,max_temp_5 max_temp_15,max_temp_8 max_temp_19,max_temp_8 avg_temp_18,max_temp_8 avg_temp_19,max_temp_17 avg_temp_20,avg_temp_12 avg_temp_23
0,37055.91304347828,2431.5001098293683,-2203.330126261023,746.266085459463,-3924.1952157720593,-5678.013808768947,-3877.937172175154,-6618.819897684722,1632.7894795095328,679.6239110577661,-2793.0010586919057,2540.347970958593,3335.344777224699,-1881.2253942830107,5432.215750238263,6049.848188056419,8536.676957187003,3469.9604903575396,345.78303993080146,2655.686962308949,13671.03889485402,2278.3115875123935,2965.1301078570095,6691.538845327304,-5307.636228700432,8436.795256801484,3445.356549591478,591.4103532097157,1807.704553228025,-4439.13815568457,-11226.623212516932,-7654.872802895352,-901.4793089588842,-4559.414538919755,571.7551320567794,6916.38784762125
