,intercept,Agricultural Land Mass,min_temp_4 min_temp_16
0,39744.15217391307,1124.1472406719365,23780.030652638354
