,intercept,Agricultural Land Mass,precip_5 max_temp_6,min_temp_4 min_temp_16,min_temp_5 min_temp_16,min_temp_5 min_temp_17,min_temp_5 max_temp_17,min_temp_6 min_temp_8,min_temp_6 min_temp_18,min_temp_6 avg_temp_18,min_temp_7 max_temp_16,min_temp_9 max_temp_12,min_temp_9 max_temp_19,min_temp_16 min_temp_17,min_temp_16 max_temp_3,min_temp_19 avg_temp_7,min_temp_20 avg_temp_16,min_temp_20 avg_temp_21,max_temp_7 avg_temp_18
0,36151.304347826095,182.5834594895482,-3541.0394261801234,18568.812906034847,16147.642654272475,4123.353065705095,3121.1967874402526,4510.685205734907,35.79705375058596,4935.633653816976,-6187.300201588862,3028.1797677766535,-1091.3898281689671,3651.160078743428,-22401.97713956655,-9278.01555746876,4656.098075835336,2797.8457488697195,380.0629119082074
