,intercept,Agricultural Land Mass,min_temp_4 min_temp_16,min_temp_6 min_temp_16,min_temp_6 max_temp_16,min_temp_6 avg_temp_16,min_temp_8 min_temp_19,min_temp_16 max_temp_4,min_temp_17 max_temp_6,min_temp_17 avg_temp_9,max_temp_4 avg_temp_16,avg_temp_4 avg_temp_16,Agricultural Land Mass^2
0,37087.8695653574,3032596.008122418,396997.9356430986,1205282.3982611904,1187187.9813803637,-2274914.5528444573,7004.297635935263,-662033.4722278838,8128.77790191545,6586.051630696768,973803.6018101773,-786152.1707954926,-3030123.854225461
