,intercept,Agricultural Land Mass,min_temp_4 min_temp_16,min_temp_6 min_temp_16,min_temp_6 max_temp_16,min_temp_6 avg_temp_16,min_temp_8 min_temp_19,min_temp_16 max_temp_4,min_temp_17 max_temp_6,min_temp_17 avg_temp_9,max_temp_4 avg_temp_16,avg_temp_4 avg_temp_16,Agricultural Land Mass^2
0,38810.95652175179,3605063.377654396,781156.0095106015,878846.612044027,691949.0315871442,-1448219.8035866567,9014.58154700482,-1002196.1477651276,7182.2704319632285,3441.0503765551985,1728452.937147626,-1595346.4693254158,-3602538.067718035
