,intercept,Agricultural Land Mass,Agricultural Land Mass^2
0,38405.695652632785,12997151.330466628,-13002371.728090405
