,intercept,min_temp_16,Agricultural Land Mass,precip_5^2,precip_5 max_temp_6,min_temp_4 min_temp_16,min_temp_4 max_temp_21,min_temp_4 avg_temp_3,min_temp_5 min_temp_16,min_temp_5 min_temp_17,min_temp_5 max_temp_17,min_temp_6 max_temp_16,min_temp_6 max_temp_18,min_temp_6 max_temp_19,min_temp_7 max_temp_16,min_temp_8 min_temp_16,min_temp_8 max_temp_19,min_temp_8 avg_temp_5,min_temp_9 min_temp_21,min_temp_9 max_temp_12,min_temp_9 max_temp_19,min_temp_16 max_temp_3,min_temp_16 max_temp_4,min_temp_16 max_temp_20,min_temp_16 max_temp_21,min_temp_16 avg_temp_4,min_temp_16 avg_temp_19,min_temp_16 Agricultural Land Mass,min_temp_17 max_temp_6,min_temp_17 max_temp_7,min_temp_17 avg_temp_9,min_temp_18 min_temp_19,min_temp_18 max_temp_2,min_temp_18 max_temp_6,min_temp_20 max_temp_17,min_temp_21 max_temp_15,min_temp_21 avg_temp_3,max_temp_8 max_temp_19,max_temp_17 avg_temp_5,max_temp_18 avg_temp_6,Agricultural Land Mass^2
0,38885.043478261236,-2510.849003736421,4605.474886343932,-38722.8264647923,31231.825780687675,59406.706820293766,-137659.79499329958,112454.19318682783,-21253.625765111145,36413.411481497904,20607.309667398127,574.7462959977331,1287.3609759348826,-8016.7494483558985,-13390.78869619401,92400.12731993078,-2866.4275509420177,-46935.32616245152,-12583.490698915342,15047.0249656682,-1815.8853502238142,-123580.15026613652,25266.44226049027,46294.83042496477,129005.26483763754,7110.812928137155,-41921.48055019269,-112414.83088986084,-16932.25651177716,-21716.19180094554,21803.250051825307,34154.461709539464,-2528.74278976611,-16289.703342433644,-19588.891934411302,5550.553076353264,-1482.202496314535,-8359.197719571752,1688.1611938827193,17035.90825407461,469.02133350391324
