,intercept,Agricultural Land Mass,min_temp_4 min_temp_16,min_temp_8 min_temp_19,min_temp_17 max_temp_6,min_temp_17 avg_temp_9,max_temp_4 avg_temp_16
0,41000.13043478267,1256.3060733818168,20152.38817205931,7712.150259886192,10304.259499309863,8515.992965846966,-13181.071992389929
