,intercept,Agricultural Land Mass,Agricultural Land Mass^2
0,40417.36956507273,12619360.051792845,-12626975.609923081
