,intercept,Agricultural Land Mass,min_temp_4 min_temp_16,min_temp_6 min_temp_16,min_temp_6 max_temp_16,min_temp_6 avg_temp_16,min_temp_8 min_temp_19,min_temp_16 max_temp_4,min_temp_17 max_temp_6,min_temp_17 avg_temp_9,max_temp_4 avg_temp_16,avg_temp_4 avg_temp_16,Agricultural Land Mass^2
0,39023.3913043618,3134715.3302668915,766721.6074744113,1041733.1555641491,841046.1229519354,-1742194.3818342448,12019.759885169246,-1054742.1404084107,10140.796844475219,3205.76296847259,1722484.1690685842,-1541515.9328509686,-3134766.5277338233
