,intercept,Agricultural Land Mass,precip_5^2,min_temp_4 min_temp_16,min_temp_4 max_temp_21,min_temp_5 max_temp_17,min_temp_6 max_temp_18,min_temp_6 max_temp_19,min_temp_7 max_temp_16,min_temp_8 min_temp_16,min_temp_8 avg_temp_9,min_temp_9 max_temp_12,min_temp_9 max_temp_19,min_temp_16 max_temp_3,min_temp_17 max_temp_7,min_temp_17 avg_temp_9,min_temp_18 min_temp_19,min_temp_19 avg_temp_7,max_temp_7 max_temp_16,max_temp_8 max_temp_19,max_temp_18 avg_temp_6
0,37567.89130434791,2122.3942308564524,-855.9130649825802,25856.512852470754,-7442.72488168479,15496.927465775414,13664.658145935595,-3847.6120291833067,-9449.085213064127,9781.511476123824,195.2704509323898,6462.996652188736,-6108.008290184421,-13066.318232256595,-436.2277054655894,8394.062571397595,6991.160821110386,-11718.625891914018,-1790.61468892733,-1778.6343873978244,1700.7474375834665
