,intercept,Agricultural Land Mass,min_temp_4 min_temp_16,min_temp_6 min_temp_16,min_temp_6 max_temp_16,min_temp_6 avg_temp_16,min_temp_8 min_temp_19,min_temp_16 max_temp_4,min_temp_17 max_temp_6,min_temp_17 avg_temp_9,max_temp_4 avg_temp_16,avg_temp_4 avg_temp_16,Agricultural Land Mass^2
0,40159.56521748813,2182475.6025400613,753184.6351144062,1189739.7430120932,990051.7010247855,-2023497.952078021,7055.890615903938,-1087948.940214617,9115.738763758563,3695.718186922146,1755983.4410658039,-1522300.972519752,-2181882.2109152568
