,intercept,Agricultural Land Mass,min_temp_4 min_temp_16,min_temp_6 min_temp_16,min_temp_6 max_temp_16,min_temp_6 avg_temp_16,min_temp_8 min_temp_19,min_temp_16 max_temp_4,min_temp_17 max_temp_6,min_temp_17 avg_temp_9,max_temp_4 avg_temp_16,avg_temp_4 avg_temp_16,Agricultural Land Mass^2
0,41321.5000001432,1883631.9566096931,729841.7457784436,1142977.9681384452,856182.1304117851,-1827725.6512998028,7337.28345181355,-1099447.1789772063,9998.520801981816,3089.0599571659513,1706107.402375434,-1452788.5036189775,-1884035.4879089184
