,intercept,Agricultural Land Mass,min_temp_4 min_temp_16,min_temp_6 min_temp_16,min_temp_6 max_temp_16,min_temp_6 avg_temp_16,min_temp_8 min_temp_19,min_temp_16 max_temp_4,min_temp_17 max_temp_6,min_temp_17 avg_temp_9,max_temp_4 avg_temp_16,avg_temp_4 avg_temp_16,Agricultural Land Mass^2
0,39970.6739130866,2788201.9229022227,585132.2925364907,791278.3536453802,421647.52635515586,-1060918.5379920122,6808.6301991359,-975372.738569223,7952.55067217418,6570.3998027472735,1441908.5893128184,-1165310.7175621912,-2787254.931425476
