,intercept,Agricultural Land Mass,min_temp_4 min_temp_16,min_temp_6 min_temp_16,min_temp_6 max_temp_16,min_temp_6 avg_temp_16,min_temp_8 min_temp_19,min_temp_16 max_temp_4,min_temp_17 max_temp_6,min_temp_17 avg_temp_9,max_temp_4 avg_temp_16,avg_temp_4 avg_temp_16,Agricultural Land Mass^2
0,36030.78260875406,2360407.5311588096,896923.665244737,1261223.915809371,1044820.6217760898,-2128634.193003399,3768.7541597292843,-1214084.8087097418,7081.9904761551525,-655.6891088799888,2019581.8673928205,-1818104.183720279,-2358050.380435589
