,intercept,Agricultural Land Mass,precip_1 max_temp_13,precip_4 precip_20,precip_5 max_temp_8,precip_7 precip_19,precip_9 min_temp_10,precip_10 max_temp_13,precip_13 min_temp_2,precip_16 min_temp_0,precip_21 min_temp_13,precip_22 avg_temp_10,min_temp_3 max_temp_12,min_temp_3 avg_temp_10,min_temp_4 min_temp_16,min_temp_4 avg_temp_14,min_temp_5 min_temp_8,min_temp_5 min_temp_15,min_temp_5 max_temp_16,min_temp_5 max_temp_17,min_temp_6^2,min_temp_6 min_temp_8,min_temp_6 min_temp_18,min_temp_7 avg_temp_19,min_temp_8 max_temp_21,min_temp_9 min_temp_15,min_temp_15 min_temp_21,min_temp_16 max_temp_22,min_temp_17 max_temp_2,max_temp_3 avg_temp_8,max_temp_5 max_temp_15,max_temp_8 max_temp_19,max_temp_8 avg_temp_19,max_temp_17 avg_temp_6,avg_temp_7 avg_temp_20
0,37258.23913043485,1629.805245561702,-2985.9580836010414,2704.0641815991053,-4851.754079420804,-6751.775572622646,-4391.053727716463,-5619.094879619747,2529.917964467537,470.2346925349818,231.21611831699386,-203.9413760026437,3850.758817411676,-440.61904167217773,9528.477180704302,2740.8609227895863,1282.208457866651,4294.238439780833,1329.8435732552814,13789.02390328604,123.38663617479703,6696.150295686567,9329.174848572156,-6895.532302719548,8114.501137231389,8434.941927950389,2280.593048484247,368.9013762447826,-3331.03498700056,-3475.86857100726,-16727.482810880036,-8455.648740220147,-2829.0177010177463,7062.358898632753,-535.4447406170323
