,intercept,Agricultural Land Mass,min_temp_4 min_temp_16,min_temp_6 min_temp_16,min_temp_6 max_temp_16,min_temp_6 avg_temp_16,min_temp_8 min_temp_19,min_temp_16 max_temp_4,min_temp_17 max_temp_6,min_temp_17 avg_temp_9,max_temp_4 avg_temp_16,avg_temp_4 avg_temp_16,Agricultural Land Mass^2
0,36840.10869565542,54570.18899578533,126945.62796108946,105687.04375364598,134419.40550388553,-234761.76189269163,4332.950182075205,-99937.77653672812,8580.304876336037,8137.417492748786,213601.64292603964,-232092.85145485692,-54624.561743506885
