,intercept,min_temp_7,Agricultural Land Mass,precip_1 max_temp_13,precip_4 precip_20,precip_7 precip_19,precip_9 min_temp_10,precip_16 avg_temp_5,precip_21 min_temp_13,precip_21 min_temp_22,precip_22 min_temp_9,precip_22 avg_temp_10,min_temp_0 max_temp_2,min_temp_2 min_temp_12,min_temp_3 max_temp_12,min_temp_3 avg_temp_10,min_temp_4 avg_temp_14,min_temp_5 max_temp_17,min_temp_8 max_temp_4,min_temp_8 max_temp_9,min_temp_8 max_temp_21,min_temp_9 max_temp_12,min_temp_15 min_temp_19,min_temp_16 max_temp_21,min_temp_17 max_temp_2,max_temp_3 avg_temp_8,max_temp_4 avg_temp_21,max_temp_5 max_temp_15,max_temp_7 max_temp_16,max_temp_7 avg_temp_19,max_temp_8 max_temp_19,max_temp_9 max_temp_21,max_temp_17 avg_temp_5,max_temp_17 avg_temp_6,avg_temp_2 avg_temp_20,avg_temp_3 avg_temp_22,avg_temp_7 avg_temp_20,avg_temp_12 avg_temp_23,avg_temp_18^2
0,38381.130434782295,-10196.029654635327,3344.804727278798,-2459.77614378093,2705.655886349775,-4782.282693288258,-4569.281361202862,-730.195069670693,-2098.4587082800003,156.49764761173947,7409.667324788285,-2266.253692068977,-4357.049493162312,-7480.90061517111,1629.0297869137587,10154.317931492467,7232.80418287025,5446.538100741737,5483.69788991983,7979.172330540216,1264.014224363712,6549.141998935018,142.6014518246384,2762.918077529025,-5740.873923483816,-16649.64620000131,3526.897089670925,-1151.626442366505,-413.65217138197113,-3255.4578310821507,-2664.7300539508196,776.7322997321309,10615.176400739112,2872.4319313249666,-1668.3476604857196,-255.6718428210374,-6617.355029844917,7951.833706455434,16116.255679105692
