,intercept,Agricultural Land Mass,precip_0 precip_23,precip_2 min_temp_16,precip_4 precip_21,precip_4 min_temp_13,precip_5 precip_8,precip_5 precip_13,precip_5 precip_16,precip_6 precip_9,precip_6 min_temp_10,precip_8 precip_11,precip_9 precip_12,precip_10 precip_14,precip_11 min_temp_14,precip_12 precip_13,precip_13 precip_16,precip_13 precip_18,precip_15 precip_22,precip_17 min_temp_9,precip_19 precip_23,precip_19 min_temp_1,precip_20 min_temp_14,precip_20 avg_temp_0,precip_21 avg_temp_0,precip_22 min_temp_14,precip_23 min_temp_3,precip_23 min_temp_10,precip_23 min_temp_14,min_temp_2 min_temp_14,min_temp_5 min_temp_17,min_temp_5 avg_temp_17,min_temp_8 min_temp_17,min_temp_9 min_temp_14,min_temp_9 max_temp_23,min_temp_10 min_temp_14,min_temp_10 avg_temp_12,min_temp_14 avg_temp_12,min_temp_14 avg_temp_23,min_temp_20 max_temp_4,min_temp_22^2,max_temp_6 max_temp_7,max_temp_7 max_temp_19,max_temp_17 avg_temp_5,max_temp_18 Agricultural Land Mass,avg_temp_0^2,avg_temp_5 avg_temp_17
0,38795.30434782601,1630.380729707045,-2049.120183384462,4962.567982758652,750.0403227634023,-29.305696059798017,-54.58567774161187,-522.4632139819576,-469.8705189841683,-932.2728922060463,-2725.8720234689454,-1666.488289067613,-1042.311775746118,697.3922083056755,-2871.4959281360943,-3292.5566218059007,-284.69201472061167,-2145.3764745631906,3291.3601181009744,876.6778158777403,-2267.398962514284,5506.638753758074,-10267.174247824018,-1493.0702322359389,-3300.278052715705,3426.5641317356035,-2399.86863921654,-1616.1414505290788,-344.1104389251732,10639.665760989294,3080.486922754255,11142.769670064796,2882.115162690568,10010.82823700857,434.90619967464073,1257.296218154872,923.7112175655373,5685.183709511167,2774.162592619183,2567.9770985967248,-3391.8070330229853,-3554.2258483187265,-3482.773768194214,4769.684283632997,2563.8606158619114,578.0305736752216,922.4555566755909
