,intercept,Agricultural Land Mass,min_temp_4 min_temp_16,min_temp_6 min_temp_16,min_temp_6 max_temp_16,min_temp_6 avg_temp_16,min_temp_8 min_temp_19,min_temp_16 max_temp_4,min_temp_17 max_temp_6,min_temp_17 avg_temp_9,max_temp_4 avg_temp_16,avg_temp_4 avg_temp_16,Agricultural Land Mass^2
0,39057.695652279515,3221131.5134736686,794248.1271187763,651834.7253472618,372790.382052071,-916047.0647153995,10545.784663797012,-1024873.41104885,8270.998636941136,4426.3887322232285,1818012.1118929465,-1664739.281826301,-3218897.8715888117
