,intercept,Agricultural Land Mass,min_temp_4 min_temp_16,min_temp_6 min_temp_16,min_temp_6 avg_temp_16,min_temp_8 min_temp_19,min_temp_16 max_temp_4,min_temp_17 max_temp_6,min_temp_17 avg_temp_9
0,35157.19565217399,603.1277154225907,29356.680801885817,12566.278175107003,2516.2122794411575,4796.850380800747,-30912.37689258347,4835.929605944492,559.1895947004032
