,intercept,min_temp_16,precip_5^2,precip_5 max_temp_6,min_temp_4 min_temp_16,min_temp_4 min_temp_17,min_temp_4 max_temp_21,min_temp_4 avg_temp_3,min_temp_4 avg_temp_17,min_temp_4 avg_temp_21,min_temp_5 min_temp_17,min_temp_5 max_temp_17,min_temp_6 min_temp_8,min_temp_6 min_temp_18,min_temp_6 min_temp_19,min_temp_6 max_temp_18,min_temp_6 avg_temp_18,min_temp_7 min_temp_16,min_temp_8 min_temp_16,min_temp_8 min_temp_19,min_temp_8 avg_temp_5,min_temp_8 avg_temp_9,min_temp_9 min_temp_21,min_temp_9 max_temp_12,min_temp_9 max_temp_19,min_temp_16 min_temp_17,min_temp_16 max_temp_3,min_temp_16 max_temp_4,min_temp_16 max_temp_5,min_temp_16 max_temp_18,min_temp_16 max_temp_20,min_temp_16 max_temp_21,min_temp_16 avg_temp_5,min_temp_16 avg_temp_7,min_temp_16 Agricultural Land Mass,min_temp_17 max_temp_6,min_temp_17 avg_temp_9,min_temp_18 min_temp_19,min_temp_18 max_temp_2,min_temp_18 max_temp_6,min_temp_19 avg_temp_8,min_temp_20 max_temp_17,min_temp_20 avg_temp_16,min_temp_20 avg_temp_21,min_temp_21 max_temp_15,min_temp_21 avg_temp_3,max_temp_6 max_temp_16,max_temp_8 max_temp_19,max_temp_18 avg_temp_6,avg_temp_7 avg_temp_16,avg_temp_9 avg_temp_21,Agricultural Land Mass^2
0,37902.7608695653,-42537.37100531497,13932.054064983187,-15580.617345769439,103632.85860895012,-65672.20730921591,-122426.0452757755,105171.25945987421,-124.51678069808546,29596.75942037778,30538.576503502478,-90.06230137410229,120207.77949466967,-29657.94488389621,-17148.04818274439,-17689.921933322046,-1095.4457729977628,-3146.2969308271113,52601.20970774494,-123533.8099194315,17528.07997297033,-35430.611820884726,-5054.591193892889,11827.613676860006,-4779.123354468834,91047.5468797997,-107010.39083277097,10125.34153738844,-17219.984093947605,213.93705856869198,23121.10665050112,44768.25460227511,-32977.84241224191,-27587.468589806922,-12336.906574182385,-49149.48098283219,68309.93331751777,111939.39893727477,-4876.320277417229,-45777.871606979104,-31532.171695158744,-36121.78003330419,-80842.83101617926,117742.3775846336,-2593.2443163534954,-47614.97313695773,38782.79948297429,2703.268830823773,41628.365984870885,-5261.5258351887305,-30800.38901207163,588.7979413870155
