,intercept,min_temp_16,Agricultural Land Mass,precip_5^2,precip_5 max_temp_6,min_temp_4 min_temp_17,min_temp_4 max_temp_21,min_temp_4 avg_temp_3,min_temp_4 avg_temp_21,min_temp_5 min_temp_16,min_temp_5 min_temp_17,min_temp_6 min_temp_8,min_temp_6 min_temp_16,min_temp_6 min_temp_18,min_temp_6 max_temp_18,min_temp_6 max_temp_19,min_temp_6 avg_temp_18,min_temp_7 max_temp_16,min_temp_8 min_temp_16,min_temp_8 min_temp_19,min_temp_8 avg_temp_9,min_temp_9 min_temp_21,min_temp_9 max_temp_12,min_temp_9 max_temp_18,min_temp_16 min_temp_17,min_temp_16 max_temp_3,min_temp_16 max_temp_20,min_temp_16 max_temp_21,min_temp_16 avg_temp_5,min_temp_16 Agricultural Land Mass,min_temp_17 max_temp_6,min_temp_17 max_temp_7,min_temp_18 min_temp_19,min_temp_18 max_temp_2,min_temp_18 max_temp_6,min_temp_19 avg_temp_6,min_temp_19 avg_temp_8,min_temp_20 max_temp_17,min_temp_20 avg_temp_21,min_temp_21 max_temp_15,min_temp_21 avg_temp_3,max_temp_6 max_temp_16,max_temp_16 avg_temp_6,max_temp_17 avg_temp_5,max_temp_18 avg_temp_6
0,34941.934782609,-254.21009397115319,6412.3156394849075,-1954.3042025486088,1547.1412584721184,45252.08505265356,-37541.311895454346,26201.318245454415,-14285.628378987138,-8524.713857979461,33961.22298183532,5109.069429367318,29662.776528077626,-1373.6697559225074,-14463.50895656117,3173.700316399755,-8914.347862562736,-18627.322669765428,53476.79720136568,-21100.817183484254,4323.974189847151,-2791.628873498166,8808.84723508511,-63.44802907215821,79897.66411484656,-48725.91444477162,9566.455900382894,44638.378481609434,-9465.043025065932,-115073.98505999053,-56255.72245669476,-6235.925038281361,11067.967569720508,-281.8034784580262,-222.57555566141875,13184.245799080965,-25784.225266976562,-943.4411182930602,1663.0217720624632,4009.5530030739023,-1885.7844513092682,10959.120523159283,5513.551363002167,-10533.447777689325,28955.260043854618
