,intercept,Agricultural Land Mass,min_temp_4 min_temp_16,min_temp_6 min_temp_16,min_temp_6 max_temp_16,min_temp_6 avg_temp_16,min_temp_8 min_temp_19,min_temp_16 max_temp_4,min_temp_17 max_temp_6,min_temp_17 avg_temp_9,max_temp_4 avg_temp_16,avg_temp_4 avg_temp_16,Agricultural Land Mass^2
0,38057.739130424845,3431906.5457770936,386563.28774526186,1100229.6820415736,1092717.388094975,-2068999.5218627614,5263.379987386802,-588890.1146494895,7971.947180179045,5611.43675973783,887327.6280776128,-745864.1655257217,-3431016.830874381
