,intercept,Agricultural Land Mass,precip_5^2,min_temp_4 min_temp_16,min_temp_4 max_temp_21,min_temp_5 min_temp_16,min_temp_5 max_temp_17,min_temp_6 min_temp_18,min_temp_6 max_temp_16,min_temp_7 max_temp_16,min_temp_8 min_temp_16,min_temp_8 avg_temp_9,min_temp_9 max_temp_12,min_temp_9 max_temp_19,min_temp_16 max_temp_3,min_temp_17 avg_temp_9,min_temp_18 min_temp_19,min_temp_18 max_temp_2,min_temp_20 max_temp_17,min_temp_21 max_temp_15,min_temp_21 avg_temp_3,max_temp_4 avg_temp_16,max_temp_8 max_temp_19,avg_temp_16 avg_temp_18
0,38922.13043478275,3060.9010846700153,-3722.820417985377,13341.844366360296,-2867.880756659857,708.4710427851599,18751.587472884876,4438.162704986546,12.637764798523477,-18518.472257162168,15431.901813243008,7726.697219369396,8770.101363323181,-5790.040570426914,-16515.3703702,186.10144456426434,7717.7876192059,-152.46587001032162,-2563.0400062190893,3441.5568244121882,2809.0788134761883,4573.321844740038,-11659.601362413003,5842.774312991297
