,intercept,Agricultural Land Mass,Agricultural Land Mass^2
0,39931.00000041234,13574208.101704843,-13579882.065727143
