,intercept,Agricultural Land Mass,min_temp_4 min_temp_16,min_temp_6 min_temp_16,min_temp_6 max_temp_16,min_temp_6 avg_temp_16,min_temp_8 min_temp_19,min_temp_16 max_temp_4,min_temp_17 max_temp_6,min_temp_17 avg_temp_9,max_temp_4 avg_temp_16,avg_temp_4 avg_temp_16,Agricultural Land Mass^2
0,39640.41304348189,70791.66415734371,114218.72563411697,94355.22399003981,51706.57858129637,-132563.67489040754,7386.703261254727,-137584.26783025303,8470.98070945226,9073.219488216335,216899.07188834716,-198827.7320901748,-71339.30564164696
