,intercept,precip_5^2,min_temp_4 min_temp_17,min_temp_4 max_temp_21,min_temp_5 min_temp_16,min_temp_5 min_temp_17,min_temp_5 max_temp_17,min_temp_6 min_temp_18,min_temp_6 avg_temp_18,min_temp_7 max_temp_16,min_temp_8 avg_temp_5,min_temp_8 avg_temp_9,min_temp_9 max_temp_12,min_temp_9 max_temp_19,min_temp_16 max_temp_3,min_temp_17 max_temp_6,min_temp_18 min_temp_19,min_temp_18 max_temp_2,min_temp_21 avg_temp_3,max_temp_4 avg_temp_16,max_temp_7 avg_temp_18,max_temp_8 max_temp_19,Agricultural Land Mass^2
0,39009.54347826089,-2816.7969138468056,9423.859576911616,-11080.882237619144,561.4374120018689,15216.842064332592,4408.168339125238,1121.6794846147072,4570.472306540426,-19042.19119731372,246.76863534751735,13749.424259572503,5472.163365918576,-7263.670191774516,-4830.031565914233,-9452.28323941158,13915.307110195572,725.9761769796787,5891.151759212765,15132.33903683603,117.95439628032561,-8068.974216520786,-287.74434761609007
