,intercept,Agricultural Land Mass,precip_5 max_temp_8,min_temp_4 min_temp_16,min_temp_4 max_temp_21,min_temp_5 min_temp_16,min_temp_5 max_temp_17,min_temp_6 max_temp_18,min_temp_7 max_temp_16,min_temp_8 min_temp_19,min_temp_8 avg_temp_5,min_temp_9 max_temp_12,min_temp_9 max_temp_19,min_temp_16 max_temp_3,min_temp_16 avg_temp_4,min_temp_17 max_temp_7,min_temp_17 max_temp_9,min_temp_18 min_temp_19,min_temp_19 avg_temp_7,min_temp_21 avg_temp_3,max_temp_8 max_temp_19,max_temp_18 avg_temp_6
0,37861.869565217545,2525.5780498479253,-4857.786362399942,2359.023791378998,-1737.9794298470129,10701.833706228526,12301.731474207383,3317.282645323668,-14446.25094690347,7392.068893768356,5418.126033001,5761.219004848952,-2786.7035308745003,-20251.704089336406,22528.12145810777,-2842.577957723494,4609.501381235782,10280.56935506081,-5862.852592959596,6651.220818675475,-9931.152612371372,3495.704950408965
