,intercept,Agricultural Land Mass,precip_5 max_temp_8,min_temp_5 max_temp_17,min_temp_6 max_temp_18,min_temp_7 max_temp_16,min_temp_8 avg_temp_9,min_temp_9 min_temp_21,min_temp_9 max_temp_12,min_temp_9 max_temp_19,min_temp_16 max_temp_3,min_temp_16 max_temp_4,min_temp_16 max_temp_20,min_temp_17 avg_temp_9,min_temp_18 min_temp_19,min_temp_21 max_temp_15,max_temp_4 avg_temp_16,max_temp_8 max_temp_19
0,38564.1521739131,1170.488545347804,-6530.4063913942655,14126.501033104716,4597.045959515255,-21548.298165346263,15298.524609174588,-520.7982685336183,5573.931736683964,-11837.84462106492,-13221.051196777722,26559.659300022355,269.7801755705873,3367.751990744626,15549.236860453017,1759.5528548922634,2135.805269311909,-9479.665981245387
