,intercept,Agricultural Land Mass,min_temp_4 min_temp_16
0,41253.56521739132,213.51488304497695,24357.921081723536
