,intercept,min_temp_16,precip_5^2,precip_5 max_temp_6,min_temp_4 min_temp_16,min_temp_4 min_temp_17,min_temp_4 max_temp_21,min_temp_4 avg_temp_3,min_temp_4 avg_temp_16,min_temp_4 avg_temp_17,min_temp_5 min_temp_17,min_temp_5 max_temp_17,min_temp_6 min_temp_8,min_temp_6 min_temp_16,min_temp_6 min_temp_17,min_temp_6 min_temp_18,min_temp_6 min_temp_19,min_temp_6 max_temp_18,min_temp_6 max_temp_19,min_temp_6 avg_temp_17,min_temp_7 min_temp_16,min_temp_7 max_temp_16,min_temp_8 min_temp_19,min_temp_8 avg_temp_5,min_temp_9 min_temp_21,min_temp_9 max_temp_12,min_temp_9 max_temp_19,min_temp_16 min_temp_17,min_temp_16 max_temp_3,min_temp_16 max_temp_5,min_temp_16 max_temp_18,min_temp_16 max_temp_20,min_temp_16 avg_temp_5,min_temp_16 avg_temp_7,min_temp_16 Agricultural Land Mass,min_temp_17 min_temp_18,min_temp_17 max_temp_6,min_temp_17 max_temp_7,min_temp_17 avg_temp_9,min_temp_18 min_temp_19,min_temp_18 max_temp_2,min_temp_18 max_temp_6,min_temp_19 avg_temp_8,min_temp_20 max_temp_17,min_temp_20 avg_temp_21,min_temp_21 max_temp_15,min_temp_21 avg_temp_3,max_temp_4 avg_temp_16,max_temp_6 max_temp_16,max_temp_7 avg_temp_18,max_temp_16 avg_temp_6,max_temp_17 avg_temp_5,max_temp_18 avg_temp_6,avg_temp_6 avg_temp_16,avg_temp_9 avg_temp_21,Agricultural Land Mass^2
0,35693.478260869495,-64955.620086398565,-9358.853421957276,7931.220488663896,93248.89573437069,-7176.350301199876,-59678.65049946523,93103.69883659866,-66621.2616293881,-961.0871512325107,40930.44498829463,-685.7814932544708,49779.40234849789,139755.08179428405,-32073.093381299826,-30136.367329503963,-19878.69152125416,-9465.193478832169,-20088.96307874832,-8027.291361137102,14751.911525915524,356.03435359325096,-17034.96355191024,-24642.400444889117,-29077.0443669981,14055.674881281995,20185.78684521198,159543.41289349206,-127685.50392828655,-15587.902398375645,-25273.409057152858,47674.61385496627,-53786.63069832335,-5438.990107407416,-102895.16777504579,56884.31804049486,-81180.58847126717,-10218.695486637274,2720.773682150714,31419.169045063034,-5484.653980277087,-21021.65318538478,-1852.4337343398124,-75481.28752716405,75633.22063838081,-16713.085995258672,-1158.916573603024,4399.411614999101,24134.38879915837,-6233.776887533841,11367.844633473826,15458.061401505503,40652.43080697368,2633.1390494426755,10176.747672145753,3330.551796937393
