,intercept,Agricultural Land Mass,min_temp_4 min_temp_16,min_temp_6 min_temp_16,min_temp_6 max_temp_16,min_temp_6 avg_temp_16,min_temp_8 min_temp_19,min_temp_16 max_temp_4,min_temp_17 max_temp_6,min_temp_17 avg_temp_9,max_temp_4 avg_temp_16,avg_temp_4 avg_temp_16,Agricultural Land Mass^2
0,39708.15217384154,2561251.343103747,727908.7010518628,1493275.2053461925,1355692.9930793932,-2661112.386756168,5056.2274085801655,-1105716.9654965128,8771.372587364485,5359.033036984203,1692462.2253006354,-1438892.898822654,-2559306.3848597123
