,intercept,Agricultural Land Mass,min_temp_4 min_temp_16,min_temp_6 min_temp_16,min_temp_6 max_temp_16,min_temp_6 avg_temp_16,min_temp_8 min_temp_19,min_temp_16 max_temp_4,min_temp_17 max_temp_6,min_temp_17 avg_temp_9,max_temp_4 avg_temp_16,avg_temp_4 avg_temp_16,Agricultural Land Mass^2
0,38973.673913084756,3606723.34554407,725034.8252118814,351283.3236209753,87130.55144748895,-348603.4490645384,10281.90354298773,-888073.0403710937,7987.549748314824,5554.915876787642,1599485.496528133,-1501485.4562686838,-3605131.4546986134
