,intercept,precip_5 max_temp_6,precip_5 max_temp_8,min_temp_4 min_temp_16,min_temp_4 max_temp_21,min_temp_5 min_temp_16,min_temp_5 min_temp_17,min_temp_5 max_temp_17,min_temp_6 min_temp_18,min_temp_6 avg_temp_18,min_temp_7 max_temp_16,min_temp_8 min_temp_16,min_temp_8 avg_temp_9,min_temp_9 max_temp_12,min_temp_9 max_temp_19,min_temp_16 max_temp_3,min_temp_17 max_temp_6,min_temp_17 avg_temp_9,min_temp_18 min_temp_19,min_temp_20 max_temp_17,min_temp_21 max_temp_15,min_temp_21 avg_temp_3,max_temp_4 avg_temp_16,max_temp_8 max_temp_19,Agricultural Land Mass^2
0,38498.99999999997,-4589.175522454983,-1732.2362251616196,13435.859161834514,-6604.403300655088,1315.3360940179766,9032.686427852213,13484.738598861064,2154.2775286668593,7383.9694937529,-21903.614761159566,14844.345875302402,1668.2880024620194,4483.051405750925,-2008.3952488752109,-16424.31439847487,-5148.284374257827,1719.3631205933875,5205.158022372725,-518.5802467801191,2041.1455461862188,2204.1047645498106,13091.19660985666,-8165.077084281779,-91.24902454547384
