,intercept,Agricultural Land Mass,min_temp_4 min_temp_16,Agricultural Land Mass^2
0,34691.47826097848,9130305.987483075,14778.52840977742,-9130002.42142747
