,intercept,Agricultural Land Mass,Agricultural Land Mass^2
0,32402.543478466967,9375159.521822419,-9379049.446962336
