,intercept,Agricultural Land Mass,precip_0 precip_12,precip_2 min_temp_16,precip_3 min_temp_15,precip_3 min_temp_16,precip_4 precip_17,precip_4 precip_23,precip_5 precip_13,precip_5 precip_17,precip_7 precip_18,precip_7 max_temp_1,precip_8 precip_10,precip_8 precip_21,precip_9 min_temp_22,precip_9 avg_temp_0,precip_10 precip_21,precip_11^2,precip_11 precip_13,precip_11 precip_15,precip_11 precip_16,precip_11 avg_temp_23,precip_12 precip_15,precip_17 min_temp_13,precip_18 precip_22,precip_22 avg_temp_12,precip_23 min_temp_3,precip_23 avg_temp_2,min_temp_2 min_temp_10,min_temp_4 min_temp_8,min_temp_4 max_temp_22,min_temp_5 min_temp_6,min_temp_5 min_temp_8,min_temp_5 min_temp_17,min_temp_6 avg_temp_17,min_temp_8 min_temp_16,min_temp_13 avg_temp_13,min_temp_23 avg_temp_23,max_temp_0 avg_temp_11,max_temp_10 avg_temp_3,avg_temp_0 avg_temp_11,Agricultural Land Mass^2
0,34600.30434782587,2946.6571331102436,-414.30406574307796,88.00393205205852,1478.8726202047706,2543.4198545433323,-68.04066367909739,-1089.879620289501,-1351.8061056544345,-341.6822944463998,-94.80268493596066,-1298.7789501343254,-3605.466072838003,-1194.3117631980022,-362.25261092232773,-1137.2961609857005,-646.013695274523,-4460.192720294825,-429.41237217094846,-1496.3874464622463,-517.9669265116161,-4160.42448298139,-0.6027774911125681,1902.9090252412373,-5812.173956430729,207.14729460139165,-2505.4057054655323,-660.9534885966801,-3164.3932899207693,6080.274980687669,384.6142787601507,4296.82643847575,4013.2247004380706,8544.52493436061,4786.999624397885,5942.506361649067,1958.7080775688562,-224.05700498678604,2262.962003711063,-1555.5405990142835,4410.375421788749,1826.8587723840392
