,intercept,Agricultural Land Mass,min_temp_4 min_temp_16,min_temp_6 min_temp_16,min_temp_6 max_temp_16,min_temp_6 avg_temp_16,min_temp_8 min_temp_19,min_temp_16 max_temp_4,min_temp_17 max_temp_6,min_temp_17 avg_temp_9,max_temp_4 avg_temp_16,avg_temp_4 avg_temp_16,Agricultural Land Mass^2
0,40676.65217412099,4025895.814773093,651835.0263790068,767799.323673289,483978.80780011084,-1121873.480518516,8488.498529049848,-930780.1691997101,9628.385688759829,3359.40668095103,1460046.052132224,-1282430.9260116275,-4023363.5211899183
