,intercept,Agricultural Land Mass,precip_5 max_temp_8,min_temp_4 min_temp_16,min_temp_5 min_temp_16,min_temp_5 min_temp_17,min_temp_5 max_temp_17,min_temp_6 max_temp_18,min_temp_6 avg_temp_18,min_temp_7 max_temp_16,min_temp_8 avg_temp_5,min_temp_9 max_temp_12,min_temp_16 max_temp_3,min_temp_19 avg_temp_7,min_temp_20 avg_temp_16,min_temp_20 avg_temp_21,max_temp_8 max_temp_19,max_temp_18 avg_temp_6,avg_temp_4 avg_temp_17,avg_temp_16 avg_temp_18
0,36516.69565217383,1203.1121022865682,-2181.3334331710676,20635.445899317896,4502.339056016608,10828.319756950727,2914.3224133474396,3605.9149483975807,471.4446473511764,-2317.1653200364285,3349.7991060606932,4630.024582624073,-15679.60410684044,-8778.113005398925,1297.6471709280272,4775.869152946879,-192.48759844804826,1083.2795378978708,-6536.267174019569,6446.657853852323
