,intercept,Agricultural Land Mass,min_temp_4 min_temp_16,Agricultural Land Mass^2
0,41871.34782591339,10004638.649936607,21936.992719418613,-10003422.504037887
