,intercept,Agricultural Land Mass,precip_5^2,min_temp_4 min_temp_16,min_temp_4 max_temp_21,min_temp_5 max_temp_17,min_temp_6 max_temp_19,min_temp_7 max_temp_16,min_temp_8 avg_temp_9,min_temp_9 max_temp_12,min_temp_9 max_temp_19,min_temp_16 max_temp_3,min_temp_16 max_temp_20,min_temp_16 avg_temp_4,min_temp_17 max_temp_6,min_temp_17 max_temp_7,min_temp_17 avg_temp_9,min_temp_18 min_temp_19,min_temp_18 max_temp_2,min_temp_20 avg_temp_21,min_temp_21 max_temp_15,max_temp_4 avg_temp_16,max_temp_8 max_temp_19,max_temp_18 avg_temp_6
0,35293.652173913,1174.8261630306101,-1994.1394989799344,8881.757643971088,-8192.69997939918,15071.69325811501,-1534.4914018652523,-14307.216277237565,14388.815783514432,4498.619005231894,-9029.064336027082,-9093.336277195633,-72.26565369289669,9088.150424321579,-850.1514994532356,-2466.2718374265255,1221.2176108958092,10886.200898698758,2740.6040450032006,-818.417241465158,4285.281723723503,5906.308753510544,-8319.75770357992,5271.161726659876
