,intercept,Agricultural Land Mass,min_temp_4 min_temp_16,min_temp_6 min_temp_16,min_temp_6 max_temp_16,min_temp_6 avg_temp_16,min_temp_8 min_temp_19,min_temp_16 max_temp_4,min_temp_17 max_temp_6,min_temp_17 avg_temp_9,max_temp_4 avg_temp_16,avg_temp_4 avg_temp_16,Agricultural Land Mass^2
0,40887.717391187165,2786841.3849952673,678418.2228320085,892310.3457985976,736670.5854755156,-1508568.059997416,9388.62689459122,-884884.9266976716,7806.7953024091385,3509.234541745906,1468858.0163947535,-1347308.7139459609,-2785904.3367864345
