,intercept,Agricultural Land Mass,precip_5 max_temp_8,min_temp_4 min_temp_16,min_temp_4 min_temp_17,min_temp_4 max_temp_21,min_temp_5 max_temp_17,min_temp_6 min_temp_8,min_temp_6 max_temp_18,min_temp_6 max_temp_19,min_temp_7 max_temp_16,min_temp_8 min_temp_16,min_temp_8 avg_temp_9,min_temp_9 max_temp_12,min_temp_9 max_temp_19,min_temp_16 max_temp_3,min_temp_18 min_temp_19,min_temp_18 max_temp_2,min_temp_19 avg_temp_7,min_temp_20 avg_temp_21,min_temp_21 max_temp_15,max_temp_8 max_temp_19,avg_temp_4 avg_temp_17
0,39726.08695652181,1185.3402795026811,-4072.9941422377433,10118.060946667869,1212.3085042378955,-2580.6163269934455,13503.72231691684,5205.118245634593,10461.048532602574,-8748.541266147415,-8198.758427953979,12685.226376453227,4869.2025247597485,4290.503388864363,-3005.660946546373,-11245.583297965995,18803.71730973623,2809.648371938338,-10320.43182626855,-199.81992561412795,1002.7669924247247,-9244.558447687443,4024.852637351659
