,intercept,Agricultural Land Mass,min_temp_4 min_temp_16,min_temp_6 min_temp_16,min_temp_6 max_temp_16,min_temp_6 avg_temp_16,min_temp_8 min_temp_19,min_temp_16 max_temp_4,min_temp_17 max_temp_6,min_temp_17 avg_temp_9,max_temp_4 avg_temp_16,avg_temp_4 avg_temp_16,Agricultural Land Mass^2
0,40004.130434828825,3853650.953785542,705062.5669318056,836080.5513034738,631153.641439641,-1342708.6095811399,9110.12378055742,-967035.0688374755,6781.496650599599,4950.365299012393,1625238.7553367792,-1446162.893155158,-3853145.2712755473
