,intercept,Agricultural Land Mass,min_temp_4 min_temp_16,min_temp_6 min_temp_16,min_temp_6 max_temp_16,min_temp_6 avg_temp_16,min_temp_8 min_temp_19,min_temp_16 max_temp_4,min_temp_17 max_temp_6,min_temp_17 avg_temp_9,max_temp_4 avg_temp_16,avg_temp_4 avg_temp_16,Agricultural Land Mass^2
0,36161.95652173707,72129.57024155471,105396.55953394383,56572.73359627204,120703.58451471757,-180675.43341436214,4849.789963360172,-43823.67957271194,8020.211889527904,8897.333982257267,135412.9613982374,-182503.05753092546,-71830.22381078363
