,intercept,Agricultural Land Mass,min_temp_4 min_temp_16,min_temp_6 min_temp_16,min_temp_6 max_temp_16,min_temp_6 avg_temp_16,min_temp_8 min_temp_19,min_temp_16 max_temp_4,min_temp_17 max_temp_6,min_temp_17 avg_temp_9,max_temp_4 avg_temp_16,avg_temp_4 avg_temp_16,Agricultural Land Mass^2
0,38503.565217421834,1973007.671785056,847545.7026449596,1234421.571071836,974739.2878000785,-2025876.1665747846,1691.3442957973575,-1211320.5160988048,8530.024909801252,-659.5366886459094,1962153.6654119943,-1720741.438901205,-1971983.0877851609
