,intercept,Agricultural Land Mass,Agricultural Land Mass^2
0,37029.0000008257,12916187.53191474,-12922816.252966037
