,intercept,Agricultural Land Mass,min_temp_4 min_temp_16,min_temp_6 min_temp_16,min_temp_6 max_temp_16,min_temp_6 avg_temp_16,min_temp_8 min_temp_19,min_temp_16 max_temp_4,min_temp_17 max_temp_6,min_temp_17 avg_temp_9,max_temp_4 avg_temp_16,avg_temp_4 avg_temp_16,Agricultural Land Mass^2
0,37442.04347805814,3844757.8914451078,706335.2439668992,1418781.0157412963,1151937.1228065742,-2372638.575428996,4586.167604239981,-1176023.7106591861,8351.85435174548,-1533.1713647110055,1756855.17540564,-1426322.7096326642,-3845520.460035735
