,intercept,Agricultural Land Mass,precip_5^2,min_temp_4 min_temp_16,min_temp_4 max_temp_21,min_temp_5 max_temp_17,min_temp_6 max_temp_19,min_temp_7 max_temp_16,min_temp_8 avg_temp_9,min_temp_9 max_temp_12,min_temp_9 max_temp_19,min_temp_16 max_temp_3,min_temp_16 avg_temp_4,min_temp_17 avg_temp_9,min_temp_18 min_temp_19,min_temp_18 max_temp_2,min_temp_18 max_temp_6,min_temp_20 avg_temp_21,min_temp_21 avg_temp_3,max_temp_7 avg_temp_18,max_temp_8 max_temp_19,max_temp_16 avg_temp_6,max_temp_18 avg_temp_6,avg_temp_6 avg_temp_18
0,37454.5652173913,127.52585845311486,-2332.4910921278038,16259.507916304585,-12577.6001323409,14382.535607652928,-1830.543122243064,-10621.104688854153,11038.89957663674,7110.385600932926,-8372.968527061725,-9236.01951662937,9640.24378146821,3345.8568762987634,7607.496761281499,1199.825960376045,517.3244970295079,-2631.9533378303595,6599.787933819586,360.7226470850718,-7867.953656505823,-2507.577366871898,933.2554105131109,7348.495253403205
