,intercept,Agricultural Land Mass,precip_5 max_temp_8,min_temp_4 min_temp_16,min_temp_4 avg_temp_3,min_temp_5 min_temp_17,min_temp_5 max_temp_17,min_temp_6 min_temp_8,min_temp_6 max_temp_16,min_temp_7 max_temp_16,min_temp_8 min_temp_16,min_temp_9 max_temp_12,min_temp_16 max_temp_3,min_temp_17 avg_temp_9,min_temp_18 max_temp_2,min_temp_18 max_temp_6,min_temp_19 avg_temp_7,min_temp_20 avg_temp_21,max_temp_8 max_temp_19,avg_temp_4 avg_temp_17
0,33903.28260869568,847.9302679571015,-4100.276579801691,19826.297815490037,-457.0646734503635,4653.017192262553,8595.110434550621,1389.7857371144373,8564.993779225137,-18626.160466392106,15491.647679272613,2866.4249128417932,-14455.165701324082,-2006.256943810429,34.79778044531265,3857.781611105872,-59.772931085929656,5854.871629348994,-3585.418605034581,-5109.69201877355
