,intercept,Agricultural Land Mass,min_temp_4 min_temp_16,min_temp_6 min_temp_16,min_temp_6 max_temp_16,min_temp_6 avg_temp_16,min_temp_8 min_temp_19,min_temp_16 max_temp_4,min_temp_17 max_temp_6,min_temp_17 avg_temp_9,max_temp_4 avg_temp_16,avg_temp_4 avg_temp_16,Agricultural Land Mass^2
0,38830.99999994171,1634144.8688163979,760768.4538645219,988496.8198803685,704740.7854783492,-1535030.6102134946,8308.332033388404,-1086869.6501955232,7431.806004877615,4402.859951188022,1735865.1370239123,-1516871.7973261238,-1632804.270635817
