,intercept,Agricultural Land Mass,precip_5 max_temp_6,min_temp_4 min_temp_16,min_temp_4 max_temp_21,min_temp_5 min_temp_16,min_temp_5 max_temp_17,min_temp_6 avg_temp_6,min_temp_7 max_temp_16,min_temp_8 min_temp_16,min_temp_9 max_temp_12,min_temp_9 max_temp_19,min_temp_16 max_temp_3,min_temp_16 max_temp_20,min_temp_17 max_temp_7,min_temp_18 min_temp_19,min_temp_20 max_temp_17,min_temp_21 max_temp_15,max_temp_6 max_temp_16,max_temp_8 max_temp_19,max_temp_18 avg_temp_6,avg_temp_6 avg_temp_18
0,39485.69565217389,798.1225104440165,-4873.086871233279,23568.123812395945,-6405.919493414964,2130.327477073222,21996.503725577353,5795.232442929804,-21518.093356872698,4079.8992601382197,8165.016418441664,-5927.613058320568,-12818.249858802761,10100.256479915932,-1414.5404447778928,4944.8912175902315,-5295.7143846949775,4693.712359206465,1159.5453501743352,-4501.594872363419,1522.2308405997014,7574.250973354271
