,intercept,Agricultural Land Mass,Agricultural Land Mass^2
0,40811.84782663198,14444802.745227769,-14448607.358135257
