,intercept,Agricultural Land Mass,Agricultural Land Mass^2
0,41393.13043501196,14153102.769979356,-14157052.2671674
