,intercept,Agricultural Land Mass,min_temp_4 min_temp_16,min_temp_6 min_temp_16,min_temp_6 max_temp_16,min_temp_6 avg_temp_16,min_temp_8 min_temp_19,min_temp_16 max_temp_4,min_temp_17 max_temp_6,min_temp_17 avg_temp_9,max_temp_4 avg_temp_16,avg_temp_4 avg_temp_16,Agricultural Land Mass^2
0,40616.673913053484,1406769.838300746,729028.7309229057,836612.2548326369,526229.8398538127,-1230322.2578753603,10262.565240614269,-1043294.1412079495,9691.448258089302,6157.161492208371,1696436.671226689,-1488278.5425302326,-1404780.180268446
