,intercept,Agricultural Land Mass,precip_3 precip_10,precip_4 precip_20,precip_5 min_temp_16,precip_7 precip_19,precip_9 min_temp_10,precip_12 max_temp_23,precip_16 avg_temp_5,precip_21 min_temp_13,precip_22 min_temp_2,precip_22 min_temp_9,min_temp_0 min_temp_2,min_temp_3 avg_temp_8,min_temp_3 avg_temp_10,min_temp_4 min_temp_16,min_temp_4 min_temp_17,min_temp_4 max_temp_17,min_temp_4 avg_temp_14,min_temp_4 avg_temp_16,min_temp_4 avg_temp_17,min_temp_4 avg_temp_20,min_temp_5 min_temp_15,min_temp_5 avg_temp_18,min_temp_6 max_temp_18,min_temp_7 avg_temp_19,min_temp_8 max_temp_9,min_temp_8 max_temp_20,min_temp_8 avg_temp_18,min_temp_9 min_temp_15,min_temp_9 min_temp_21,min_temp_16 min_temp_21,min_temp_18 max_temp_2,min_temp_19 max_temp_15,min_temp_19 max_temp_21,max_temp_3 max_temp_8,max_temp_5 max_temp_21,max_temp_6 avg_temp_19,max_temp_18 avg_temp_16,max_temp_18 avg_temp_17,avg_temp_3 avg_temp_22,avg_temp_12 avg_temp_23
0,35774.56521739118,1975.777746372667,1071.0208934358918,5193.368049255739,75.39156437078024,-1193.6654958587467,-2945.249314546822,2173.7618101206854,-1284.3099882939937,-1398.7122012526665,-3064.3803287768083,2384.414616377317,1718.665561061693,6413.973926300905,1091.424146179229,7348.16379178299,1638.0114186311612,2977.2396106015076,546.6210075801766,832.1818909746145,327.22715731799684,230.2667791949014,76.27187869095826,8613.647867635033,6958.911387269238,-3260.883412907233,973.8155299376684,1548.9904114721296,186.51727437666085,5748.8076102637415,349.17706507499094,3258.8942601998438,-2332.257634204646,-10098.599598020977,-2035.3782161205613,-12398.877569645058,-250.06754965963836,-1849.7167300197389,8276.331026838625,4958.361707606274,-4121.72619579872,3460.2182458290217
