,intercept,Agricultural Land Mass,min_temp_4 min_temp_16,min_temp_6 max_temp_16,min_temp_8 min_temp_19,min_temp_16 max_temp_4,min_temp_17 max_temp_6,max_temp_4 avg_temp_16
0,37749.58695652186,2130.762151664127,15359.248354987418,4378.752340291649,4717.814522546061,-620.5039884249846,11700.672040909101,-6728.432437815641
