,intercept,Agricultural Land Mass,min_temp_4 min_temp_16,min_temp_6 min_temp_16,min_temp_6 max_temp_16,min_temp_6 avg_temp_16,min_temp_8 min_temp_19,min_temp_16 max_temp_4,min_temp_17 max_temp_6,min_temp_17 avg_temp_9,max_temp_4 avg_temp_16,avg_temp_4 avg_temp_16,Agricultural Land Mass^2
0,38043.02173916626,3548864.1912073772,596757.3461293313,779533.2486247839,508607.8595656015,-1160691.0349544152,8267.979393362833,-901414.8879322606,8990.842777306176,1561.63410724567,1390678.6826344812,-1181797.056323985,-3548936.6988770235
