,intercept,Agricultural Land Mass,Agricultural Land Mass^2
0,38926.43478296962,13659782.603129014,-13664720.973638572
