,intercept,Agricultural Land Mass,precip_5 max_temp_8,min_temp_4 min_temp_16,min_temp_4 max_temp_21,min_temp_5 max_temp_17,min_temp_6 max_temp_16,min_temp_6 avg_temp_6,min_temp_6 avg_temp_16,min_temp_7 max_temp_16,min_temp_8 min_temp_16,min_temp_9 max_temp_12,min_temp_9 max_temp_19,min_temp_16 max_temp_3,min_temp_16 max_temp_20,min_temp_17 max_temp_7,min_temp_18 min_temp_19,min_temp_18 max_temp_2,min_temp_18 max_temp_6,min_temp_20 avg_temp_16,min_temp_21 max_temp_15,max_temp_6 max_temp_16,max_temp_8 max_temp_19
0,39432.50000000013,678.4470575942529,-6904.250743890844,23138.122363733437,-1672.7912614410047,19888.778673601875,83.88578276544096,2452.96050044373,4038.9638425129738,-30119.84660297741,18384.528242475135,4910.523678610222,-4138.1454811067315,-17558.175943486436,3611.1474769411175,-1905.4601391448648,8484.67846725804,964.2840966306383,5316.365720944752,1135.9268910990772,3684.8774481593928,4160.671927405702,-8548.291592350572
