,intercept,Agricultural Land Mass,min_temp_4 min_temp_16,min_temp_6 min_temp_16,min_temp_6 max_temp_16,min_temp_6 avg_temp_16,min_temp_8 min_temp_19,min_temp_16 max_temp_4,min_temp_17 max_temp_6,min_temp_17 avg_temp_9,max_temp_4 avg_temp_16,avg_temp_4 avg_temp_16,Agricultural Land Mass^2
0,38988.80434782744,87854.24413213521,108007.90203161683,122071.8831828524,77801.85155265604,-179991.95350125415,5877.873550832858,-145661.4748057517,8867.851500403396,10540.031981652588,213238.89907854766,-188316.22630207968,-87360.44224301666
