,intercept,Agricultural Land Mass,min_temp_4 min_temp_16,Agricultural Land Mass^2
0,39155.217391571576,9866674.782986024,19741.757341732795,-9865517.077646427
