,intercept,Agricultural Land Mass,Agricultural Land Mass^2
0,40936.739131019145,14884177.460863179,-14892250.115439389
