,intercept,Agricultural Land Mass,Agricultural Land Mass^2
0,35913.869565763714,11759967.637938177,-11764786.498765515
