,intercept,Agricultural Land Mass,min_temp_4 min_temp_16,min_temp_6 min_temp_16,min_temp_6 max_temp_16,min_temp_6 avg_temp_16,min_temp_8 min_temp_19,min_temp_16 max_temp_4,min_temp_17 max_temp_6,min_temp_17 avg_temp_9,max_temp_4 avg_temp_16,avg_temp_4 avg_temp_16,Agricultural Land Mass^2
0,36700.39130457797,4505798.406891869,179491.72915027375,406610.8150507812,444720.1021608911,-816113.8035074263,7174.520180592606,-231615.10688525636,6119.552023881361,8408.624743080643,377710.62174811045,-338912.1560847965,-4505348.216842302
