,intercept,Agricultural Land Mass,min_temp_4 min_temp_16,min_temp_6 min_temp_16,min_temp_6 max_temp_16,min_temp_6 avg_temp_16,min_temp_8 min_temp_19,min_temp_16 max_temp_4,min_temp_17 max_temp_6,min_temp_17 avg_temp_9,max_temp_4 avg_temp_16,avg_temp_4 avg_temp_16,Agricultural Land Mass^2
0,38651.93478284977,4149128.0894654086,363029.69665678224,1280356.2596928123,1335773.0555586817,-2506853.3671952635,2719.0154435237787,-585293.7387928056,8275.996129074876,5986.744658723606,877845.6365848763,-718447.559953252,-4148415.8688699906
