,intercept,Agricultural Land Mass,min_temp_4 min_temp_16,min_temp_6 max_temp_16,min_temp_6 avg_temp_16,min_temp_17 max_temp_6,min_temp_17 avg_temp_9,max_temp_4 avg_temp_16
0,36993.543478260974,1654.0382838065952,22174.02178817143,7978.509775453325,1734.9248211878817,11682.847537024341,444.8723449530927,-17490.911732189295
