,intercept,min_temp_7,precip_3 precip_10,precip_4 precip_20,precip_5 max_temp_4,precip_7 precip_19,precip_9 min_temp_10,precip_10 max_temp_13,precip_13 min_temp_2,precip_16 min_temp_0,precip_16 max_temp_20,precip_16 avg_temp_5,precip_21 min_temp_13,precip_22 avg_temp_10,min_temp_3 max_temp_12,min_temp_3 avg_temp_8,min_temp_3 avg_temp_10,min_temp_4 min_temp_16,min_temp_5 min_temp_8,min_temp_5 min_temp_15,min_temp_5 min_temp_18,min_temp_5 avg_temp_6,min_temp_6 min_temp_18,min_temp_9^2,min_temp_15 min_temp_21,max_temp_3 max_temp_8,max_temp_5 max_temp_15,max_temp_7 max_temp_17,max_temp_7 avg_temp_19,max_temp_8 max_temp_19,max_temp_9 avg_temp_8,avg_temp_3 avg_temp_22,avg_temp_12 avg_temp_23
0,34418.13043478267,-9173.727207549025,1684.614575747144,2271.5293916601827,-5267.047283487757,-1930.1103308557924,-2370.3742793887054,-8701.569509165322,1154.8648861552765,1434.5899997652023,-234.46715205407122,-542.7578376021552,1519.578190185002,-3625.2456405246417,651.0187592557079,1627.1162088071478,-1611.1682729851848,17381.115638212315,9095.306302157102,911.1798948631313,2981.0321862615247,7516.645946873171,16002.00659584272,2504.9121462324424,8172.19093820042,-5869.80895624243,-8760.977391807859,-1281.2607197796704,-1208.7256546013818,-5089.922915663304,-665.0815986870758,-3056.9052913703954,2378.7258755421217
