,intercept,Agricultural Land Mass,precip_5^2,min_temp_4 min_temp_16,min_temp_4 min_temp_17,min_temp_4 max_temp_21,min_temp_5 max_temp_17,min_temp_6 avg_temp_18,min_temp_7 max_temp_16,min_temp_8 avg_temp_9,min_temp_9 max_temp_12,min_temp_9 max_temp_19,min_temp_16 max_temp_3,min_temp_16 max_temp_21,min_temp_17 min_temp_18,min_temp_17 avg_temp_9,min_temp_18 min_temp_19,min_temp_18 max_temp_2,min_temp_19 avg_temp_7,min_temp_20 avg_temp_21,min_temp_21 max_temp_15,max_temp_8 max_temp_19,max_temp_18 avg_temp_6,avg_temp_6 avg_temp_18
0,40335.173913043516,144.8706929326605,-3417.331638652923,15491.015469258595,2305.361707563599,-9847.778389280084,13441.630479858228,2718.954787273787,-9600.307146156958,8965.255294880591,8649.210639390203,-9548.123691228771,-4378.081129573063,-821.6809795347085,1597.8430165056989,884.5219336232726,14812.857619884971,2269.9902565888383,-4243.566083839385,-4703.276580454464,4894.465648049185,-5931.815896041583,1603.3655341461724,3946.792034715519
