,intercept,min_temp_16,precip_5^2,precip_5 max_temp_6,min_temp_4 min_temp_16,min_temp_4 max_temp_21,min_temp_4 avg_temp_3,min_temp_4 avg_temp_17,min_temp_4 avg_temp_21,min_temp_5 min_temp_17,min_temp_6 max_temp_18,min_temp_6 avg_temp_17,min_temp_7 min_temp_16,min_temp_8 min_temp_16,min_temp_8 max_temp_19,min_temp_8 avg_temp_5,min_temp_9 min_temp_21,min_temp_9 max_temp_12,min_temp_9 max_temp_19,min_temp_16^2,min_temp_16 min_temp_17,min_temp_16 max_temp_3,min_temp_16 max_temp_4,min_temp_16 max_temp_20,min_temp_16 max_temp_21,min_temp_16 avg_temp_6,min_temp_16 Agricultural Land Mass,min_temp_17 max_temp_7,min_temp_17 avg_temp_9,min_temp_18 min_temp_19,min_temp_18 max_temp_2,min_temp_18 max_temp_6,min_temp_19 avg_temp_7,min_temp_20 max_temp_17,min_temp_20 avg_temp_21,min_temp_21 max_temp_15,max_temp_6 max_temp_16,max_temp_7 max_temp_16,max_temp_7 avg_temp_16,max_temp_8 max_temp_19,max_temp_8 avg_temp_19,max_temp_16 avg_temp_6,max_temp_17 avg_temp_5,max_temp_17 avg_temp_16,max_temp_18 avg_temp_6,Agricultural Land Mass^2
0,38270.717391304635,-24873.338944917792,-40720.07526650636,29672.358835642484,84346.95394976865,-142850.5641230447,123430.68878669357,-41096.4713662239,46565.21543945357,61611.26875655973,5172.828736692475,-19925.753370669736,4131.632751268378,160549.0386295891,-31882.80254248108,-42184.21840341822,-13006.199346084173,10483.188069011276,-10457.359674402976,-106303.16495480367,93331.95384137625,-172185.08787801905,32523.34676079743,66198.57275207917,156131.88912036063,-56490.425454599594,-170695.92271014402,-76871.79976491006,42511.955258858936,42946.52316254521,-4879.6299167721645,-18321.333122051747,-22550.20757494122,-427.9367113635641,-32913.9909499283,4762.684200145986,-12043.20951525839,39179.54331573237,25471.522475158665,-586.9338703539441,-13218.463941920161,-8825.578049876749,-6219.552782474779,-1576.7301556830769,27251.48628542478,4327.514798741023
