,intercept,Agricultural Land Mass,min_temp_4 max_temp_21,min_temp_5 max_temp_17,min_temp_6 max_temp_19,min_temp_7 max_temp_16,min_temp_8 avg_temp_9,min_temp_9 max_temp_12,min_temp_9 max_temp_19,min_temp_16 max_temp_3,min_temp_16 max_temp_4,min_temp_17 max_temp_6,min_temp_17 max_temp_7,min_temp_17 avg_temp_9,min_temp_18 min_temp_19,min_temp_18 max_temp_2,min_temp_20 avg_temp_21,min_temp_21 max_temp_15,max_temp_8 max_temp_19,max_temp_18 avg_temp_6,avg_temp_4 avg_temp_17,avg_temp_6 avg_temp_18
0,36835.34782608715,814.8971527709863,-6082.710512536974,21022.248608459086,-8301.31537135462,-9678.056833249984,9668.322219083191,10964.837925717773,-15267.126059900937,-7571.0119888729605,15218.005685293625,-2468.7641891598864,-3974.969536350958,2672.3896109546654,12849.684530647613,296.201401383877,-6700.37247837026,9642.561741272692,-10202.415358595548,4845.643922578967,8178.433995563769,8384.220377806263
