,intercept,Agricultural Land Mass,Agricultural Land Mass^2
0,38318.56521775688,12251155.752652891,-12257473.085484317
