,intercept,Agricultural Land Mass,min_temp_4 min_temp_16,min_temp_6 min_temp_16,min_temp_6 max_temp_16,min_temp_6 avg_temp_16,min_temp_8 min_temp_19,min_temp_16 max_temp_4,min_temp_17 max_temp_6,min_temp_17 avg_temp_9,max_temp_4 avg_temp_16,avg_temp_4 avg_temp_16,Agricultural Land Mass^2
0,35648.000000025175,5293246.770203696,392551.11175319384,1005408.5808184994,1110372.2999273355,-2030856.8845634528,3269.5729115013323,-511659.59518992004,8879.027371974966,5174.152142138792,858795.6272104119,-778720.339562034,-5291982.682086603
