,intercept,Agricultural Land Mass,min_temp_4 min_temp_16,min_temp_6 min_temp_16,min_temp_6 max_temp_16,min_temp_6 avg_temp_16,min_temp_8 min_temp_19,min_temp_16 max_temp_4,min_temp_17 max_temp_6,min_temp_17 avg_temp_9,max_temp_4 avg_temp_16,avg_temp_4 avg_temp_16,Agricultural Land Mass^2
0,40906.1304349631,2928470.9876647233,759206.1038924477,1592092.301639575,1637278.541371511,-3074522.1334588057,8960.649854952802,-1032457.4534028262,10050.424145996265,3066.0254042132924,1716294.4233105797,-1532941.3199691577,-2925589.191758291
