,intercept,Agricultural Land Mass,min_temp_4 min_temp_16,min_temp_6 min_temp_16,min_temp_6 max_temp_16,min_temp_6 avg_temp_16,min_temp_8 min_temp_19,min_temp_16 max_temp_4,min_temp_17 max_temp_6,min_temp_17 avg_temp_9,max_temp_4 avg_temp_16,avg_temp_4 avg_temp_16,Agricultural Land Mass^2
0,40262.10869565287,52950.0162162164,157399.90856266665,203800.34034770774,-61039.040473805006,-68251.02692943026,7574.274477961172,-384570.6452646327,9207.104727781052,7687.059579616664,419445.91703955183,-253424.44900069977,-51315.69868715661
