,intercept,Agricultural Land Mass,min_temp_4 min_temp_16,min_temp_6 min_temp_16,min_temp_6 max_temp_16,min_temp_6 avg_temp_16,min_temp_8 min_temp_19,min_temp_16 max_temp_4,min_temp_17 max_temp_6,min_temp_17 avg_temp_9,max_temp_4 avg_temp_16,avg_temp_4 avg_temp_16,Agricultural Land Mass^2
0,37254.39130434415,65542.64458964785,79568.81218470431,156652.1509021288,31789.285843664467,-153356.68278921218,6361.427665042194,-187305.31339786208,6799.807678970671,8678.172683482051,199835.8002506941,-117238.64384563608,-66762.39663723602
