,intercept,Agricultural Land Mass,min_temp_4 min_temp_16,min_temp_6 max_temp_16,min_temp_8 min_temp_19,min_temp_16 max_temp_4,min_temp_17 max_temp_6,min_temp_17 avg_temp_9,max_temp_4 avg_temp_16
0,40561.52173913044,752.2804829989785,22087.467247139844,-773.0023000091862,6594.816526824251,-3904.3368808656264,11138.181890536256,3695.7660374237203,-6024.74843617907
