,intercept,Agricultural Land Mass,min_temp_4 min_temp_16,min_temp_6 min_temp_16,min_temp_6 max_temp_16,min_temp_6 avg_temp_16,min_temp_8 min_temp_19,min_temp_16 max_temp_4,min_temp_17 max_temp_6,min_temp_17 avg_temp_9,max_temp_4 avg_temp_16,avg_temp_4 avg_temp_16,Agricultural Land Mass^2
0,38853.54347827932,1087537.0424404945,745024.5691241255,621309.4539345221,168834.46139656825,-650699.2746498983,15889.35800490764,-1106139.2664872862,10383.851227435973,-904.8138152591963,1765541.5260539362,-1513123.587620971,-1085551.1727411197
