,intercept,Agricultural Land Mass,min_temp_4 min_temp_16,min_temp_6 min_temp_16,min_temp_6 max_temp_16,min_temp_6 avg_temp_16,min_temp_8 min_temp_19,min_temp_16 max_temp_4,min_temp_17 max_temp_6,min_temp_17 avg_temp_9,max_temp_4 avg_temp_16,avg_temp_4 avg_temp_16,Agricultural Land Mass^2
0,36283.152173922805,1844018.9780316895,695032.5410945696,815972.5405223577,556244.8959966938,-1244982.685718156,9271.334480562553,-976155.3776572006,6553.507703486463,5928.778868992669,1604335.9549674022,-1415072.8559056346,-1843199.0480779964
