,intercept,Agricultural Land Mass,precip_5 max_temp_8,min_temp_4 min_temp_16,min_temp_5 min_temp_16,min_temp_5 max_temp_17,min_temp_6 max_temp_18,min_temp_6 max_temp_19,min_temp_6 avg_temp_6,min_temp_7 max_temp_16,min_temp_8 min_temp_16,min_temp_8 avg_temp_9,min_temp_9 max_temp_12,min_temp_9 max_temp_19,min_temp_16 max_temp_3,min_temp_16 avg_temp_4,min_temp_17 max_temp_6,min_temp_18 min_temp_19,min_temp_20 max_temp_17,min_temp_21 max_temp_15,max_temp_8 max_temp_19,avg_temp_16 avg_temp_18
0,35646.630434782535,2306.495146488668,-5630.601070940333,16957.293232353495,8315.512966209357,13043.358746923805,15411.59996442776,-6718.520863534126,-1877.1005669214946,-18990.71653623118,1206.1012556880128,11513.63273881626,5118.836162414127,-2359.4884150826606,-14205.3523610375,2960.473925849512,-5221.546629719304,6943.3279097022705,-248.0048277309973,3954.0632686186127,-6856.730955903591,3672.9258894628774
