,intercept,Agricultural Land Mass,min_temp_4 min_temp_16,min_temp_6 min_temp_16,min_temp_6 max_temp_16,min_temp_6 avg_temp_16,min_temp_8 min_temp_19,min_temp_16 max_temp_4,min_temp_17 max_temp_6,min_temp_17 avg_temp_9,max_temp_4 avg_temp_16,avg_temp_4 avg_temp_16,Agricultural Land Mass^2
0,37665.565217388685,74750.48007928529,111631.88018308938,99283.77775607277,105753.84941385235,-190944.14592061963,5739.750986012733,-110450.3678476595,9710.264320105747,7790.865196914932,184486.97303344804,-189936.99444054588,-73730.32115778058
