,intercept,precip_1 max_temp_13,precip_4 precip_20,precip_5 min_temp_16,precip_5 max_temp_4,precip_7 precip_19,precip_9 min_temp_10,precip_10 max_temp_13,precip_12 max_temp_23,precip_13 min_temp_2,precip_16 max_temp_20,precip_22 min_temp_2,min_temp_0 min_temp_2,min_temp_0 max_temp_2,min_temp_3 max_temp_12,min_temp_3 avg_temp_8,min_temp_4 min_temp_5,min_temp_4 avg_temp_16,min_temp_4 avg_temp_21,min_temp_5 min_temp_8,min_temp_5 min_temp_15,min_temp_5 max_temp_16,min_temp_5 max_temp_17,min_temp_5 max_temp_20,min_temp_6^2,min_temp_6 min_temp_18,min_temp_6 max_temp_17,min_temp_7 min_temp_19,min_temp_7 avg_temp_5,min_temp_8 max_temp_21,min_temp_16 max_temp_22,min_temp_19 avg_temp_7,max_temp_3 max_temp_8,max_temp_5 max_temp_15,max_temp_5 avg_temp_8,max_temp_5 avg_temp_9
0,35369.65217391309,2820.2165653376114,837.0266710392773,-3196.00162014971,-1911.5022777263327,-4127.257895033941,-3224.075653402322,-4619.270654143656,-338.98885237966243,2706.7196074242556,1494.3447160360809,-2555.147777607648,2527.1007140750257,249.00096410498574,4807.031522923984,5025.460960272169,316.3854677841692,2842.085251831598,8962.398823029978,10161.02164987647,5659.545965831353,6476.74336892843,3985.829097127807,4598.737142804735,982.5380383221847,2285.644592369571,5957.3096234534905,-714.7323935158558,-5590.462378905763,1351.1630924033707,2382.363707064177,-3927.9193795596952,-10571.105468970367,-6532.3986801494375,-378.188775639707,-267.25883062970695
