,intercept,precip_5 max_temp_8,min_temp_4 min_temp_16,min_temp_4 max_temp_21,min_temp_5 min_temp_16,min_temp_5 min_temp_17,min_temp_5 max_temp_17,min_temp_6 max_temp_18,min_temp_7 max_temp_16,min_temp_8 min_temp_19,min_temp_8 avg_temp_9,min_temp_9 max_temp_12,min_temp_9 max_temp_19,min_temp_16 max_temp_3,min_temp_17 max_temp_7,min_temp_17 avg_temp_9,min_temp_18 max_temp_2,min_temp_20 max_temp_17,min_temp_21 max_temp_15,max_temp_4 avg_temp_16,max_temp_6 max_temp_16,max_temp_8 max_temp_19,max_temp_18 avg_temp_6,avg_temp_16 avg_temp_18
0,37086.021739130294,-6468.883145804562,1214.086728169228,-303.3450462617329,10251.107287784134,10097.817907783341,6074.893135530371,1418.3785431197675,-18856.343289307737,16600.388999537026,4418.499052687461,5576.853388633357,-4046.982695497601,-11630.808089866492,-5612.726363683144,741.2715501113206,665.1808979145933,1725.4273040134958,1417.4519315835387,15760.18360162622,103.36395137453798,-12733.574042797809,8224.645503215552,2342.1408691755837
