,intercept,min_temp_16,Agricultural Land Mass,precip_5^2,precip_5 max_temp_6,min_temp_4 min_temp_16,min_temp_4 max_temp_21,min_temp_4 avg_temp_3,min_temp_4 avg_temp_17,min_temp_4 avg_temp_21,min_temp_5 min_temp_17,min_temp_5 max_temp_17,min_temp_6 min_temp_18,min_temp_7 min_temp_16,min_temp_8 min_temp_16,min_temp_8 min_temp_19,min_temp_8 avg_temp_5,min_temp_9 min_temp_21,min_temp_9 max_temp_12,min_temp_9 avg_temp_19,min_temp_16^2,min_temp_16 max_temp_3,min_temp_16 max_temp_4,min_temp_16 max_temp_20,min_temp_16 max_temp_21,min_temp_16 avg_temp_4,min_temp_16 avg_temp_19,min_temp_16 Agricultural Land Mass,min_temp_17 max_temp_6,min_temp_17 avg_temp_9,min_temp_18 min_temp_19,min_temp_18 max_temp_2,min_temp_18 max_temp_6,min_temp_19 avg_temp_7,min_temp_19 avg_temp_8,min_temp_20 avg_temp_16,min_temp_21 max_temp_15,max_temp_7 avg_temp_18,max_temp_18 avg_temp_6,avg_temp_8 avg_temp_19,Agricultural Land Mass^2
0,38193.304347825964,-22151.136860517494,2119.7124912425024,-27070.69218077391,23023.346884376675,65695.08735404607,-163947.6501945792,127182.34860571458,-8185.779290846157,18723.678587899773,26056.05003630208,3426.385855367327,-1958.1938198224814,-2137.2662655570307,78610.78717282697,-22340.760644276867,-10995.339738913415,-19980.396417859865,14442.129087730595,4078.4158218828443,-2745.563929579505,-142349.26725918456,16218.417962448379,35238.80374844358,144414.4621606427,11376.78236181991,-49999.93047600874,-57909.970241974115,-19401.995542049663,16481.89389763223,65302.37700814344,-460.38622829521756,-31281.523703798237,-20118.88801011426,-16327.857998368323,-25639.519083072508,1655.2218343716197,-3348.6472249586586,22803.79431354076,-1489.9112198136352,3873.578367847155
