,intercept,Agricultural Land Mass,min_temp_4 min_temp_16,min_temp_6 max_temp_16,min_temp_8 min_temp_19,min_temp_16 max_temp_4,min_temp_17 max_temp_6,min_temp_17 avg_temp_9,max_temp_4 avg_temp_16
0,38265.152173913106,1835.0310300379676,24286.872803164584,480.02616232396394,6773.255633465343,-819.3087911717105,8561.099381194012,7919.197922832497,-15118.698250739908
