,intercept,Agricultural Land Mass,min_temp_4 min_temp_16,min_temp_6 min_temp_16,min_temp_6 max_temp_16,min_temp_6 avg_temp_16,min_temp_8 min_temp_19,min_temp_16 max_temp_4,min_temp_17 max_temp_6,min_temp_17 avg_temp_9,max_temp_4 avg_temp_16,avg_temp_4 avg_temp_16,Agricultural Land Mass^2
0,39304.782608594716,2666130.7444695774,645347.8245031484,1309709.4813933412,1135056.0838394244,-2272617.1463489835,7471.634523839611,-1047554.0920933281,7233.370708332114,5891.322005927919,1583842.5118125007,-1290479.8236262365,-2664078.159069264
