,intercept,Agricultural Land Mass,min_temp_4 min_temp_16,Agricultural Land Mass^2
0,38147.652174147704,10609399.645006573,19818.09778080582,-10608149.8804619
