,intercept,Agricultural Land Mass,Agricultural Land Mass^2
0,36950.89130452308,13157869.727298984,-13163712.37769802
