,intercept,Agricultural Land Mass,min_temp_4 min_temp_16,min_temp_6 min_temp_16,min_temp_6 max_temp_16,min_temp_6 avg_temp_16,min_temp_8 min_temp_19,min_temp_16 max_temp_4,min_temp_17 max_temp_6,min_temp_17 avg_temp_9,max_temp_4 avg_temp_16,avg_temp_4 avg_temp_16,Agricultural Land Mass^2
0,36630.9347826902,2391570.0002331706,794333.9166768597,1244030.0121496508,953112.9700822805,-2007855.1358577474,1237.9510234134739,-1205680.1746156397,7833.890649975737,-2525.369677194831,1889326.5831524497,-1607621.9641432227,-2390022.1507618297
