,intercept,Agricultural Land Mass,min_temp_4 min_temp_16,Agricultural Land Mass^2
0,37950.065216727395,11249185.521018358,18562.511219149408,-11248540.774866953
