,intercept,Agricultural Land Mass,precip_1 max_temp_13,precip_5 min_temp_16,precip_7 precip_19,precip_9 min_temp_2,precip_9 min_temp_10,precip_10 max_temp_13,precip_13 min_temp_2,precip_20 max_temp_22,precip_21 min_temp_13,precip_22 min_temp_9,min_temp_4 max_temp_16,min_temp_4 avg_temp_16,min_temp_5 min_temp_15,min_temp_5 min_temp_17,min_temp_5 max_temp_16,min_temp_5 avg_temp_17,min_temp_6^2,min_temp_6 max_temp_17,min_temp_6 max_temp_18,min_temp_7 avg_temp_19,min_temp_8 max_temp_21,min_temp_9^2,min_temp_16 min_temp_21,min_temp_18 max_temp_2,max_temp_3 max_temp_8,max_temp_5 max_temp_15,max_temp_8 max_temp_19,avg_temp_12 avg_temp_23
0,38439.28260869547,2861.9009294284742,-4186.18381807598,-4923.950066100449,-2694.8369096396964,-1626.7447363224903,-4773.259865426361,-2165.304171653372,638.5444883815534,-984.6392075418387,1539.3497256887938,3623.4272297334596,14326.855610289635,2323.620592023873,7255.868036880186,12939.042782473645,2418.989140359029,3696.1553534182517,3848.2033488711363,456.9806367030841,4489.6673452191135,-10001.317776160708,9365.727430444847,3276.459123379872,6648.119100476811,-1151.1933488085128,-9691.130450660585,-12445.40307071812,-4530.697185975243,5736.584625920169
