,intercept,Agricultural Land Mass,precip_5 max_temp_6,min_temp_4 min_temp_16,min_temp_4 max_temp_21,min_temp_5 min_temp_17,min_temp_5 max_temp_17,min_temp_6 min_temp_18,min_temp_6 max_temp_19,min_temp_7 max_temp_16,min_temp_8 min_temp_16,min_temp_8 avg_temp_5,min_temp_9 min_temp_21,min_temp_9 max_temp_12,min_temp_16 max_temp_3,min_temp_16 avg_temp_4,min_temp_18 min_temp_19,min_temp_18 max_temp_2,min_temp_18 max_temp_6,min_temp_21 max_temp_15,max_temp_4 avg_temp_16,max_temp_7 avg_temp_18,max_temp_8 max_temp_19,avg_temp_6 avg_temp_18
0,37510.41304347833,439.361932835519,-6987.483374984311,18083.804635811728,-10511.213566533743,9313.857764738552,10677.04065992728,729.0799674851181,-3170.1239375857185,-16038.863338399153,280.84796358243534,12095.53354247702,-4670.833932243449,4723.254989539227,-12014.39773827029,9645.863849263695,6075.746409487468,2299.104416873935,2117.6596110190735,9803.112065223968,1972.1620612608933,1177.07491688461,-11233.659893620003,5181.621428643627
