,intercept,Agricultural Land Mass,min_temp_4 min_temp_16,min_temp_6 min_temp_16,min_temp_6 max_temp_16,min_temp_6 avg_temp_16,min_temp_8 min_temp_19,min_temp_16 max_temp_4,min_temp_17 max_temp_6,min_temp_17 avg_temp_9,max_temp_4 avg_temp_16,avg_temp_4 avg_temp_16,Agricultural Land Mass^2
0,40574.69565213744,-578672.1129829237,669129.4803925479,1158346.1666565563,912124.7971837901,-1915211.552070853,11271.430422920377,-1017209.3173164797,11844.00472803074,3822.841769612709,1578322.1491054506,-1339877.7424374046,583374.9197052836
