,intercept,Agricultural Land Mass,min_temp_4 min_temp_16,min_temp_6 min_temp_16,min_temp_6 max_temp_16,min_temp_6 avg_temp_16,min_temp_8 min_temp_19,min_temp_16 max_temp_4,min_temp_17 max_temp_6,min_temp_17 avg_temp_9,max_temp_4 avg_temp_16,avg_temp_4 avg_temp_16,Agricultural Land Mass^2
0,37620.91304348345,78901.07640905117,83039.54261935707,151059.30628577629,36846.99172213742,-150146.94610618742,6850.5059089261,-195696.79296609137,8532.715448163506,7879.523258189553,195780.58419481592,-111974.93430718467,-80045.10094592924
