,intercept,Agricultural Land Mass,min_temp_4 min_temp_16,min_temp_6 min_temp_16,min_temp_6 max_temp_16,min_temp_6 avg_temp_16,min_temp_8 min_temp_19,min_temp_16 max_temp_4,min_temp_17 max_temp_6,min_temp_17 avg_temp_9,max_temp_4 avg_temp_16,avg_temp_4 avg_temp_16,Agricultural Land Mass^2
0,40574.9782609462,1994299.8539877702,742552.5921562059,1383341.7654653834,1215797.0277841743,-2431988.2836944237,8371.315174588268,-1083241.8334341832,10673.942907750603,1974.0697183064249,1694104.8097729082,-1466309.5772654614,-1992251.1741341725
