,intercept,Agricultural Land Mass,Agricultural Land Mass^2
0,40058.91304330076,13468090.26304064,-13473359.119579466
