,intercept,Agricultural Land Mass,Agricultural Land Mass^2
0,40559.78260939268,12971840.451846574,-12979897.146576261
