,intercept,min_temp_7,Agricultural Land Mass,precip_1 max_temp_13,precip_4 precip_20,precip_5 max_temp_8,precip_7 precip_19,precip_9 min_temp_10,precip_10 max_temp_13,precip_12 max_temp_23,precip_16 min_temp_0,min_temp_0 max_temp_2,min_temp_2 min_temp_12,min_temp_3 avg_temp_8,min_temp_3 avg_temp_10,min_temp_4 min_temp_16,min_temp_4 avg_temp_14,min_temp_4 avg_temp_20,min_temp_5 min_temp_15,min_temp_5 min_temp_17,min_temp_5 max_temp_16,min_temp_5 max_temp_20,min_temp_5 avg_temp_17,min_temp_5 avg_temp_18,min_temp_6 max_temp_18,min_temp_7 min_temp_19,min_temp_7 avg_temp_19,min_temp_8 min_temp_17,min_temp_8 max_temp_21,min_temp_9 min_temp_16,min_temp_9 min_temp_21,min_temp_9 max_temp_12,min_temp_15 min_temp_21,min_temp_16 max_temp_22,min_temp_19 max_temp_15,max_temp_3 max_temp_8,max_temp_5 max_temp_15,max_temp_9 avg_temp_8,avg_temp_12 avg_temp_23,avg_temp_18^2
0,37684.78260869577,-1889.3547564690305,5583.068789893121,-2975.92042397548,2835.49233221915,-3676.0884376088416,-7596.513751125677,-328.2004174320892,-3927.972186749626,2891.827051065774,658.8687029794461,7067.566116224464,-2290.2705390612637,1685.084157645545,-912.981900945225,3024.7742241193305,2968.8698231652743,13486.486731831283,2058.029296168738,1847.1798870298787,2292.363942160546,323.8864182863029,3257.759595855344,787.4826904682733,13375.511019743586,-4540.959246127867,-5744.280543417269,2328.7212828018346,8617.21268585857,4136.839181076907,4145.997853988814,-22.264699797227486,495.72197470948754,1220.4841652493612,-1612.6544607428655,-8141.900399941527,-6090.940561125017,-2993.09952340775,2329.1966357167726,24.548414443171684
