,intercept,Agricultural Land Mass,min_temp_4 min_temp_16,min_temp_8 min_temp_19,min_temp_16 max_temp_4,min_temp_17 max_temp_6,min_temp_17 avg_temp_9,max_temp_4 avg_temp_16
0,35953.891304347926,1737.0747620944646,21882.337220801888,6260.96246085768,-800.367935072668,8614.089467023136,6120.035456109116,-12409.832462409793
