,intercept,Agricultural Land Mass,Agricultural Land Mass^2
0,41129.34782677794,13520044.932716586,-13523623.16518451
