,intercept,Agricultural Land Mass,precip_5 max_temp_8,min_temp_4 min_temp_16,min_temp_4 max_temp_21,min_temp_5 max_temp_17,min_temp_6 max_temp_16,min_temp_6 max_temp_18,min_temp_6 max_temp_19,min_temp_6 avg_temp_16,min_temp_6 avg_temp_18,min_temp_7 max_temp_16,min_temp_8 min_temp_16,min_temp_8 avg_temp_9,min_temp_9 max_temp_12,min_temp_9 max_temp_19,min_temp_16 max_temp_3,min_temp_16 max_temp_4,min_temp_16 avg_temp_4,min_temp_17 max_temp_6,min_temp_18 min_temp_19,min_temp_20 avg_temp_21,min_temp_21 max_temp_15,max_temp_8 max_temp_19,avg_temp_16 avg_temp_18
0,39075.195652173985,2027.2540666676505,-5506.220339650187,10901.6675066826,-4221.344805291899,23963.018136581173,2283.0163321547275,663.6701557197621,-6492.201780074671,1868.308590956561,13376.254391361586,-17915.921641571767,5505.045312284903,8253.556821568387,11988.470415895195,-10008.589453921677,-13471.293333172092,4232.216136645627,1064.9755355704056,-1270.5693161677405,2305.9113034998404,-6291.269170574257,9243.513971156055,-6894.7851616443395,5390.594750960843
