,intercept,Agricultural Land Mass,min_temp_4 min_temp_16,min_temp_6 min_temp_16,min_temp_6 max_temp_16,min_temp_6 avg_temp_16,min_temp_8 min_temp_19,min_temp_16 max_temp_4,min_temp_17 max_temp_6,min_temp_17 avg_temp_9,max_temp_4 avg_temp_16,avg_temp_4 avg_temp_16,Agricultural Land Mass^2
0,36060.54347831596,4968596.01968094,320926.34299495607,471696.7325242407,574596.1776461375,-1021958.7468515725,7124.539227986093,-303665.2991509791,5019.888443955645,8121.572444524629,647534.2094140168,-666650.4571321716,-4968394.388612656
