,intercept,Agricultural Land Mass,min_temp_4 min_temp_16,min_temp_6 min_temp_16,min_temp_6 max_temp_16,min_temp_6 avg_temp_16,min_temp_8 min_temp_19,min_temp_16 max_temp_4,min_temp_17 max_temp_6,min_temp_17 avg_temp_9,max_temp_4 avg_temp_16,avg_temp_4 avg_temp_16,Agricultural Land Mass^2
0,36976.76086956835,76829.17931933477,72400.0649062039,152528.74330828022,35164.779262796466,-152731.0624943961,5710.460198521521,-190575.06906205876,5444.704214617039,11875.880702487948,191863.17138861603,-99226.7735720684,-77119.46160333857
