,intercept,Agricultural Land Mass,min_temp_4 min_temp_16,min_temp_6 min_temp_16,min_temp_6 max_temp_16,min_temp_6 avg_temp_16,min_temp_8 min_temp_19,min_temp_16 max_temp_4,min_temp_17 max_temp_6,min_temp_17 avg_temp_9,max_temp_4 avg_temp_16,avg_temp_4 avg_temp_16,Agricultural Land Mass^2
0,38132.934782587006,3951195.8611407694,640645.2866230387,1316835.844918792,1108761.8537567414,-2256234.991354128,9600.550159644577,-1054152.1434882744,10005.585043548897,3094.900583626276,1566865.4018601093,-1274141.677966754,-3951351.832751024
