,intercept,Agricultural Land Mass,precip_5 max_temp_8,min_temp_4 min_temp_16,min_temp_5 min_temp_16,min_temp_5 min_temp_17,min_temp_5 max_temp_17,min_temp_6 min_temp_18,min_temp_6 max_temp_18,min_temp_6 avg_temp_18,min_temp_7 max_temp_16,min_temp_8 min_temp_16,min_temp_9 min_temp_21,min_temp_9 max_temp_12,min_temp_16 max_temp_3,min_temp_16 max_temp_20,min_temp_16 max_temp_21,min_temp_19 avg_temp_7,min_temp_20 avg_temp_16,min_temp_20 avg_temp_21,max_temp_18 avg_temp_6,avg_temp_16 avg_temp_18
0,38202.63043478249,2442.33776688554,-3202.8785793842285,9381.454612082842,11677.766126418142,8508.540267541965,3534.391848660207,946.7515346692896,4666.26371825245,664.0647341440581,-7257.904519359634,5656.487921385638,338.8223951916854,4332.663580665263,-15316.113242171776,1366.4784773825702,4440.636316273239,-6582.439744821111,3488.4628094882223,511.75477105627573,416.07547858652396,881.2637641201403
