,intercept,Agricultural Land Mass,min_temp_4 min_temp_16,Agricultural Land Mass^2
0,39142.15217462084,10065236.067708625,20203.47332398956,-10064669.548137115
