,intercept,Agricultural Land Mass,min_temp_4 min_temp_16,min_temp_6 min_temp_16,min_temp_6 max_temp_16,min_temp_6 avg_temp_16,min_temp_8 min_temp_19,min_temp_16 max_temp_4,min_temp_17 max_temp_6,min_temp_17 avg_temp_9,max_temp_4 avg_temp_16,avg_temp_4 avg_temp_16,Agricultural Land Mass^2
0,38348.717391371276,1805260.4535827346,286358.67215117963,1610406.2497181066,1819511.9589141996,-3306143.1678868835,2547.8714108855174,-514179.6869588951,9798.130518875949,8565.22879646181,729676.5097690336,-562516.5226253883,-1805423.1602909393
