,intercept,min_temp_7,Agricultural Land Mass,precip_4 precip_20,precip_5 min_temp_8,precip_7 precip_19,precip_7 min_temp_2,precip_9 min_temp_2,precip_9 min_temp_10,precip_10 max_temp_13,precip_12 max_temp_23,precip_16 min_temp_0,precip_21 min_temp_22,min_temp_0 max_temp_2,min_temp_3 max_temp_12,min_temp_3 avg_temp_10,min_temp_4 min_temp_16,min_temp_4 avg_temp_14,min_temp_5 min_temp_8,min_temp_5 min_temp_15,min_temp_5 max_temp_16,min_temp_5 max_temp_17,min_temp_5 max_temp_20,min_temp_5 avg_temp_21,min_temp_6 max_temp_17,min_temp_8 min_temp_9,min_temp_8 max_temp_2,min_temp_8 max_temp_21,min_temp_20 max_temp_7,max_temp_3 avg_temp_8,max_temp_5 max_temp_15,max_temp_5 avg_temp_8,max_temp_8 avg_temp_19,max_temp_9 avg_temp_8
0,33092.652173913004,-7759.087632534328,1472.5192606847318,314.7685778094335,-694.9437284868684,-2294.21657794739,-5735.968808953205,1216.5581031732504,-1763.886447344593,-5608.589498149207,-977.1982965815331,580.3576558666206,-64.55798664710778,1775.8924577336018,4546.2988258479345,-521.9829956253824,7651.200704695873,2853.9873804040167,1608.559045487673,9930.562721553983,2283.6875919957733,5609.399672139836,3307.7585436056606,4515.918640177821,6537.823423355233,1868.0505208738462,5234.434738347142,9210.069056993865,-160.85664025040592,-1696.9028735444238,-12517.703635674,-204.52961534774906,-4608.431243569774,-1713.5743393449152
