,intercept,Agricultural Land Mass,Agricultural Land Mass^2
0,38451.152173977745,13776421.96150201,-13781137.593537545
