,intercept,Agricultural Land Mass,min_temp_4 min_temp_16,min_temp_6 min_temp_16,min_temp_6 max_temp_16,min_temp_6 avg_temp_16,min_temp_8 min_temp_19,min_temp_16 max_temp_4,min_temp_17 max_temp_6,min_temp_17 avg_temp_9,max_temp_4 avg_temp_16,avg_temp_4 avg_temp_16,Agricultural Land Mass^2
0,32902.195652259885,4009916.3469853406,224577.6656186899,169699.5082302147,186428.0294097253,-335995.3207333173,4845.848959381937,-200462.6966580111,4021.2290523085403,1238.617568174647,417303.1176690364,-444255.74748325505,-4009842.4196370705
