,intercept,Agricultural Land Mass,min_temp_4 min_temp_16,Agricultural Land Mass^2
0,32102.13043476871,6885346.4844256835,16425.681886446306,-6886491.572021833
