,intercept,Agricultural Land Mass,precip_5^2,min_temp_4 min_temp_16,min_temp_4 max_temp_21,min_temp_5 min_temp_17,min_temp_5 max_temp_17,min_temp_6 max_temp_19,min_temp_6 avg_temp_18,min_temp_7 max_temp_16,min_temp_8 avg_temp_9,min_temp_9 max_temp_12,min_temp_9 max_temp_19,min_temp_16 min_temp_18,min_temp_16 max_temp_3,min_temp_16 avg_temp_18,min_temp_17 avg_temp_9,min_temp_18 min_temp_19,min_temp_18 max_temp_2,min_temp_21 max_temp_15,max_temp_18 avg_temp_6
0,37994.17391304345,868.7020740172774,-3997.5621132984948,19424.398331231725,-7642.364534595936,3271.151478964263,10603.7349754899,-3524.346660157396,2434.5278909997687,-14667.261606244707,220.62142563533294,9056.885226129374,-1911.0374269715821,1970.4763878270621,-5169.020891525998,1631.3822737098017,2463.91562464292,4966.59946934029,605.4033832800003,1649.76758111647,8631.221315426432
