,intercept,Agricultural Land Mass,min_temp_4 min_temp_16,min_temp_6 min_temp_16,min_temp_6 max_temp_16,min_temp_6 avg_temp_16,min_temp_8 min_temp_19,min_temp_16 max_temp_4,min_temp_17 max_temp_6,min_temp_17 avg_temp_9,max_temp_4 avg_temp_16,avg_temp_4 avg_temp_16,Agricultural Land Mass^2
0,36171.76086967901,2250401.883869089,654325.5872780652,467223.21969028487,156825.57909710874,-514081.3936151822,9926.025230769785,-871207.4364042553,7072.52024136891,3805.7959371099096,1427077.6317305425,-1289678.2126624896,-2249798.4383643134
