,intercept,Agricultural Land Mass,min_temp_4 min_temp_16,min_temp_6 min_temp_16,min_temp_6 max_temp_16,min_temp_6 avg_temp_16,min_temp_8 min_temp_19,min_temp_16 max_temp_4,min_temp_17 max_temp_6,min_temp_17 avg_temp_9,max_temp_4 avg_temp_16,avg_temp_4 avg_temp_16,Agricultural Land Mass^2
0,41915.23913047361,752798.6086684046,793569.7214768162,1210416.595607814,1021175.0936296898,-2073806.0607829299,5627.695515904881,-1102369.8276480376,11538.380716847718,4122.770178858597,1803155.2581215503,-1595270.2731311435,-751494.881251835
