,intercept,Agricultural Land Mass,min_temp_4 min_temp_16,min_temp_6 min_temp_16,min_temp_6 max_temp_16,min_temp_6 avg_temp_16,min_temp_8 min_temp_19,min_temp_16 max_temp_4,min_temp_17 max_temp_6,min_temp_17 avg_temp_9,max_temp_4 avg_temp_16,avg_temp_4 avg_temp_16,Agricultural Land Mass^2
0,33322.00000006246,4097684.5878764433,387226.61635558587,879229.1357848853,923932.3244038344,-1714445.8819067392,409.6175567505268,-518819.1279491503,5021.1256815765955,999.1825867882816,875638.2262971704,-788186.1025770351,-4097076.933857749
