,intercept,Agricultural Land Mass,min_temp_4 min_temp_16,Agricultural Land Mass^2
0,37784.434783018936,9273172.476910021,18109.682375277906,-9274708.363056367
