,intercept,Agricultural Land Mass,min_temp_4 min_temp_16,min_temp_6 min_temp_16,min_temp_6 max_temp_16,min_temp_6 avg_temp_16,min_temp_8 min_temp_19,min_temp_16 max_temp_4,min_temp_17 max_temp_6,min_temp_17 avg_temp_9,max_temp_4 avg_temp_16,avg_temp_4 avg_temp_16,Agricultural Land Mass^2
0,40054.97826063296,3348959.3846682664,719395.251724699,1366073.7816268464,1200686.543259868,-2399911.2684156434,6221.963554158801,-1082970.0144664536,9698.443092155987,2012.6759645962652,1695726.3326479963,-1442771.578982414,-3347517.478779541
