,intercept,min_temp_4 min_temp_16,min_temp_8 min_temp_19,min_temp_17 max_temp_6,min_temp_17 avg_temp_9,max_temp_4 avg_temp_16,Agricultural Land Mass^2
0,40819.50000000002,16867.66869559763,7157.4652722471865,10048.337049614995,6933.7960207538235,-7430.000866906452,-213.62339727395616
