,intercept,Agricultural Land Mass,min_temp_4 min_temp_16,min_temp_6 min_temp_16,min_temp_6 max_temp_16,min_temp_6 avg_temp_16,min_temp_8 min_temp_19,min_temp_16 max_temp_4,min_temp_17 max_temp_6,min_temp_17 avg_temp_9,max_temp_4 avg_temp_16,avg_temp_4 avg_temp_16,Agricultural Land Mass^2
0,30826.347826191904,2159747.6474745483,650226.8371257969,401563.5743593765,56143.06795949302,-352224.6872027036,3702.3411934308806,-891788.4272520727,3305.5370466369254,2683.2940743903537,1529279.5726314848,-1368410.2061387151,-2159563.126216374
