,intercept,Agricultural Land Mass,min_temp_4 min_temp_16,min_temp_6 min_temp_16,min_temp_6 max_temp_16,min_temp_6 avg_temp_16,min_temp_8 min_temp_19,min_temp_17 max_temp_6,min_temp_17 avg_temp_9,max_temp_4 avg_temp_16
0,37321.99999999996,1012.7451336561019,15699.469182148587,1866.292413484529,3196.989566010998,109.59959585317117,3661.666805930256,9079.439499797476,3561.414962738369,-9597.15261800467
