,intercept,Agricultural Land Mass,min_temp_4 min_temp_16,min_temp_6 min_temp_16,min_temp_6 max_temp_16,min_temp_6 avg_temp_16,min_temp_8 min_temp_19,min_temp_16 max_temp_4,min_temp_17 max_temp_6,min_temp_17 avg_temp_9,max_temp_4 avg_temp_16,avg_temp_4 avg_temp_16,Agricultural Land Mass^2
0,38643.847825986246,3890762.550617512,380028.27678549703,1205217.5730317654,1302583.043221274,-2405955.0243645273,3977.048765512023,-570812.9672193916,9252.018356261311,6459.4793167248135,897759.4201067317,-760299.1597540149,-3890453.069882445
