,intercept,Agricultural Land Mass,precip_5 max_temp_8,min_temp_4 min_temp_16,min_temp_4 max_temp_21,min_temp_5 min_temp_16,min_temp_5 min_temp_17,min_temp_5 max_temp_17,min_temp_6 max_temp_18,min_temp_7 max_temp_16,min_temp_8 avg_temp_9,min_temp_9 max_temp_18,min_temp_16 max_temp_3,min_temp_17 max_temp_6,min_temp_17 avg_temp_9,min_temp_18 min_temp_19,min_temp_18 max_temp_2,min_temp_19 avg_temp_7,min_temp_20 max_temp_17,min_temp_21 max_temp_15,max_temp_7 avg_temp_18,max_temp_8 max_temp_19,avg_temp_16 avg_temp_18
0,39223.15217391316,2919.1440446189094,-3919.446574171939,40324.37404146727,-9740.238174843804,3376.965526691519,564.877598528565,7578.551754575539,12928.801152898119,-14760.513636881606,7913.979818114167,984.38740238378,-29227.54393631155,-703.1473715879217,2430.5777446075504,16209.308008900505,-1091.7153146790827,-13800.544435692,-1548.4665049822224,5927.69748461499,2525.5136109269856,-6728.385570632966,9149.853318870386
