,intercept,Agricultural Land Mass,min_temp_4 min_temp_16,min_temp_8 min_temp_19,min_temp_16 max_temp_4,min_temp_17 max_temp_6,min_temp_17 avg_temp_9,max_temp_4 avg_temp_16
0,41509.15217391304,1721.6685431914593,17165.982881939886,8624.610000016773,-6723.210789068992,10949.875002060984,7407.015753914422,-3589.5736531607595
