,intercept,Agricultural Land Mass,Agricultural Land Mass^2
0,37148.00000020818,12800811.856699178,-12807478.4313911
