,intercept,Agricultural Land Mass,min_temp_4 min_temp_16,min_temp_6 min_temp_16,min_temp_6 max_temp_16,min_temp_6 avg_temp_16,min_temp_8 min_temp_19,min_temp_16 max_temp_4,min_temp_17 max_temp_6,min_temp_17 avg_temp_9,max_temp_4 avg_temp_16,avg_temp_4 avg_temp_16,Agricultural Land Mass^2
0,39817.4130435828,3266264.8341150074,665651.1837271344,967044.8997014582,736963.2596840783,-1563871.3454033257,12636.992472422273,-979189.2824095375,7198.623203526637,2909.4013586858828,1543695.9113978073,-1327346.7993784146,-3264343.7364611197
