,intercept,Agricultural Land Mass,precip_5 max_temp_8,min_temp_4 min_temp_16,min_temp_5 min_temp_16,min_temp_5 min_temp_17,min_temp_5 max_temp_17,min_temp_6 min_temp_18,min_temp_7 max_temp_16,min_temp_8 min_temp_16,min_temp_8 avg_temp_5,min_temp_9 min_temp_21,min_temp_9 max_temp_12,min_temp_16 max_temp_3,min_temp_17 min_temp_18,min_temp_18 max_temp_2,min_temp_19 avg_temp_7,min_temp_20 avg_temp_16,min_temp_20 avg_temp_21,min_temp_21 avg_temp_3,max_temp_7 avg_temp_18,max_temp_8 max_temp_19,max_temp_18 avg_temp_6,avg_temp_16 avg_temp_18
0,35640.826086956484,2535.8807347281586,-867.9988559849353,17185.86927613941,778.6840374834536,12503.101810574648,505.3530036530997,1178.4063855241177,-6679.501809798476,14099.328045223123,462.6171481587551,3052.818823889699,1946.6328812974696,-18213.67070196332,971.4686209598954,-4437.487067713902,-8745.93345164253,632.6773247611231,2543.1042996620895,3591.7842194323403,2404.578035540795,-5383.829836143461,3982.4941020555284,5722.1347847690695
