,intercept,Agricultural Land Mass,min_temp_4 min_temp_16,Agricultural Land Mass^2
0,34566.89130466059,9742096.222022273,17180.225828539362,-9740530.175226044
