,intercept,Agricultural Land Mass,min_temp_4 min_temp_16,min_temp_6 min_temp_16,min_temp_8 min_temp_19,min_temp_16 max_temp_4,min_temp_17 max_temp_6,min_temp_17 avg_temp_9,avg_temp_4 avg_temp_16
0,36469.15217391309,1133.6650562156879,35297.754084016036,4537.128480509968,6344.220981803346,-21208.5586257087,10748.323648044992,4418.74412430894,-9769.245498063197
