,intercept,precip_5^2,precip_5 max_temp_8,min_temp_4 min_temp_16,min_temp_4 max_temp_21,min_temp_5 min_temp_16,min_temp_5 max_temp_17,min_temp_6 max_temp_16,min_temp_6 avg_temp_16,min_temp_6 avg_temp_18,min_temp_7 max_temp_16,min_temp_8 min_temp_16,min_temp_9 max_temp_12,min_temp_9 max_temp_19,min_temp_16 max_temp_3,min_temp_18 min_temp_19,min_temp_20 max_temp_17,min_temp_21 max_temp_15,min_temp_21 avg_temp_3,max_temp_8 max_temp_19,max_temp_18 avg_temp_6,Agricultural Land Mass^2
0,36866.21739130434,-2763.7171523786988,-2439.0277023273898,21633.087644273157,-5853.89658103439,3080.805079789246,19022.970311884314,4370.66221589595,1153.390844747554,8042.968923989405,-26269.23314927556,10708.191217622823,6353.977745225422,-2318.0408043288453,-10085.65338799284,7456.1659171226265,-2176.971884602312,770.5975509591133,2473.2299716418242,-3793.8444083081413,38.90872379010874,-502.51035916111084
