,intercept,Agricultural Land Mass,min_temp_4 min_temp_16,Agricultural Land Mass^2
0,37188.043478463595,10343004.794234164,22996.679729848445,-10340765.931649745
