,intercept,Agricultural Land Mass,precip_5^2,min_temp_4 min_temp_16,min_temp_4 max_temp_21,min_temp_5 min_temp_16,min_temp_5 min_temp_17,min_temp_5 max_temp_17,min_temp_6 min_temp_8,min_temp_6 max_temp_18,min_temp_7 max_temp_16,min_temp_8 min_temp_16,min_temp_8 avg_temp_5,min_temp_8 avg_temp_9,min_temp_9 max_temp_12,min_temp_9 max_temp_19,min_temp_16 max_temp_3,min_temp_18 min_temp_19,min_temp_18 max_temp_2,min_temp_21 avg_temp_3,max_temp_4 avg_temp_16,max_temp_8 max_temp_19,max_temp_18 avg_temp_6,avg_temp_16 avg_temp_18
0,36237.19565217396,3058.119081206668,-2800.3014772051492,14355.389470377482,-3929.5176959365913,6302.626515201658,5047.306770529045,11411.815963443438,6904.808717931905,415.07262135887487,-22556.540934184963,717.7624882592147,816.8102221937702,3593.4147547732614,7226.041543072672,-6041.153059747514,-14031.969179130036,3069.2019905301363,-281.780152062822,6429.8410472334535,6434.650707647922,-7895.8683988239345,2695.3590638456567,13485.03326084523
