,intercept,Agricultural Land Mass,min_temp_4 min_temp_16,min_temp_6 min_temp_16,min_temp_6 max_temp_16,min_temp_6 avg_temp_16,min_temp_8 min_temp_19,min_temp_16 max_temp_4,min_temp_17 max_temp_6,min_temp_17 avg_temp_9,max_temp_4 avg_temp_16,avg_temp_4 avg_temp_16,Agricultural Land Mass^2
0,40462.28260869716,71688.2711221351,86282.14350200165,125301.10526940649,78721.3864541477,-183331.70102923113,8639.638583538443,-133853.7290057062,9454.632016182415,8376.17746841607,182966.93659120644,-148760.3522800301,-70014.60209757807
