,intercept,min_temp_4 min_temp_16,min_temp_6 max_temp_16,min_temp_8 min_temp_19,min_temp_17 max_temp_6,min_temp_17 avg_temp_9,max_temp_4 avg_temp_16,Agricultural Land Mass^2
0,35168.56521739131,19733.49362634581,-4120.639342639714,2361.8414793249517,6758.142219472642,9580.155332081133,-6031.419986203239,-386.2951672983062
