,intercept,Agricultural Land Mass,precip_5 max_temp_8,min_temp_4 min_temp_16,min_temp_5 min_temp_16,min_temp_5 min_temp_17,min_temp_6 min_temp_8,min_temp_6 min_temp_19,min_temp_6 max_temp_18,min_temp_7 max_temp_16,min_temp_8 min_temp_16,min_temp_9 max_temp_12,min_temp_16 min_temp_17,min_temp_16 max_temp_3,min_temp_18 min_temp_19,min_temp_18 max_temp_2,min_temp_19 avg_temp_7,min_temp_20 avg_temp_21,max_temp_8 max_temp_19,avg_temp_4 avg_temp_17
0,35768.282608695736,1160.7312620498383,-3423.48005922341,12797.545266809686,18244.37284819942,8389.346705810098,10169.109797615798,1763.508264764458,625.277620070402,-7774.984201878641,1393.9448732695582,3451.335526869303,1393.6843907645928,-15570.931194402156,2528.115799297277,-1373.6329518381604,-5293.103206095064,5383.885192811224,-6442.823689810269,-1431.0531605480603
