,intercept,Agricultural Land Mass,min_temp_4 min_temp_16,min_temp_6 min_temp_16,min_temp_6 max_temp_16,min_temp_8 min_temp_19,min_temp_17 max_temp_6,min_temp_17 avg_temp_9,max_temp_4 avg_temp_16
0,37356.6304347826,1411.3135384235643,19819.84265945892,2210.3904047855767,7269.200899580839,5331.908998446145,7925.269211106697,1315.8551051703996,-14792.521252551871
