,intercept,Agricultural Land Mass,min_temp_4 min_temp_16,min_temp_6 min_temp_16,min_temp_6 max_temp_16,min_temp_6 avg_temp_16,min_temp_8 min_temp_19,min_temp_16 max_temp_4,min_temp_17 max_temp_6,min_temp_17 avg_temp_9,max_temp_4 avg_temp_16,avg_temp_4 avg_temp_16,Agricultural Land Mass^2
0,40247.06521738912,78973.35121153136,188415.73081757774,134115.36527356028,-8455.426252677189,-78476.2289148757,9425.130367321828,-283421.80190808914,11572.669581959799,1912.2469027450813,382901.3461950487,-319776.8552915213,-76832.72259634986
