,intercept,Agricultural Land Mass,precip_5^2,min_temp_4 min_temp_16,min_temp_4 max_temp_21,min_temp_5 max_temp_17,min_temp_6 max_temp_19,min_temp_7 max_temp_16,min_temp_8 avg_temp_9,min_temp_9 max_temp_19,min_temp_16 max_temp_3,min_temp_16 avg_temp_4,min_temp_17 max_temp_6,min_temp_17 avg_temp_9,min_temp_18 min_temp_19,min_temp_18 max_temp_2,min_temp_20 avg_temp_21,min_temp_21 max_temp_15,max_temp_4 avg_temp_16,max_temp_7 avg_temp_18,max_temp_8 max_temp_19,max_temp_18 avg_temp_6,avg_temp_16 avg_temp_18
0,35877.304347826095,1650.6002693561952,-2687.159204831025,18924.029348737207,-8755.348090463209,12340.834345358267,-1877.3978819216866,-20134.147501689094,4575.06831776415,-5500.5872442320415,-13989.64569527552,4276.800987541349,-6163.7538912025,12232.722570262917,4315.861116758498,-343.7001333614473,-1768.3112620542647,9924.210059306562,9134.058803611764,3272.7661205005784,-2814.557681439305,10060.383627207557,340.81758188144346
