,intercept,Agricultural Land Mass,min_temp_4 min_temp_16,min_temp_6 min_temp_16,min_temp_6 max_temp_16,min_temp_6 avg_temp_16,min_temp_8 min_temp_19,min_temp_16 max_temp_4,min_temp_17 max_temp_6,min_temp_17 avg_temp_9,max_temp_4 avg_temp_16,avg_temp_4 avg_temp_16,Agricultural Land Mass^2
0,39649.13043467766,2959550.761884862,516773.3615446607,1482826.5338018439,1557670.7328286953,-2904929.719949429,6248.821955284874,-761735.1654489016,7698.979917045737,6769.093011332741,1205569.0235420028,-1035666.746890623,-2958395.2464945246
