,intercept,Agricultural Land Mass,precip_5 max_temp_8,min_temp_4 min_temp_16,min_temp_4 avg_temp_21,min_temp_5 min_temp_17,min_temp_5 max_temp_17,min_temp_6 min_temp_8,min_temp_7 max_temp_16,min_temp_8 min_temp_16,min_temp_9 avg_temp_19,min_temp_16 max_temp_3,min_temp_16 max_temp_20,min_temp_18 max_temp_2,min_temp_19 avg_temp_7,min_temp_20 avg_temp_21,max_temp_6 max_temp_16,max_temp_8 max_temp_19,max_temp_8 avg_temp_19,max_temp_18 avg_temp_6
0,33227.56521739136,1651.0125477791426,-2555.5508946540017,7727.876496266083,8690.271755075792,4129.359461710506,6611.300743897039,4346.644544358722,-10022.372208180443,12954.856826436873,4668.513952241551,-16243.25067917338,2316.5989190263954,-1929.704798132292,-2355.482070404905,1591.1696921682228,9948.585812373132,-2474.631876981355,-4099.554267258276,1719.540802762667
