,intercept,Agricultural Land Mass,precip_2 precip_3,precip_2 avg_temp_14,precip_4 precip_11,precip_4 precip_16,precip_4 min_temp_10,precip_4 avg_temp_10,precip_5 precip_22,precip_5 max_temp_0,precip_7 precip_17,precip_7 precip_23,precip_7 max_temp_1,precip_8 precip_10,precip_8 precip_18,precip_9 min_temp_2,precip_9 avg_temp_0,precip_10 precip_23,precip_11 min_temp_22,precip_12 precip_21,precip_13 precip_18,precip_14 precip_19,precip_15 min_temp_8,precip_15 avg_temp_23,precip_19 precip_23,precip_19 min_temp_3,precip_21 precip_22,precip_21 min_temp_14,precip_23 min_temp_13,precip_23 min_temp_14,min_temp_1 max_temp_1,min_temp_2 min_temp_22,min_temp_4 min_temp_8,min_temp_5 min_temp_16,min_temp_5 min_temp_17,min_temp_6 min_temp_17,min_temp_6 max_temp_20,min_temp_10 min_temp_14,min_temp_14 avg_temp_1,min_temp_17 max_temp_20,min_temp_17 avg_temp_5,min_temp_19 max_temp_10,min_temp_22 avg_temp_12,min_temp_23 avg_temp_23,max_temp_5 max_temp_20,max_temp_20 avg_temp_4,avg_temp_0^2,avg_temp_0 avg_temp_11,avg_temp_1 avg_temp_11,Agricultural Land Mass^2
0,35238.23913043472,539.2656690790981,434.158547863021,2813.823139744477,1143.6006135733503,224.56553697849697,131.87312238345368,2001.7187663391594,-1140.895106561123,-1265.759357641361,-5714.383029466536,-358.07015069970436,-0.5354098727934204,-1581.3550500260756,-47.439598121102996,-625.0324814593562,-1763.9586582781492,-760.4695885468742,-5544.344464171536,61.96944409637905,-1701.1424731700024,-2765.444946169892,2673.594758981088,931.1673899694526,-3391.193388705584,-910.020453017128,1090.2137378104453,1060.4323567860326,785.849852018044,-5789.363291799092,1177.3939652185552,-577.9855415076509,8949.555025007694,4797.885426372372,10614.789005530263,5161.750683012944,3281.121528697112,1211.9777655355254,643.0187838507512,579.3086281267729,1843.9200552377506,-1066.5280103879516,-209.02585724341074,-2687.7268130438315,829.6187669211315,626.83927779291,5612.697089571445,5918.868129174348,916.0135851489534,5159.650214815233
