,intercept,min_temp_16,precip_5^2,precip_5 max_temp_6,precip_5 max_temp_8,min_temp_4 min_temp_16,min_temp_4 min_temp_17,min_temp_4 max_temp_21,min_temp_4 avg_temp_3,min_temp_4 avg_temp_16,min_temp_4 avg_temp_17,min_temp_4 avg_temp_21,min_temp_5 min_temp_17,min_temp_6 min_temp_8,min_temp_6 min_temp_16,min_temp_6 min_temp_17,min_temp_6 min_temp_18,min_temp_6 min_temp_19,min_temp_6 max_temp_18,min_temp_6 avg_temp_6,min_temp_6 avg_temp_18,min_temp_7 max_temp_16,min_temp_8 min_temp_16,min_temp_8 min_temp_19,min_temp_8 avg_temp_5,min_temp_8 avg_temp_9,min_temp_9 min_temp_21,min_temp_9 max_temp_12,min_temp_9 max_temp_19,min_temp_16 min_temp_17,min_temp_16 max_temp_3,min_temp_16 max_temp_5,min_temp_16 max_temp_20,min_temp_16 max_temp_21,min_temp_16 avg_temp_4,min_temp_16 avg_temp_6,min_temp_16 avg_temp_7,min_temp_16 Agricultural Land Mass,min_temp_17 max_temp_6,min_temp_17 max_temp_7,min_temp_17 avg_temp_9,min_temp_18 min_temp_19,min_temp_18 max_temp_2,min_temp_18 max_temp_6,min_temp_19 avg_temp_8,min_temp_20 max_temp_17,min_temp_20 avg_temp_16,min_temp_20 avg_temp_21,min_temp_21 max_temp_15,min_temp_21 avg_temp_3,max_temp_6 max_temp_16,max_temp_8 avg_temp_19,max_temp_17 avg_temp_5,max_temp_18 avg_temp_6,avg_temp_4 avg_temp_16,Agricultural Land Mass^2
0,35491.21739130384,-112024.51721961246,-12477.576621401879,47026.366371316224,-34111.63616008663,107987.92420036615,-42516.61839175569,-20803.929844639137,42161.063371796445,-52628.704195230086,-16389.611298501637,20098.12867373028,37349.43063342741,68699.03885636214,75093.32499753551,-61403.1832125626,-10282.878070227152,-25975.473847403042,-326.27759105437616,5770.4536061943345,-204.24899906885307,-21038.705808242346,230055.63816349095,-120994.23160691172,-4732.804215264519,-97306.99144016494,-22307.190743017156,9389.338616366185,-380.86458227830127,11706.156324378851,-61026.1717942186,-40465.21421393741,36283.77053199744,-33360.98088213516,8301.09026526465,15064.431924314438,-2657.438247725663,-82797.01791808037,-4308.658359212331,-6095.628972713288,96162.87926375898,105623.4372874481,858.5039209654262,-48917.10213104052,-5418.48556156655,-7706.424370505699,-33257.979126275495,28899.060562128503,-5851.274192532917,4500.1137442488125,42018.905162387644,-1185.6005875191108,4134.199841154666,14356.969367058337,-5054.369191501317,6016.195867753117
