,intercept,Agricultural Land Mass,min_temp_4 min_temp_16,min_temp_6 max_temp_16,min_temp_8 min_temp_19,min_temp_16 max_temp_4,min_temp_17 max_temp_6,min_temp_17 avg_temp_9,max_temp_4 avg_temp_16
0,40723.06521739136,999.9640094908883,17311.626981906214,4799.658774817925,5703.940684521981,-11936.16456840317,12576.100678510693,5558.002153170114,-106.65438145326078
