,intercept,min_temp_7,Agricultural Land Mass,precip_3 precip_10,precip_4 precip_20,precip_7 precip_19,precip_9 min_temp_2,precip_9 min_temp_10,precip_12 max_temp_23,precip_16 max_temp_20,precip_21 min_temp_13,precip_22 min_temp_2,min_temp_0 max_temp_2,min_temp_3 max_temp_12,min_temp_3 avg_temp_8,min_temp_4 min_temp_20,min_temp_4 avg_temp_14,min_temp_4 avg_temp_16,min_temp_5 min_temp_15,min_temp_5 min_temp_17,min_temp_5 min_temp_18,min_temp_5 max_temp_16,min_temp_6 min_temp_18,min_temp_8 min_temp_17,min_temp_9^2,min_temp_9 max_temp_12,min_temp_16 min_temp_21,min_temp_17 max_temp_2,min_temp_18^2,min_temp_18 avg_temp_16,max_temp_3 avg_temp_8,max_temp_9 avg_temp_8,avg_temp_3 avg_temp_22,avg_temp_12 avg_temp_23
0,36359.93478260873,-1283.0157894686404,6335.403664452625,2788.063260258819,1451.024654337385,-1329.0730082762402,2686.581880174849,-2293.745514082883,383.63308613988045,-2196.222398468975,-668.7889362782134,-4365.563026866242,-732.2600310091775,-248.32758379192464,1096.465055312013,2150.8787654262096,4408.09163291947,6976.596976624692,255.0585602593439,7155.106276487059,935.1858200753959,97.57085760259974,4368.204810178969,9547.457241657501,3268.551841110755,-23.335181575651205,229.74176991511166,-2039.2023976516532,666.1479360193739,1686.635951086966,-6783.624616261853,-2004.1710392277537,-5856.15842640026,4481.452750026178
