,intercept,Agricultural Land Mass,min_temp_4 min_temp_16,min_temp_6 min_temp_16,min_temp_6 max_temp_16,min_temp_6 avg_temp_16,min_temp_8 min_temp_19,min_temp_16 max_temp_4,min_temp_17 max_temp_6,min_temp_17 avg_temp_9,max_temp_4 avg_temp_16,avg_temp_4 avg_temp_16,Agricultural Land Mass^2
0,37495.152174135226,3350076.2163755544,406043.3820740932,1469279.8091091542,1567748.9636412119,-2911566.2495567882,4896.731521004424,-677168.719555772,6821.419414467145,6623.597268148195,1002357.844345584,-806845.6452780401,-3349107.596142757
