,intercept,Agricultural Land Mass,min_temp_4 min_temp_16,min_temp_6 min_temp_16,min_temp_6 max_temp_16,min_temp_6 avg_temp_16,min_temp_8 min_temp_19,min_temp_16 max_temp_4,min_temp_17 max_temp_6,min_temp_17 avg_temp_9,max_temp_4 avg_temp_16,avg_temp_4 avg_temp_16,Agricultural Land Mass^2
0,37081.82608704207,1413439.8138370318,629195.585435785,686015.121999449,531125.803276645,-1115333.086461711,10932.50432810853,-805907.5992833973,9228.867762370974,3855.0927554816085,1378258.923963183,-1263878.3075366262,-1410666.2163224814
