,intercept,min_temp_7,Agricultural Land Mass,precip_1 max_temp_13,precip_3 precip_10,precip_5 max_temp_8,precip_7 precip_19,precip_9 min_temp_10,precip_10 max_temp_13,precip_12 max_temp_23,precip_20 max_temp_22,precip_22 avg_temp_10,min_temp_0 min_temp_2,min_temp_3 max_temp_12,min_temp_4 max_temp_16,min_temp_5 min_temp_15,min_temp_5 max_temp_16,min_temp_5 max_temp_17,min_temp_5 avg_temp_17,min_temp_6 min_temp_18,min_temp_8 min_temp_17,min_temp_8 max_temp_21,min_temp_9 min_temp_15,min_temp_9 min_temp_21,min_temp_16 min_temp_21,min_temp_18^2,min_temp_19 avg_temp_7,min_temp_20 avg_temp_7,max_temp_3 avg_temp_8,max_temp_5 max_temp_15,max_temp_7 avg_temp_19,max_temp_8 avg_temp_19,max_temp_14 avg_temp_9,max_temp_16 avg_temp_21,avg_temp_3 avg_temp_22
0,37469.500000000065,-5380.463979890733,2780.2218063691844,-7.597975666700538,3457.9534102125112,-4946.019004952209,-5760.544182777401,-3110.8621779632754,-10769.986819514048,1857.759438827042,-511.4107187305187,-2677.8926951560875,1066.096640228455,6698.709361429498,13090.952537980125,11816.30974819839,8259.652899664337,866.0412493541771,1563.9871267055873,13618.03418522914,5569.861685898359,7106.226303267125,1928.0240886149375,2416.632261146836,7550.441809807613,1087.1177550032178,-1601.1077283440118,-200.6659137299208,-5502.52150381413,-16998.272948954305,-975.968345443385,-6117.666192633564,-1642.4155560431013,505.6792477639493,-3320.8594834013975
