,intercept,Agricultural Land Mass,precip_5^2,min_temp_4 min_temp_16,min_temp_4 max_temp_21,min_temp_4 avg_temp_3,min_temp_5 min_temp_16,min_temp_5 min_temp_17,min_temp_5 max_temp_17,min_temp_6 max_temp_18,min_temp_6 max_temp_19,min_temp_7 max_temp_16,min_temp_8 min_temp_16,min_temp_9 max_temp_12,min_temp_9 max_temp_19,min_temp_16 max_temp_3,min_temp_16 max_temp_21,min_temp_17 max_temp_6,min_temp_17 avg_temp_9,min_temp_18 min_temp_19,min_temp_20 max_temp_17,min_temp_21 avg_temp_3,max_temp_7 avg_temp_18,max_temp_8 max_temp_19,avg_temp_16 avg_temp_18
0,39083.76086956523,583.40447664964,-4128.287284998913,13105.52021512669,-21737.218731803918,31416.97446515488,20417.134293068346,9720.71776873566,1990.3757188957907,9764.446656584449,-5401.110334516582,-17996.776125454868,7436.642524132605,7461.760113984689,-10117.596133911045,-53869.421272224055,13799.622633693734,-9931.385733462244,15542.644843782662,2455.2296909590696,-1641.2760167777942,3772.299192671207,463.19601093746803,-3130.532292030454,19754.410745151035
