,intercept,Agricultural Land Mass,min_temp_4 min_temp_16,min_temp_6 min_temp_16,min_temp_6 max_temp_16,min_temp_6 avg_temp_16,min_temp_8 min_temp_19,min_temp_16 max_temp_4,min_temp_17 max_temp_6,min_temp_17 avg_temp_9,max_temp_4 avg_temp_16,avg_temp_4 avg_temp_16,Agricultural Land Mass^2
0,36053.02173913208,81074.7183276917,123846.05248567766,146901.5682514134,20566.206309991285,-127010.9063698516,5005.977367441132,-228784.59718048564,5930.380614636125,9795.336060013628,290303.2366160726,-214998.57277146832,-80785.26161374003
