,intercept,Agricultural Land Mass,min_temp_4 min_temp_16,min_temp_6 min_temp_16,min_temp_6 max_temp_16,min_temp_6 avg_temp_16,min_temp_8 min_temp_19,min_temp_16 max_temp_4,min_temp_17 max_temp_6,min_temp_17 avg_temp_9,max_temp_4 avg_temp_16,avg_temp_4 avg_temp_16,Agricultural Land Mass^2
0,39413.5434782602,47124.27280125318,182564.21425848315,160600.37788128277,-43772.2593383585,-50358.8014943408,2525.1132776661766,-333468.88476798654,8239.906557584523,672.6184374175095,415231.7173402617,-311221.5595864772,-44410.315293979096
