,intercept,Agricultural Land Mass,min_temp_4 min_temp_16,min_temp_6 min_temp_16,min_temp_6 max_temp_16,min_temp_6 avg_temp_16,min_temp_8 min_temp_19,min_temp_16 max_temp_4,min_temp_17 max_temp_6,min_temp_17 avg_temp_9,max_temp_4 avg_temp_16,avg_temp_4 avg_temp_16,Agricultural Land Mass^2
0,39833.413043508044,598394.2534471306,854292.3423866198,1636811.045863595,1495195.7078080424,-2943406.60405465,8317.915488308878,-1229085.2246011079,10025.640006432724,3494.94683232023,1961711.3987453792,-1709907.5477444108,-595596.1249135503
