,intercept,Agricultural Land Mass,min_temp_4 min_temp_16,min_temp_6 min_temp_16,min_temp_6 max_temp_16,min_temp_6 avg_temp_16,min_temp_8 min_temp_19,min_temp_16 max_temp_4,min_temp_17 max_temp_6,min_temp_17 avg_temp_9,max_temp_4 avg_temp_16,avg_temp_4 avg_temp_16,Agricultural Land Mass^2
0,35214.391304377335,2831241.153194671,431158.4041980755,1165174.3202260914,1199629.774482499,-2254584.1831866303,4452.230484279883,-616133.5981431577,6806.336419821601,6516.47567016681,985977.8367077896,-858886.211075401,-2830587.8046210683
