,intercept,min_temp_7,precip_3 precip_10,precip_4 precip_20,precip_5 min_temp_16,precip_5 min_temp_19,precip_7 precip_19,precip_7 min_temp_2,precip_9 min_temp_10,precip_10 max_temp_13,precip_13 min_temp_2,precip_20 max_temp_22,precip_21 min_temp_13,precip_22 avg_temp_10,min_temp_0 min_temp_2,min_temp_3 max_temp_12,min_temp_3 avg_temp_8,min_temp_3 avg_temp_10,min_temp_4 min_temp_16,min_temp_4 avg_temp_14,min_temp_5 min_temp_8,min_temp_5 min_temp_15,min_temp_5 min_temp_16,min_temp_5 max_temp_20,min_temp_5 avg_temp_16,min_temp_6^2,min_temp_6 min_temp_18,min_temp_6 max_temp_17,min_temp_6 avg_temp_17,min_temp_8 min_temp_9,min_temp_8 max_temp_21,min_temp_9 min_temp_15,min_temp_16 max_temp_22,min_temp_18 max_temp_20,max_temp_3 avg_temp_8,max_temp_5 max_temp_15,max_temp_5 avg_temp_8,max_temp_7 avg_temp_19,max_temp_8 max_temp_19,max_temp_16 max_temp_21,max_temp_17 avg_temp_6
0,34329.543478260865,-2423.731741450008,6757.767309189367,3245.5064398062214,-3764.823999212877,-3763.3406263406364,-1530.5495011009075,-1107.1134425835114,-2654.6635902335356,-10323.488078405138,542.0127926018031,-2972.471215883664,1736.7246107908388,-4875.629743848287,2408.3357528436777,7640.303876379608,1336.6212490769362,-998.3679279352808,5249.051027440187,5663.771328052034,5465.2800553244,7728.476546023051,9262.431147142814,4628.52293831601,1906.270059420463,3814.821310713152,323.83775876663395,1602.0462308875174,6404.274125862102,643.7400413625209,6387.812941633529,2169.364078283114,1316.413931523077,1764.4945106083835,-5110.6370935192435,-12772.46602709737,-1328.4799230632395,-4383.368186045991,-4324.498958773142,37.46794137457714,733.4554963362905
