,intercept,Agricultural Land Mass,min_temp_4 min_temp_16,min_temp_6 min_temp_16,min_temp_6 max_temp_16,min_temp_6 avg_temp_16,min_temp_8 min_temp_19,min_temp_16 max_temp_4,min_temp_17 max_temp_6,min_temp_17 avg_temp_9,max_temp_4 avg_temp_16,avg_temp_4 avg_temp_16,Agricultural Land Mass^2
0,38220.13043478179,1342157.9858668342,605837.213509133,612921.1890229355,444265.93301239307,-958004.7347199713,9550.432453263627,-772044.5602903757,8164.362951103317,4434.110086162943,1305841.7684693132,-1201849.8837263451,-1341273.627340512
