,intercept,Agricultural Land Mass,min_temp_4 min_temp_16,min_temp_6 min_temp_16,min_temp_6 max_temp_16,min_temp_6 avg_temp_16,min_temp_8 min_temp_19,min_temp_16 max_temp_4,min_temp_17 max_temp_6,min_temp_17 avg_temp_9,max_temp_4 avg_temp_16,avg_temp_4 avg_temp_16,Agricultural Land Mass^2
0,39327.52173923398,3118856.7555802115,680546.7832752424,1132454.934512437,1045461.5463607912,-2045733.8458223275,10127.56514914797,-933014.2773450939,10554.91121648418,3365.9235482819986,1567234.0384655122,-1393545.163399998,-3118934.0703599434
