,intercept,Agricultural Land Mass,precip_5 max_temp_8,min_temp_4 min_temp_16,min_temp_5 min_temp_16,min_temp_5 min_temp_17,min_temp_5 max_temp_17,min_temp_6 min_temp_18,min_temp_6 avg_temp_18,min_temp_7 max_temp_16,min_temp_8 min_temp_16,min_temp_9 max_temp_12,min_temp_16 max_temp_3,min_temp_16 max_temp_21,min_temp_18 min_temp_19,min_temp_19 avg_temp_7,min_temp_20 avg_temp_21,min_temp_21 max_temp_15,max_temp_8 max_temp_19,avg_temp_16 avg_temp_18
0,33857.84782608693,2392.864833318034,-2942.3083966096556,7151.76344070505,7604.404809503499,6798.251005937595,3648.528695540742,2152.982029733334,3598.917096415367,-7524.715968464145,14459.216699932522,4032.1952619759554,-14672.498494997952,3399.2893503396017,1290.143875386895,-5486.929230959177,3552.4813678612295,-1386.1242490924924,-2291.575291385051,1853.5301541313165
