,intercept,Agricultural Land Mass,min_temp_4 min_temp_16,min_temp_6 min_temp_16,min_temp_6 max_temp_16,min_temp_6 avg_temp_16,min_temp_8 min_temp_19,min_temp_16 max_temp_4,min_temp_17 max_temp_6,min_temp_17 avg_temp_9,max_temp_4 avg_temp_16,avg_temp_4 avg_temp_16,Agricultural Land Mass^2
0,39157.00000000434,1579817.9960087133,638311.37026987,486784.39728331275,262058.4904928893,-652317.0577127087,10382.225062415493,-796265.0377388622,8809.936351218212,3521.7453476092405,1355606.9114910832,-1258637.2676964116,-1579542.8581619465
