,intercept,Agricultural Land Mass,Agricultural Land Mass^2
0,42005.08695698879,14208715.492009168,-14217520.700082418
