,intercept,Agricultural Land Mass,precip_5^2,precip_5 max_temp_8,min_temp_4 min_temp_16,min_temp_4 avg_temp_21,min_temp_5 min_temp_16,min_temp_5 max_temp_17,min_temp_6 max_temp_18,min_temp_7 max_temp_16,min_temp_8 min_temp_16,min_temp_9 max_temp_12,min_temp_9 max_temp_19,min_temp_16 max_temp_3,min_temp_16 avg_temp_4,min_temp_17 max_temp_7,min_temp_18 min_temp_19,min_temp_19 avg_temp_7,min_temp_20 max_temp_17,max_temp_4 avg_temp_16,max_temp_8 max_temp_19,avg_temp_16 avg_temp_18
0,39118.76086956525,320.1831760589241,-1019.6325168341343,-58.146984494585375,3137.0850012417854,3866.1130038446113,11906.204739371591,14467.229460986973,10442.669650275271,-23877.160699808315,7763.543656970468,9301.51671761497,-5267.122298427495,-9370.865610695022,2404.620139720687,-869.3205483591616,6946.628041981005,-1904.7366130910432,-6984.018583321577,5782.124857304053,-1003.4211809740013,7156.973095504456
