,intercept,Agricultural Land Mass,precip_5^2,precip_5 max_temp_8,min_temp_4 min_temp_16,min_temp_4 max_temp_21,min_temp_5 min_temp_16,min_temp_5 min_temp_17,min_temp_5 max_temp_17,min_temp_6 min_temp_18,min_temp_6 avg_temp_18,min_temp_7 max_temp_16,min_temp_8 min_temp_16,min_temp_8 avg_temp_9,min_temp_9 max_temp_12,min_temp_9 max_temp_19,min_temp_16 max_temp_3,min_temp_18 min_temp_19,min_temp_20 max_temp_17,min_temp_21 avg_temp_3,max_temp_4 avg_temp_16,max_temp_8 max_temp_19,avg_temp_16 avg_temp_18
0,36654.91304347832,1694.5697687345532,-35.93928282253404,-4762.672995967294,17078.95083818921,-1288.3052726591864,1312.5595584284952,1305.4686493043946,16452.797763718387,4420.2623843442325,2035.7018247125554,-22565.4451782777,13852.303398174254,5088.8940736854565,6279.594204900465,-3313.117779026983,-19897.203901578523,5060.277989676483,-3154.6306259221815,3049.029265576138,3464.231096737017,-7565.528966010151,11161.687305569203
