,intercept,Agricultural Land Mass,precip_5 max_temp_8,min_temp_4 min_temp_16,min_temp_4 avg_temp_16,min_temp_4 avg_temp_21,min_temp_5 min_temp_17,min_temp_5 max_temp_17,min_temp_6 max_temp_18,min_temp_6 max_temp_19,min_temp_6 avg_temp_6,min_temp_7 min_temp_16,min_temp_8 min_temp_16,min_temp_9 max_temp_12,min_temp_9 max_temp_18,min_temp_16 max_temp_3,min_temp_17 max_temp_7,min_temp_17 avg_temp_9,min_temp_18 max_temp_2,min_temp_19 avg_temp_7,min_temp_20 avg_temp_21,min_temp_21 avg_temp_3,max_temp_8 max_temp_19,max_temp_17 avg_temp_5,max_temp_18 avg_temp_6,avg_temp_16 avg_temp_18
0,35203.869565217414,175.9000744813573,-4133.368708364558,5776.841882595738,5181.753674515133,112.21061183213516,9948.211407148556,8669.61023673105,2494.415096693921,-2461.109812050356,-860.9314215942418,-14783.635919606208,28305.928308016697,4060.8641141103094,538.6459627095647,-12974.04140125886,-2104.215445892194,-470.86910959469105,594.5579969411096,-2091.973542281164,2061.72940101963,831.9715219245801,-6691.836425365857,-6565.910550322075,3075.378502947118,3707.046871078888
