,intercept,Agricultural Land Mass,min_temp_4 min_temp_16,Agricultural Land Mass^2
0,37796.217391848586,8831287.155181088,18772.230111084744,-8832724.74704625
