,intercept,Agricultural Land Mass,precip_0 min_temp_4,precip_1 precip_8,precip_5 precip_17,precip_7 max_temp_1,precip_8 precip_17,precip_8 precip_18,precip_12 min_temp_10,precip_13 precip_18,precip_14 precip_17,precip_16 precip_21,precip_16 min_temp_14,precip_17 min_temp_1,precip_18 precip_22,precip_18 min_temp_10,precip_18 avg_temp_13,precip_19 precip_22,precip_21 min_temp_14,precip_23 min_temp_13,precip_23 max_temp_10,min_temp_1 min_temp_22,min_temp_1 max_temp_1,min_temp_4 min_temp_16,min_temp_5 min_temp_16,min_temp_5 min_temp_17,min_temp_6 min_temp_17,min_temp_7 max_temp_10,min_temp_8 min_temp_17,min_temp_9^2,min_temp_9 max_temp_0,min_temp_14 avg_temp_23,min_temp_16 min_temp_20,min_temp_19 max_temp_10,min_temp_22 avg_temp_0,max_temp_10 avg_temp_22,avg_temp_0^2,avg_temp_0 avg_temp_11,avg_temp_0 avg_temp_12,flood_4
0,34569.054084633455,3272.465321793591,1557.4746160178952,-907.796400827412,-2105.9291445375966,-5004.764339315671,-3173.3482328916025,-781.0939579948941,942.211546096232,-786.7222941173206,-605.1783762601847,2205.2959340789503,1023.9053692336608,2965.3910262535123,-4651.390131959805,459.09042924272165,-553.3234393555539,-873.8036726410328,481.51038135091653,3452.4381856700215,-7282.434615353369,1001.4979076401602,678.1062959172663,3702.0443704278955,2853.308248429818,13235.173605735697,796.8688031017547,-767.1977174597524,7914.032406202562,3370.452167088608,150.84941537327592,563.083301561456,1371.6011623395766,-1479.113220501074,384.0283982447628,-2495.052540176517,6225.139358729262,3642.7317472421514,2635.2096146326794,3931.4593422384764
