,intercept,Agricultural Land Mass,min_temp_4 min_temp_16,min_temp_6 min_temp_16,min_temp_6 max_temp_16,min_temp_6 avg_temp_16,min_temp_8 min_temp_19,min_temp_16 max_temp_4,min_temp_17 max_temp_6,min_temp_17 avg_temp_9,max_temp_4 avg_temp_16,avg_temp_4 avg_temp_16,Agricultural Land Mass^2
0,35016.1304347136,4898776.5017276155,446854.68893225334,822242.2482596479,775576.182073461,-1513195.833725613,5287.469716921433,-606625.2618304455,6802.735619879347,5643.5679854757245,1008819.7150328677,-903385.9456400567,-4897635.48936933
