,intercept,Agricultural Land Mass,precip_5 max_temp_8,min_temp_4 min_temp_16,min_temp_4 min_temp_17,min_temp_5 max_temp_17,min_temp_6 min_temp_19,min_temp_7 max_temp_16,min_temp_8 min_temp_16,min_temp_8 min_temp_19,min_temp_8 avg_temp_9,min_temp_9 max_temp_12,min_temp_9 max_temp_19,min_temp_16 max_temp_3,min_temp_16 avg_temp_4,min_temp_18 min_temp_19,min_temp_18 max_temp_2,min_temp_20 avg_temp_21,max_temp_8 max_temp_19,max_temp_18 avg_temp_6,avg_temp_4 avg_temp_17
0,40696.84782608686,2282.0164801952606,-6541.162264507027,13073.73403462869,57.89124828435698,18282.30335372221,4774.379718020697,-19042.632012075443,20030.64694643115,1174.9182030079028,3025.3800993358873,8030.95111177292,-3019.6562158015854,-8213.318601913707,1882.7680520027093,4294.2876303114035,-2615.2435301476144,-884.2396507972971,-12811.341795213682,7576.094017252168,743.3504853924828
