,intercept,Agricultural Land Mass,min_temp_4 min_temp_16,min_temp_6 min_temp_16,min_temp_6 max_temp_16,min_temp_6 avg_temp_16,min_temp_8 min_temp_19,min_temp_16 max_temp_4,min_temp_17 max_temp_6,min_temp_17 avg_temp_9,max_temp_4 avg_temp_16,avg_temp_4 avg_temp_16,Agricultural Land Mass^2
0,38427.69565219821,2096168.2363093966,610150.9922486905,790243.8015077087,437741.629155386,-1083194.76682271,9450.321591047912,-965183.4405127926,8726.267401397165,4237.710330666726,1450393.8747415799,-1204076.4197360536,-2097138.915553862
