,intercept,Agricultural Land Mass,min_temp_4 min_temp_16,min_temp_6 min_temp_16,min_temp_8 min_temp_19,min_temp_16 max_temp_4,min_temp_17 max_temp_6,min_temp_17 avg_temp_9,avg_temp_4 avg_temp_16
0,35107.673913043385,721.8723352504037,36809.48486342237,18937.587455271398,428.3517358408772,-31425.76889857425,5848.017856473302,2633.4131730420604,-7082.406703252543
