,intercept,Agricultural Land Mass,min_temp_4 min_temp_16,min_temp_6 min_temp_16,min_temp_6 max_temp_16,min_temp_6 avg_temp_16,min_temp_8 min_temp_19,min_temp_16 max_temp_4,min_temp_17 max_temp_6,min_temp_17 avg_temp_9,max_temp_4 avg_temp_16,avg_temp_4 avg_temp_16,Agricultural Land Mass^2
0,37266.63043484569,1985904.9872013042,688618.3890856382,573571.7775447536,191790.31474101386,-634070.6369338467,8687.256732398502,-993344.3217247953,7499.721153356004,3909.279309038311,1569251.813532594,-1362561.4442023602,-1983726.4323043027
