,intercept,Agricultural Land Mass,min_temp_4 min_temp_16,min_temp_6 min_temp_16,min_temp_6 max_temp_16,min_temp_6 avg_temp_16,min_temp_8 min_temp_19,min_temp_16 max_temp_4,min_temp_17 max_temp_6,min_temp_17 avg_temp_9,max_temp_4 avg_temp_16,avg_temp_4 avg_temp_16,Agricultural Land Mass^2
0,39328.739130463495,2593641.8768398752,737636.4946096464,660240.487695379,338641.7776170397,-871692.4010844176,11036.536826508527,-1021608.2756654923,8028.538363148718,3491.402989432214,1687552.6722930053,-1500528.0454679807,-2593533.0684109526
