,intercept,Agricultural Land Mass,min_temp_4 min_temp_16,min_temp_6 min_temp_16,min_temp_6 max_temp_16,min_temp_6 avg_temp_16,min_temp_8 min_temp_19,min_temp_16 max_temp_4,min_temp_17 max_temp_6,min_temp_17 avg_temp_9,max_temp_4 avg_temp_16,avg_temp_4 avg_temp_16,Agricultural Land Mass^2
0,39885.934782645796,1414993.9997812526,611602.9576312635,901902.5079656711,604158.1267857444,-1357886.3607907633,8783.326971348499,-981306.8436430646,10107.961746672283,2647.2438015574126,1471918.4957989198,-1207537.4179536554,-1413865.4530765633
