,intercept,precip_5^2,precip_5 max_temp_8,min_temp_4 min_temp_16,min_temp_4 max_temp_21,min_temp_5 min_temp_16,min_temp_5 min_temp_17,min_temp_5 max_temp_17,min_temp_6 min_temp_18,min_temp_6 avg_temp_18,min_temp_7 max_temp_16,min_temp_8 min_temp_16,min_temp_8 avg_temp_5,min_temp_8 avg_temp_9,min_temp_9 max_temp_12,min_temp_9 max_temp_19,min_temp_16 max_temp_3,min_temp_17 max_temp_7,min_temp_18 min_temp_19,min_temp_18 max_temp_2,min_temp_20 max_temp_17,min_temp_21 avg_temp_3,max_temp_4 avg_temp_16,max_temp_8 max_temp_19,avg_temp_6 avg_temp_18,Agricultural Land Mass^2
0,37225.21739130444,-5141.175615952691,-2125.898670484853,6509.519155945993,-7114.210154305358,1102.591028182966,9563.534389459513,12907.215295040089,813.9679103334404,1760.028624263403,-18480.719420361675,15105.955199611106,2526.0104934458973,7014.797075174361,3820.2236549607633,-613.0011099683969,-17730.812651591245,-5850.332689543032,8083.193074008239,-955.3927297318344,-404.47435776497167,7262.807838212169,16496.704033726175,-11937.283241370193,3591.7390010669383,-200.92993156937914
