,intercept,Agricultural Land Mass,Agricultural Land Mass^2
0,39555.21739131817,259604.12795022866,-265432.7738474222
