,intercept,Agricultural Land Mass,min_temp_4 min_temp_16,min_temp_6 min_temp_16,min_temp_6 max_temp_16,min_temp_6 avg_temp_16,min_temp_8 min_temp_19,min_temp_16 max_temp_4,min_temp_17 max_temp_6,min_temp_17 avg_temp_9,max_temp_4 avg_temp_16,avg_temp_4 avg_temp_16,Agricultural Land Mass^2
0,40610.760869467624,2801366.0436310275,707204.3688774245,1141193.3191744275,913241.7817959917,-1895230.594995995,5677.082021799789,-1056213.30480147,11499.32592263121,1363.358275370677,1653885.2826170854,-1412412.700022595,-2800621.677145033
