,intercept,Agricultural Land Mass,min_temp_4 min_temp_16,min_temp_6 min_temp_16,min_temp_6 max_temp_16,min_temp_6 avg_temp_16,min_temp_8 min_temp_19,min_temp_16 max_temp_4,min_temp_17 max_temp_6,min_temp_17 avg_temp_9,max_temp_4 avg_temp_16,avg_temp_4 avg_temp_16,Agricultural Land Mass^2
0,39514.76086968,2214981.240223574,732379.3167028568,1310710.6814727935,1220696.9172236272,-2376682.8822666756,7365.6222750788065,-989451.527727735,7528.511738375228,4168.271705206862,1621127.4871058066,-1457508.5373948957,-2212688.2244747765
