,intercept,Agricultural Land Mass,precip_5 max_temp_8,min_temp_4 min_temp_16,min_temp_4 avg_temp_3,min_temp_5 max_temp_17,min_temp_6 min_temp_8,min_temp_6 min_temp_18,min_temp_6 avg_temp_18,min_temp_7 max_temp_16,min_temp_8 min_temp_16,min_temp_9 max_temp_12,min_temp_9 max_temp_19,min_temp_16 max_temp_3,min_temp_17 max_temp_9,min_temp_18 max_temp_2,min_temp_19 avg_temp_7,min_temp_20 avg_temp_16,min_temp_20 avg_temp_21,max_temp_8 max_temp_19,max_temp_18 avg_temp_6,avg_temp_4 avg_temp_17
0,38264.23913043482,1898.7250938775817,-1444.688601266323,23015.946506935314,-5647.130063451919,12040.900066087168,1764.3875780451876,1784.6505998999617,11863.541094786953,-11441.607168283608,7156.167634503173,4290.464623545073,-98.8394441130004,-6242.425513233367,-553.1738020424651,-1803.5276575429502,-9942.04997004359,207.0577170542523,5974.243973464192,-3460.7184334859116,589.6272942768271,-1580.7392562032235
