,intercept,Agricultural Land Mass,min_temp_4 min_temp_16,min_temp_6 min_temp_16,min_temp_6 max_temp_16,min_temp_6 avg_temp_16,min_temp_8 min_temp_19,min_temp_16 max_temp_4,min_temp_17 max_temp_6,min_temp_17 avg_temp_9,max_temp_4 avg_temp_16,avg_temp_4 avg_temp_16,Agricultural Land Mass^2
0,37110.36956531136,1680196.0438771665,872535.8039353908,1349816.906928934,1248382.5663285272,-2437942.7417132137,5457.911752372186,-1179255.5140238572,5641.922666385797,8297.093996069076,2030521.883652499,-1820813.036870501,-1677600.9025541802
