,intercept,Agricultural Land Mass,min_temp_4 min_temp_16,min_temp_6 min_temp_16,min_temp_6 max_temp_16,min_temp_6 avg_temp_16,min_temp_8 min_temp_19,min_temp_16 max_temp_4,min_temp_17 max_temp_6,min_temp_17 avg_temp_9,max_temp_4 avg_temp_16,avg_temp_4 avg_temp_16,Agricultural Land Mass^2
0,38803.71739140601,3402801.080876875,621828.604833747,812984.583499411,601576.0413688227,-1289146.7861242143,9743.345768431987,-879439.3959758787,7474.3266328073605,4734.7740857596245,1405199.0446881081,-1230387.9316796884,-3400569.5016475804
