,intercept,Agricultural Land Mass,min_temp_4 min_temp_16,min_temp_6 min_temp_16,min_temp_6 max_temp_16,min_temp_6 avg_temp_16,min_temp_8 min_temp_19,min_temp_16 max_temp_4,min_temp_17 max_temp_6,min_temp_17 avg_temp_9,max_temp_4 avg_temp_16,avg_temp_4 avg_temp_16,Agricultural Land Mass^2
0,36879.739130437796,65411.433028779764,140009.38066145143,140797.95227294648,17959.983397797892,-121999.50529592356,4681.623255874003,-241963.95154030964,6001.6952444817025,11658.193705882888,315710.26852940203,-238543.06762944558,-64193.78011144692
