,intercept,Agricultural Land Mass,min_temp_4 min_temp_16,min_temp_6 min_temp_16,min_temp_6 max_temp_16,min_temp_6 avg_temp_16,min_temp_8 min_temp_19,min_temp_16 max_temp_4,min_temp_17 max_temp_6,min_temp_17 avg_temp_9,max_temp_4 avg_temp_16,avg_temp_4 avg_temp_16,Agricultural Land Mass^2
0,39543.26086964566,1458956.0310522239,772516.3447118463,1217178.663783597,1118271.9501588694,-2188477.0137505503,5600.257071436557,-1007568.436145852,8290.120481027685,4189.704053521422,1675927.6928164463,-1530586.6757273523,-1456297.8230943747
