,intercept,max_temp_19,Agricultural Land Mass,precip_0 precip_12,precip_1 avg_temp_10,precip_3 max_temp_11,precip_3 max_temp_23,precip_4 precip_19,precip_5 precip_17,precip_7 min_temp_23,precip_10 precip_19,precip_11 precip_16,precip_11 max_temp_13,precip_12 avg_temp_0,precip_14 precip_19,precip_15 precip_22,precip_15 min_temp_2,precip_15 max_temp_12,precip_15 max_temp_23,precip_15 avg_temp_23,precip_16 precip_19,precip_17 min_temp_21,precip_20 precip_22,precip_20 min_temp_14,precip_22 min_temp_14,precip_22 avg_temp_12,precip_23 min_temp_3,precip_23 min_temp_13,precip_23 min_temp_14,min_temp_2 min_temp_22,min_temp_4 min_temp_15,min_temp_4 avg_temp_9,min_temp_5 min_temp_16,min_temp_5 max_temp_9,min_temp_5 max_temp_17,min_temp_5 max_temp_18,min_temp_5 avg_temp_17,min_temp_7 max_temp_19,min_temp_9 min_temp_14,min_temp_9 min_temp_15,min_temp_10 min_temp_22,min_temp_14^2,min_temp_16 max_temp_11,max_temp_2 avg_temp_10,max_temp_3 max_temp_19,max_temp_9 max_temp_18,max_temp_18 Agricultural Land Mass,max_temp_19^2,avg_temp_0 avg_temp_11,Agricultural Land Mass^2
0,39389.93478260866,-201.8668045901858,1183.5670995556723,-4942.836016838723,-3378.526619180924,893.4454055129804,1884.262694226615,-1816.4298244772222,-361.5339105010924,4529.459301551625,-408.78417420263816,-3903.5128955703435,-8990.394069539923,-2466.912785923461,-1583.0965883221754,400.4871410646475,9518.787384742433,965.8416940474227,2301.3172976915007,952.963535257865,-2266.0299690261036,-4692.219229563888,-6288.771085714549,-3963.4680234865227,5300.426947551956,3577.7706504900225,-1183.5454639455693,5452.733430487463,-5452.6955133302135,3370.7095551625425,1568.9357371129493,1064.1022264694204,3695.050389987313,1434.514774823922,6611.815821637402,162.9579561227576,9654.320208771383,-1219.5139183838508,4944.965276379696,732.8752355514156,3471.102902288376,5609.969249552727,7172.524323279857,-341.1091205252929,-294.2106377643429,2227.6487863614625,6840.892282343353,-1628.855614654121,7681.543472172984,7118.053912659621
