,intercept,Agricultural Land Mass,min_temp_4 min_temp_16,Agricultural Land Mass^2
0,38709.30434739346,9811069.58943432,18304.013951737663,-9810234.477042561
