,intercept,Agricultural Land Mass,min_temp_4 min_temp_16,Agricultural Land Mass^2
0,37253.217391690276,10623853.982785279,18662.07950078966,-10622732.68881718
