,intercept,Agricultural Land Mass,min_temp_4 min_temp_16,min_temp_6 min_temp_16,min_temp_6 max_temp_16,min_temp_6 avg_temp_16,min_temp_8 min_temp_19,min_temp_16 max_temp_4,min_temp_17 max_temp_6,min_temp_17 avg_temp_9,max_temp_4 avg_temp_16,avg_temp_4 avg_temp_16,Agricultural Land Mass^2
0,35184.000000047876,2031445.7616198277,697663.2711191169,680560.1121472964,343942.4505591954,-884122.8449935584,5470.112303551032,-964773.8839823849,6786.909504271598,-2397.273707795325,1543166.6542944806,-1374336.2999900724,-2029158.8855174296
