,intercept,precip_1 max_temp_13,precip_3 precip_10,precip_4 precip_20,precip_5 max_temp_4,precip_5 max_temp_22,precip_7 precip_19,precip_9 min_temp_10,precip_10 max_temp_13,precip_12 max_temp_23,precip_16 min_temp_0,precip_22 min_temp_2,precip_22 avg_temp_10,min_temp_3 max_temp_12,min_temp_3 avg_temp_10,min_temp_4 min_temp_16,min_temp_5 min_temp_15,min_temp_5 min_temp_17,min_temp_5 avg_temp_17,min_temp_6^2,min_temp_6 min_temp_18,min_temp_6 max_temp_6,min_temp_6 max_temp_16,min_temp_6 avg_temp_6,min_temp_7 min_temp_20,min_temp_7 avg_temp_19,min_temp_8 max_temp_21,min_temp_9 min_temp_15,min_temp_18 max_temp_2,min_temp_18 avg_temp_6,min_temp_19 max_temp_15,max_temp_3 avg_temp_8,max_temp_5 max_temp_15,max_temp_8 max_temp_19,max_temp_17 avg_temp_6,avg_temp_3 avg_temp_22,avg_temp_7 avg_temp_20,avg_temp_12 avg_temp_23
0,36666.434782608674,-2833.854765089808,1809.1471218555826,2128.9507106803703,-5026.190077476203,-1120.0164277486015,-4813.155568246547,-171.45411216601838,-6443.149405739197,2334.5623538744712,645.9822269970706,-460.66179059019146,-1206.9746253422222,8.24533739991041,-485.1395564998366,17483.547889319565,6768.395812768123,9070.342916321157,3064.7312749805387,96.13407321901194,9438.552385992292,75.09313395820114,2001.6196850375202,2021.6076470536443,-653.213747444892,-6292.794521455347,17696.926586829944,7444.4341649005055,-2235.80226247204,713.8547400830761,-3763.9506444712947,-2023.840000476567,-18250.093722850124,-11375.894563423371,3636.6663058872687,-2565.2090902888253,-1422.916439347503,3756.959658154501
