,intercept,Agricultural Land Mass,Agricultural Land Mass^2
0,39322.71739148767,13955530.302350858,-13960466.896007027
