,intercept,Agricultural Land Mass,min_temp_4 min_temp_16,Agricultural Land Mass^2
0,36844.08695703339,9159503.014742047,17977.864132796927,-9160635.884580744
