,intercept,Agricultural Land Mass,precip_5 max_temp_8,min_temp_4 min_temp_16,min_temp_4 max_temp_21,min_temp_5 max_temp_17,min_temp_6 min_temp_8,min_temp_6 min_temp_18,min_temp_6 max_temp_16,min_temp_6 avg_temp_18,min_temp_7 max_temp_16,min_temp_8 min_temp_16,min_temp_8 avg_temp_9,min_temp_9 max_temp_12,min_temp_9 max_temp_19,min_temp_16 max_temp_3,min_temp_17 avg_temp_9,min_temp_18 min_temp_19,min_temp_18 max_temp_2,min_temp_20 avg_temp_21,min_temp_21 max_temp_15,min_temp_21 avg_temp_3,max_temp_4 avg_temp_16,max_temp_7 max_temp_16,max_temp_8 max_temp_19
0,37696.60869565238,524.0638304587421,-3644.1128295834656,18087.43797019968,-6231.106807869968,19918.79933821431,321.1097247015943,2837.9003329652646,3273.6183854529904,3362.2934947805716,-19004.915410631314,14471.117895581669,6383.265284348174,4629.566118163404,-6132.313750194112,-12162.96573477942,2315.9338214022514,5109.680983457284,507.17645702831675,-2218.4940534615653,4081.6513481140414,2604.4614398810154,244.27763462415987,284.0401123830802,-9734.539452522562
