,intercept,Agricultural Land Mass,precip_5 max_temp_8,min_temp_4 min_temp_16,min_temp_5 min_temp_16,min_temp_5 max_temp_17,min_temp_6 min_temp_8,min_temp_6 max_temp_18,min_temp_7 max_temp_16,min_temp_8 min_temp_16,min_temp_9 max_temp_12,min_temp_16 min_temp_17,min_temp_16 max_temp_3,min_temp_18 max_temp_2,min_temp_19 avg_temp_7,min_temp_20 max_temp_17,min_temp_20 avg_temp_21,max_temp_8 max_temp_19
0,34751.39130434786,860.5431811473446,-2466.429423264941,12830.138790069295,15604.503301249964,7489.884163352926,2917.1370180545387,4938.819933105227,-7990.8818653053995,7904.7514500475145,3392.3936254556706,211.7370211975187,-17777.393351192062,-1184.1393245789964,-4878.1102561152165,4535.981595385439,3106.2979042032052,-4216.532398813041
