,intercept,min_temp_7,Agricultural Land Mass,precip_3 precip_10,precip_5 min_temp_16,precip_7 precip_19,precip_9 min_temp_10,precip_10 max_temp_13,precip_16 min_temp_0,precip_20 max_temp_22,precip_21 min_temp_13,precip_21 min_temp_22,precip_22 min_temp_9,min_temp_0 max_temp_2,min_temp_2 min_temp_12,min_temp_3 avg_temp_10,min_temp_4 min_temp_16,min_temp_4 min_temp_21,min_temp_4 avg_temp_14,min_temp_4 avg_temp_16,min_temp_4 avg_temp_21,min_temp_5 min_temp_8,min_temp_5 min_temp_15,min_temp_5 max_temp_16,min_temp_5 max_temp_20,min_temp_6 min_temp_18,min_temp_7 avg_temp_19,min_temp_8^2,min_temp_8 min_temp_9,min_temp_8 min_temp_17,min_temp_15 min_temp_21,min_temp_16 max_temp_22,min_temp_18 max_temp_9,min_temp_18 max_temp_20,min_temp_18 avg_temp_6,max_temp_3 avg_temp_8,max_temp_5 max_temp_15,max_temp_9 avg_temp_8,max_temp_17 avg_temp_6,Agricultural Land Mass^2
0,34973.80434782607,-1545.599676574535,987.6560756251853,1088.3085632691652,-5961.468618937548,-3901.097158402153,-2878.549494280948,-7019.804848310418,95.99707664976867,-2403.5562239298615,219.55859342900257,2083.8301429371854,431.34115545456103,59.54784632578198,-1999.1610919013806,-2628.0653677748824,924.2990174341279,5785.371255607624,3552.362372192991,1956.002662475528,7244.633287177813,1584.7176451543407,83.07182446960044,5334.794069864135,5412.980378703024,5157.697713175237,-9302.978856637339,2886.1944700718814,8868.913877706143,4949.9706262119,1638.2801451894834,1583.5547824519224,-1485.0253745538646,241.85312010723575,962.3489794517602,-7892.900929416044,-3344.3281776570575,-59.44842347073626,2166.1638661032684,403.1208642828135
