,intercept,Agricultural Land Mass,Agricultural Land Mass^2
0,38466.17391257644,13079358.43672995,-13085340.112044314
