,intercept,Agricultural Land Mass,min_temp_4 min_temp_16,min_temp_6 min_temp_16,min_temp_6 max_temp_16,min_temp_6 avg_temp_16,min_temp_8 min_temp_19,min_temp_16 max_temp_4,min_temp_17 max_temp_6,min_temp_17 avg_temp_9,max_temp_4 avg_temp_16,avg_temp_4 avg_temp_16,Agricultural Land Mass^2
0,37124.3043478944,4094480.760428625,426355.5081515069,1214805.9819191596,1338867.7255607182,-2452327.6386969225,4119.577794031659,-579407.9018545166,6791.030363982416,8886.690067425572,962494.8391721192,-858121.0805401839,-4094767.0066330237
