,intercept,Agricultural Land Mass,min_temp_4 min_temp_16,min_temp_6 min_temp_16,min_temp_6 max_temp_16,min_temp_6 avg_temp_16,min_temp_8 min_temp_19,min_temp_16 max_temp_4,min_temp_17 max_temp_6,min_temp_17 avg_temp_9,max_temp_4 avg_temp_16,avg_temp_4 avg_temp_16,Agricultural Land Mass^2
0,34599.152174090435,2770286.1594221927,315545.1728675645,1081439.5511647684,1467973.3400136805,-2506505.2903758637,4029.7913173910965,-263422.7496342113,5521.204957184628,7065.106878474551,588323.8812219225,-625801.4773801791,-2771301.2498277137
