,intercept,Agricultural Land Mass,min_temp_4 min_temp_16,min_temp_6 min_temp_16,min_temp_6 max_temp_16,min_temp_8 min_temp_19,min_temp_16 max_temp_4,min_temp_17 max_temp_6
0,35938.43478260874,582.3366928644192,24901.216746919108,22167.213492978088,-4934.363701655869,1961.2563510928555,-27114.69311464102,9216.67296187671
