,intercept,Agricultural Land Mass,precip_5 max_temp_8,min_temp_4 min_temp_16,min_temp_5 min_temp_16,min_temp_5 min_temp_17,min_temp_5 max_temp_17,min_temp_6 min_temp_18,min_temp_6 avg_temp_18,min_temp_7 max_temp_16,min_temp_8 min_temp_16,min_temp_9 max_temp_12,min_temp_9 max_temp_19,min_temp_16 max_temp_3,min_temp_18 max_temp_2,min_temp_19 avg_temp_7,min_temp_20 avg_temp_21,max_temp_8 max_temp_19,max_temp_18 avg_temp_6,avg_temp_16 avg_temp_18
0,35791.913043478264,613.2322026998536,-1638.6946789817475,9013.09397323475,4665.941114615508,5655.743214453742,6439.391646412964,670.8838398275338,4654.851632353097,-5771.330876913623,14355.843799515258,6091.652162920632,-1852.1884097168777,-12320.54903958877,-1013.7115734544325,-6973.184697153943,4627.660798953431,-4116.792166089904,1929.763601350248,3263.017868542291
