,intercept,Agricultural Land Mass,precip_5 max_temp_8,min_temp_4 min_temp_16,min_temp_4 max_temp_21,min_temp_5 min_temp_16,min_temp_5 max_temp_17,min_temp_6 max_temp_16,min_temp_6 max_temp_18,min_temp_7 max_temp_16,min_temp_8 avg_temp_9,min_temp_9 max_temp_12,min_temp_9 max_temp_19,min_temp_16 max_temp_3,min_temp_17 avg_temp_9,min_temp_18 min_temp_19,min_temp_18 max_temp_2,min_temp_19 avg_temp_7,min_temp_20 max_temp_17,min_temp_21 avg_temp_3,max_temp_8 max_temp_19,avg_temp_16 avg_temp_18
0,36648.47826086962,1936.6179742218699,-2712.522611960382,28131.066668331507,-9346.984761537284,4683.606454615554,12752.546737509925,667.2314267998956,7690.735545600256,-18335.09181167743,15279.82604679428,4752.6961154733535,-8716.115388454318,-17300.169867353394,2245.8981662464384,5627.614730731084,3418.618273378903,-3029.5643482552605,-522.784544244242,2926.8397227148507,-8648.770280839133,9065.942663458458
