,intercept,Agricultural Land Mass,precip_5 max_temp_6,min_temp_4 min_temp_16,min_temp_4 max_temp_21,min_temp_5 max_temp_17,min_temp_6 min_temp_18,min_temp_6 max_temp_19,min_temp_6 avg_temp_18,min_temp_7 max_temp_16,min_temp_8 avg_temp_5,min_temp_8 avg_temp_9,min_temp_9 max_temp_12,min_temp_9 max_temp_19,min_temp_16 max_temp_3,min_temp_17 max_temp_6,min_temp_18 min_temp_19,min_temp_18 max_temp_2,min_temp_19 avg_temp_7,min_temp_20 avg_temp_21,min_temp_21 max_temp_15,max_temp_7 avg_temp_18,max_temp_8 max_temp_19,avg_temp_6 avg_temp_18
0,38464.478260869575,1717.8404101320739,-1796.971619923654,21288.389559968342,-9184.385739919002,14210.828026209376,1550.3322649532092,-6840.239336007825,7750.320168413371,-5559.318455005229,1492.6434044141588,6619.875463389969,8768.864040215882,-5160.215545116142,-12143.115278334135,-954.3102986494641,17555.219331379743,1240.8216235222455,-6282.655414314593,-5296.577145513174,7773.319777274259,517.1462185154404,-6133.745118597564,1514.687012118328
