,intercept,precip_5 max_temp_8,min_temp_4 max_temp_21,min_temp_4 avg_temp_3,min_temp_5 max_temp_17,min_temp_6 min_temp_18,min_temp_7 max_temp_16,min_temp_8 avg_temp_9,min_temp_9 max_temp_12,min_temp_9 max_temp_19,min_temp_16 max_temp_3,min_temp_16 avg_temp_4,min_temp_18 min_temp_19,min_temp_18 max_temp_6,min_temp_20 avg_temp_21,min_temp_21 max_temp_15,min_temp_21 avg_temp_3,max_temp_4 avg_temp_16,max_temp_7 avg_temp_18,max_temp_8 max_temp_19,avg_temp_6 avg_temp_18,Agricultural Land Mass^2
0,36822.413043478286,-185.18313508978446,-7504.8294475113,1075.4940545904758,17903.13064377442,2160.8506694547964,-21074.926046098404,1308.6868155649574,7293.9496955477425,-5246.624819833146,-5483.423996397344,25485.572299679807,3942.0157976643954,258.0569173706551,-539.7679642077309,4959.499625100019,124.25223688522364,1675.8441440853314,3926.7711681689225,-2385.6399920146514,3251.3045111771044,-688.425865115188
