,intercept,Agricultural Land Mass,min_temp_4 min_temp_16,min_temp_6 min_temp_16,min_temp_6 avg_temp_16,min_temp_8 min_temp_19,min_temp_17 max_temp_6,min_temp_17 avg_temp_9,max_temp_4 avg_temp_16
0,35513.456521739216,2039.958613235244,20767.04826908038,689.7332646422113,12026.023594383789,829.5733646032203,6142.146484256128,4289.110099668175,-17475.04232929604
