,intercept,Agricultural Land Mass,precip_5 max_temp_6,precip_5 max_temp_18,min_temp_4 min_temp_16,min_temp_4 max_temp_21,min_temp_5 max_temp_17,min_temp_6 min_temp_18,min_temp_6 max_temp_19,min_temp_6 avg_temp_18,min_temp_7 max_temp_16,min_temp_8 avg_temp_9,min_temp_9 max_temp_12,min_temp_9 max_temp_19,min_temp_16 max_temp_3,min_temp_16 avg_temp_4,min_temp_17 max_temp_7,min_temp_17 avg_temp_9,min_temp_18 min_temp_19,min_temp_18 max_temp_2,min_temp_20 avg_temp_21,min_temp_21 max_temp_15,max_temp_4 avg_temp_16,max_temp_8 max_temp_19,avg_temp_6 avg_temp_18
0,37733.391304347824,1603.3866919186935,-2051.4701278276675,-420.7372201161249,14139.329248781703,-10133.925329878655,16067.150895367184,525.5807622238201,-6271.196198665872,9933.063585420206,-9323.114059875246,7894.134738009199,4898.84605602732,-8324.735663452928,-14477.703620246568,12124.540189722919,-4192.284679591927,6994.576931717143,10746.865954118357,2123.2376296456305,-2860.4285668363764,5245.18242593683,1850.7994054639842,-10023.302136255596,2690.102883649306
