,intercept,min_temp_16,precip_5^2,precip_5 max_temp_6,min_temp_4 min_temp_16,min_temp_4 max_temp_21,min_temp_4 avg_temp_3,min_temp_4 avg_temp_21,min_temp_5 min_temp_17,min_temp_5 max_temp_17,min_temp_6 min_temp_17,min_temp_6 max_temp_19,min_temp_8 min_temp_19,min_temp_8 avg_temp_9,min_temp_9 min_temp_21,min_temp_9 max_temp_12,min_temp_9 max_temp_19,min_temp_16 min_temp_17,min_temp_16 max_temp_3,min_temp_16 max_temp_4,min_temp_16 max_temp_5,min_temp_16 max_temp_20,min_temp_16 max_temp_21,min_temp_16 avg_temp_4,min_temp_16 avg_temp_5,min_temp_16 avg_temp_19,min_temp_17 max_temp_6,min_temp_17 max_temp_7,min_temp_17 avg_temp_6,min_temp_17 avg_temp_9,min_temp_18 min_temp_19,min_temp_18 max_temp_2,min_temp_18 max_temp_6,min_temp_19 avg_temp_7,min_temp_20 avg_temp_16,min_temp_20 avg_temp_21,max_temp_7 max_temp_16,max_temp_8 max_temp_19,max_temp_8 avg_temp_19,max_temp_18 avg_temp_6,avg_temp_9 avg_temp_21,Agricultural Land Mass^2
0,35140.78260869581,-26563.109991616533,-31996.670948798997,29007.63377431063,19282.3037821151,-189440.04224500185,103830.47958853809,76211.49061602143,30215.15012130403,3631.914645726757,-5464.685986118357,-8544.122053993628,32450.690160560516,-27821.62349464893,-21372.83849760209,6745.620801080238,-3508.175550062824,-46502.872704884736,-115519.17045934006,16922.53236251263,-15873.095515446556,10551.144642881227,135307.0162591195,49526.52085781342,-5926.152850685168,-7501.311156564272,-13387.29306222957,-24074.565337975408,-5166.0279104718265,91826.28066210738,21007.933661731593,4287.221920782686,-9406.28158560463,-13865.140532780511,-33177.48362501252,24591.33703760331,16700.410476328143,-12479.52211672467,-2528.114086751778,16702.066021792547,-38823.8221427337,1537.261680331317
