,intercept,Agricultural Land Mass,min_temp_4 min_temp_16,Agricultural Land Mass^2
0,40274.02173959166,9230109.863259185,20434.75362787167,-9229606.12052763
