,intercept,Agricultural Land Mass,precip_5 max_temp_8,min_temp_4 min_temp_16,min_temp_4 max_temp_21,min_temp_5 max_temp_17,min_temp_6 max_temp_18,min_temp_6 max_temp_19,min_temp_7 max_temp_16,min_temp_8 min_temp_16,min_temp_8 min_temp_19,min_temp_8 avg_temp_9,min_temp_9 max_temp_12,min_temp_9 max_temp_19,min_temp_16 max_temp_3,min_temp_17 max_temp_6,min_temp_18 min_temp_19,min_temp_18 max_temp_2,min_temp_20 max_temp_17,min_temp_20 avg_temp_21,min_temp_21 max_temp_15,max_temp_8 max_temp_19,avg_temp_16 avg_temp_18
0,38778.652173912975,1479.9234637453726,-5524.412824454376,16481.64110239079,-823.8678320633263,18132.542124266085,11124.430795098788,-1261.1562616531949,-20166.5654062253,4752.835440303669,1746.5159487382734,8453.639114694743,6306.509331930933,-5455.570364744704,-11109.384937976693,-5508.916363099669,3601.851490458089,-1195.334531564428,-929.0980943539942,-359.46157292065527,6429.5216632831525,-5977.060430283029,10559.874224153898
