,intercept,Agricultural Land Mass,Agricultural Land Mass^2
0,39628.71739102844,16490587.579183588,-16496283.976614619
