,intercept,Agricultural Land Mass,precip_1 max_temp_13,precip_3 precip_10,precip_4 precip_20,precip_9 min_temp_2,precip_9 min_temp_10,precip_10 max_temp_13,precip_12 max_temp_23,precip_16 avg_temp_5,precip_21 min_temp_13,precip_21 min_temp_22,precip_22 min_temp_2,min_temp_3 avg_temp_8,min_temp_4 min_temp_20,min_temp_4 avg_temp_14,min_temp_5 min_temp_15,min_temp_5 min_temp_17,min_temp_5 min_temp_18,min_temp_5 min_temp_20,min_temp_6 min_temp_8,min_temp_6 max_temp_16,min_temp_7 avg_temp_6,min_temp_8 min_temp_17,min_temp_8 max_temp_16,min_temp_9^2,min_temp_19 max_temp_8,min_temp_21 max_temp_16,max_temp_3 max_temp_8,max_temp_5 max_temp_15,max_temp_5 avg_temp_8,max_temp_6 avg_temp_5,max_temp_8 avg_temp_18,max_temp_8 avg_temp_19,max_temp_9 avg_temp_8,max_temp_16 avg_temp_21,avg_temp_12 avg_temp_23
0,34205.28260869567,5381.882242579937,-1392.340401491542,4316.890129342662,420.91764109961144,3560.375576168561,-2005.8792938136662,-4198.1867347477255,1045.254871244581,-1914.6938712129881,-1071.2048213521753,-1191.3192472985068,-3812.6799123932205,5337.2318031591285,298.7322630726127,2081.5532482288754,8157.924018732348,11615.481792113755,7086.574324891346,1252.2023975149139,5096.136558431937,2633.744340579292,-2111.4888019128884,4996.320905459992,3691.123000022352,4480.86603733844,-4823.693771353078,71.17366836254223,-6054.639173409747,-10132.386532311562,-2615.4540810690696,-2883.1280166468837,-2189.0985933856277,-3199.0885633096545,-863.1958633383776,4744.939212753121,8451.226694407966
