,intercept,Agricultural Land Mass,min_temp_4 min_temp_16,min_temp_6 min_temp_16,min_temp_6 max_temp_16,min_temp_6 avg_temp_16,min_temp_8 min_temp_19,min_temp_16 max_temp_4,min_temp_17 max_temp_6,min_temp_17 avg_temp_9,max_temp_4 avg_temp_16,avg_temp_4 avg_temp_16,Agricultural Land Mass^2
0,40734.000000005886,1721704.047070596,728073.0458966232,1790366.9563819983,1721884.9773761027,-3315337.34100912,6287.346002584678,-1074562.8067083845,9309.219642454374,4433.871432755964,1642389.4810283964,-1415283.1330643368,-1719731.2298442496
