,intercept,Agricultural Land Mass,precip_5 max_temp_8,min_temp_4 min_temp_16,min_temp_5 min_temp_16,min_temp_5 min_temp_17,min_temp_5 max_temp_17,min_temp_6 min_temp_18,min_temp_6 max_temp_18,min_temp_6 avg_temp_18,min_temp_7 max_temp_16,min_temp_8 min_temp_16,min_temp_9 min_temp_21,min_temp_16 max_temp_3,min_temp_17 min_temp_18,min_temp_18 max_temp_2,min_temp_19 avg_temp_7,min_temp_20 avg_temp_21,min_temp_21 avg_temp_3,max_temp_7 avg_temp_18,max_temp_8 avg_temp_19,max_temp_18 avg_temp_6,avg_temp_16 avg_temp_18
0,35002.804347826146,1818.5379615966174,-1033.7628116263827,13275.39413548418,5344.728829447568,1068.4399919924308,5928.906633713365,3871.8084104650525,4668.431715684524,94.83248354739963,-10003.632086437867,6098.604295792615,3361.1490559189506,-14367.865096722473,2614.304602565198,-1814.0234981826788,-7552.101811856435,2711.262539006106,1327.2474885399058,735.3010263914674,-1423.3007589909575,364.0152372814427,12569.442105775275
