,intercept,Agricultural Land Mass,min_temp_4 min_temp_16,min_temp_6 min_temp_16,min_temp_6 max_temp_16,min_temp_6 avg_temp_16,min_temp_8 min_temp_19,min_temp_16 max_temp_4,min_temp_17 max_temp_6,min_temp_17 avg_temp_9,max_temp_4 avg_temp_16,avg_temp_4 avg_temp_16,Agricultural Land Mass^2
0,39558.63043487778,2376861.772628519,730445.3712966201,969151.4360668176,729070.0206904972,-1553980.767107671,10674.090635411336,-1026136.0836430689,7411.122086393908,3331.7564144129965,1660546.4260754124,-1466033.0019811487,-2375515.6226620087
