,intercept,Agricultural Land Mass,min_temp_4 min_temp_16,Agricultural Land Mass^2
0,41772.69565218058,193981.42736968407,24577.923490380268,-193408.1650104808
