,intercept,Agricultural Land Mass,min_temp_4 min_temp_16,min_temp_6 min_temp_16,min_temp_6 max_temp_16,min_temp_8 min_temp_19,min_temp_17 max_temp_6,min_temp_17 avg_temp_9,max_temp_4 avg_temp_16
0,35778.58695652175,1649.7011414766077,22799.200924495057,4104.5432534728525,4555.0732825831365,1322.6220749742922,6413.977437332764,3651.291046553013,-16503.765356582542
