,intercept,Agricultural Land Mass,precip_3 precip_10,precip_4 precip_20,precip_5 max_temp_22,precip_7 precip_19,precip_7 min_temp_2,precip_9 min_temp_10,precip_10 max_temp_13,precip_12 max_temp_23,precip_16 avg_temp_5,precip_21 min_temp_22,precip_22 min_temp_2,precip_22 avg_temp_10,min_temp_0 min_temp_2,min_temp_3 max_temp_12,min_temp_3 avg_temp_8,min_temp_4 min_temp_6,min_temp_4 avg_temp_16,min_temp_5 min_temp_15,min_temp_5 min_temp_17,min_temp_5 avg_temp_17,min_temp_5 avg_temp_21,min_temp_6^2,min_temp_6 min_temp_18,min_temp_6 max_temp_16,min_temp_6 avg_temp_18,min_temp_7 avg_temp_5,min_temp_7 avg_temp_19,min_temp_8 max_temp_21,min_temp_9 min_temp_15,min_temp_9 min_temp_21,min_temp_20 max_temp_7,max_temp_3 max_temp_8,max_temp_5 max_temp_15,max_temp_16 max_temp_21,max_temp_16 avg_temp_21,avg_temp_3 avg_temp_22,avg_temp_7 avg_temp_19,avg_temp_12 avg_temp_23
0,36074.869565217385,789.731684085379,3267.800764858612,5179.801451861367,-6303.314295839618,-4764.215945668669,-1268.9121697605565,-1878.3283159104903,-10862.20892972346,916.2876049188138,120.69957473948176,135.64246564550712,-4341.940305015148,-1882.580247292702,1961.0642318646069,3421.2865911367417,6346.168007687629,1964.7312993452076,12676.93120891579,2248.238968388836,2570.2360108522344,11326.978270754324,2258.718945174854,3706.2705355139424,4664.244894189649,1363.0432130351764,6993.27997768624,-1146.3044587939262,-1880.53405255736,3538.573365151629,3953.717927283122,342.1862126408939,-709.9898763280622,-9171.565984008621,-7435.7551498146595,266.0850077745331,1741.0823639626356,-1549.871084979288,-5582.499934152708,3555.206092528601
