,intercept,Agricultural Land Mass,Agricultural Land Mass^2
0,40890.86956576273,13590270.538142249,-13595499.64063438
