,intercept,min_temp_7,precip_1 max_temp_13,precip_5 max_temp_22,precip_7 precip_19,precip_9 min_temp_10,precip_10 max_temp_13,precip_21 min_temp_13,precip_22 avg_temp_10,min_temp_0 min_temp_2,min_temp_2 min_temp_12,min_temp_3 avg_temp_8,min_temp_3 avg_temp_10,min_temp_4 max_temp_16,min_temp_5 min_temp_15,min_temp_5 min_temp_17,min_temp_5 max_temp_20,min_temp_6^2,min_temp_6 max_temp_16,min_temp_6 max_temp_18,min_temp_8 min_temp_9,min_temp_8 max_temp_20,min_temp_8 max_temp_21,min_temp_9 min_temp_21,min_temp_9 avg_temp_20,min_temp_16 min_temp_21,max_temp_3 max_temp_8,max_temp_5 max_temp_15,max_temp_7 avg_temp_19,max_temp_8 max_temp_19,max_temp_16 avg_temp_21,avg_temp_3 avg_temp_22,avg_temp_12 avg_temp_23
0,35619.78260869568,-1198.2334061280978,-2359.0759180983946,-3498.6940831228494,-1598.518696656631,-3227.0762055812934,-5315.903401302165,1391.976032479482,-1207.139392450262,5320.60848539286,-3170.996988716315,3737.1536558820844,-3254.902525093383,14148.425552368424,7100.716050320389,17280.919188137104,2884.0221115531776,3767.038849636049,3524.835288811991,538.9009786689796,1603.9570968061257,263.6515790244799,9194.602942384357,1905.798428222349,1547.5072712941692,738.5561881928116,-10430.618030182539,-12505.457410354798,-6245.672684239783,-4084.619049766191,1713.0851717011074,-2069.390413117359,5450.438372895712
