,intercept,Agricultural Land Mass,min_temp_4 min_temp_16,min_temp_6 min_temp_16,min_temp_6 max_temp_16,min_temp_6 avg_temp_16,min_temp_8 min_temp_19,min_temp_16 max_temp_4,min_temp_17 max_temp_6,min_temp_17 avg_temp_9,max_temp_4 avg_temp_16,avg_temp_4 avg_temp_16,Agricultural Land Mass^2
0,40517.543478605,4430440.885773524,643729.7849828954,1047314.8158417407,715441.482293151,-1588836.9461169755,7207.766051386365,-1064275.5733610697,7501.4341142295025,3908.3307836751424,1563586.2768738782,-1271169.582973889,-4429609.092976762
