,intercept,Agricultural Land Mass,precip_1 max_temp_13,precip_3 precip_10,precip_5 max_temp_4,precip_7 precip_19,precip_9 min_temp_10,precip_10 max_temp_13,precip_12 max_temp_23,precip_16 min_temp_0,precip_21 min_temp_13,precip_22 min_temp_9,min_temp_0 max_temp_2,min_temp_2 min_temp_12,min_temp_3 max_temp_12,min_temp_3 avg_temp_10,min_temp_4 min_temp_9,min_temp_4 min_temp_16,min_temp_4 avg_temp_16,min_temp_5 min_temp_15,min_temp_5 min_temp_17,min_temp_5 max_temp_16,min_temp_5 avg_temp_21,min_temp_6^2,min_temp_6 min_temp_17,min_temp_7 avg_temp_19,min_temp_8 max_temp_21,min_temp_16 max_temp_22,min_temp_18 max_temp_9,max_temp_5 max_temp_15,max_temp_8 max_temp_19,max_temp_14 avg_temp_8,max_temp_16 max_temp_21,max_temp_18 max_temp_19,avg_temp_7 avg_temp_19,Agricultural Land Mass^2
0,36780.28260869569,746.4162269264815,3614.770082186301,5219.803187493816,-4030.237283895481,-4462.658083539509,-948.5799288350032,-10555.355414029675,-3.4478121105827957,1961.75193309585,-1598.8578151607194,1367.718204764229,1480.5290576089265,-3975.470496695544,747.7116884899125,-4333.710359082699,172.24935584747473,1292.2272961557846,5693.839385879248,6454.101508288314,7897.242866077981,3258.815886162259,2078.433288052729,7655.754332559782,3280.950285482459,-1827.0573604184813,14025.4338227809,250.7885658146993,-578.1470748062411,-8589.466612923721,-2722.111174158485,-206.36599936430164,660.299580901776,-766.1363022390353,-6009.380038812017,111.82915607977104
