,intercept,Agricultural Land Mass,min_temp_4 min_temp_16,min_temp_6 min_temp_16,min_temp_6 max_temp_16,min_temp_6 avg_temp_16,min_temp_8 min_temp_19,min_temp_16 max_temp_4,min_temp_17 max_temp_6,min_temp_17 avg_temp_9,max_temp_4 avg_temp_16,avg_temp_4 avg_temp_16,Agricultural Land Mass^2
0,37238.782608678266,3654713.88807402,767402.9682342678,1017215.7871685311,879725.3644551587,-1777460.1961946099,9106.766127329985,-999983.511035936,8096.339210102301,2811.5390546999124,1745126.1029914685,-1588257.9941856337,-3653012.383165371
