,intercept,precip_5 max_temp_8,min_temp_4 min_temp_16,min_temp_4 max_temp_21,min_temp_5 min_temp_16,min_temp_5 min_temp_17,min_temp_5 max_temp_17,min_temp_6 max_temp_18,min_temp_6 max_temp_19,min_temp_7 max_temp_16,min_temp_8 min_temp_16,min_temp_8 avg_temp_9,min_temp_9 max_temp_12,min_temp_9 max_temp_19,min_temp_16 max_temp_3,min_temp_17 max_temp_6,min_temp_17 avg_temp_9,min_temp_18 min_temp_19,min_temp_18 max_temp_2,min_temp_19 avg_temp_7,min_temp_20 max_temp_17,min_temp_21 avg_temp_3,max_temp_4 avg_temp_16,max_temp_8 max_temp_19,avg_temp_4 avg_temp_16,avg_temp_16 avg_temp_18
0,37521.28260869568,-5680.723967006768,16134.297286245934,-4958.51721786134,593.6157884640581,6593.801915834145,15068.975021425447,6821.318038106982,-1236.915214094961,-17242.022972978615,14763.399527790185,681.0574167106173,3385.6360934092404,-3957.9818286121995,-12831.868813340634,-7020.716674833176,7471.6532942442645,13167.180082577095,-987.2914569803221,-4524.63359552144,-1603.7639608287186,3498.0778358794187,1217.3390678892058,-8409.120808185779,4100.246620607256,1101.8640419074147
