,intercept,Agricultural Land Mass,min_temp_4 min_temp_16,Agricultural Land Mass^2
0,35927.76086964532,10457402.004527137,16839.821434034646,-10458494.29614578
