,intercept,Agricultural Land Mass,min_temp_4 min_temp_16,Agricultural Land Mass^2
0,34941.10869525445,9015016.99379987,18223.709172248982,-9015689.018892229
