,intercept,Agricultural Land Mass,min_temp_4 min_temp_16,min_temp_6 min_temp_16,min_temp_6 max_temp_16,min_temp_6 avg_temp_16,min_temp_8 min_temp_19,min_temp_16 max_temp_4,min_temp_17 max_temp_6,min_temp_17 avg_temp_9,max_temp_4 avg_temp_16,avg_temp_4 avg_temp_16,Agricultural Land Mass^2
0,37974.065217383155,991379.0995436419,682555.1991388038,765967.591790881,704193.2403393489,-1375857.1742596093,10896.521562027863,-763472.5239241396,10328.796348043526,1527.5322025950027,1390430.4003085669,-1358761.613194893,-988079.8531496056
