,intercept,Agricultural Land Mass,min_temp_4 min_temp_16,Agricultural Land Mass^2
0,40770.28260860631,12047372.797340216,21662.640408431133,-12047952.600526396
