,intercept,Agricultural Land Mass,min_temp_4 min_temp_16,min_temp_6 min_temp_16,min_temp_6 max_temp_16,min_temp_6 avg_temp_16,min_temp_8 min_temp_19,min_temp_16 max_temp_4,min_temp_17 max_temp_6,min_temp_17 avg_temp_9,max_temp_4 avg_temp_16,avg_temp_4 avg_temp_16,Agricultural Land Mass^2
0,37399.1956521763,47444.649408012134,162848.56132011776,187048.52383680182,-73279.36033850224,-33295.91565779966,3422.7403044383036,-371740.9901889063,5576.814858102292,2518.253000401301,429659.4483554752,-279208.83189079387,-47465.58360364943
