,intercept,Agricultural Land Mass,min_temp_4 min_temp_16,min_temp_6 min_temp_16,min_temp_6 max_temp_16,min_temp_6 avg_temp_16,min_temp_8 min_temp_19,min_temp_16 max_temp_4,min_temp_17 max_temp_6,min_temp_17 avg_temp_9,max_temp_4 avg_temp_16,avg_temp_4 avg_temp_16,Agricultural Land Mass^2
0,38751.08695655707,3519258.3694246737,680304.5527762466,1360522.6429679901,1317510.7064726376,-2532409.483003684,9833.713303309365,-988798.6416321279,8894.489347000139,1385.3365899908272,1571012.6115198953,-1359384.2253880992,-3517344.698464092
