,intercept,Agricultural Land Mass,Agricultural Land Mass^2
0,41075.10869619513,12606802.745393572,-12613347.276055742
