,intercept,Agricultural Land Mass,min_temp_4 min_temp_16,min_temp_8 min_temp_19,min_temp_17 max_temp_6,min_temp_17 avg_temp_9,max_temp_4 avg_temp_16
0,37588.9565217392,1654.2932369343425,18249.04580424652,7724.804120577929,8219.018085509493,6747.9609296629105,-10501.722942139988
