,intercept,Agricultural Land Mass,Agricultural Land Mass^2
0,41220.97826172127,13525011.285114,-13530461.753601369
