,intercept,Agricultural Land Mass,min_temp_4 min_temp_16,min_temp_6 min_temp_16,min_temp_6 max_temp_16,min_temp_6 avg_temp_16,min_temp_8 min_temp_19,min_temp_16 max_temp_4,min_temp_17 max_temp_6,min_temp_17 avg_temp_9,max_temp_4 avg_temp_16,avg_temp_4 avg_temp_16,Agricultural Land Mass^2
0,36161.10869566523,4475736.472241462,326160.4713870263,316195.1960223207,275586.2543214451,-555985.1523277318,7822.345102073751,-371172.7292786827,5208.866708622043,7580.007019464989,686766.0087528002,-660149.2329436131,-4473967.256817823
