,intercept,Agricultural Land Mass,precip_5 max_temp_8,min_temp_4 min_temp_16,min_temp_4 max_temp_21,min_temp_5 min_temp_16,min_temp_5 min_temp_17,min_temp_5 max_temp_17,min_temp_6 min_temp_18,min_temp_6 max_temp_19,min_temp_6 avg_temp_18,min_temp_7 max_temp_16,min_temp_8 avg_temp_5,min_temp_8 avg_temp_9,min_temp_9 min_temp_21,min_temp_9 max_temp_12,min_temp_16 max_temp_3,min_temp_19 avg_temp_7,min_temp_20 avg_temp_21,min_temp_21 max_temp_15,max_temp_7 avg_temp_18,max_temp_8 max_temp_19,avg_temp_6 avg_temp_18,avg_temp_16 avg_temp_18
0,36767.47826086949,2123.559516058692,-5503.801144289839,18465.710965842787,-1129.7568594144057,17913.880657888076,11555.996935933852,2264.030579948632,120.80317381236121,-734.4889397275108,4697.535566495565,-13802.317381741746,5048.736911339836,2669.36554945541,-1527.428647397866,6517.598572598758,-22050.992717353834,-2409.3699405836232,-5765.721747457555,6797.6192644336825,2632.0729379873933,-1269.0004626554128,2371.7843942428262,5396.724824245511
