,intercept,Agricultural Land Mass,min_temp_4 min_temp_16,min_temp_6 min_temp_16,min_temp_8 min_temp_19,min_temp_17 max_temp_6,min_temp_17 avg_temp_9,max_temp_4 avg_temp_16
0,35072.80434782613,2614.3517122604417,18882.44945271605,9317.1178825397,2102.1385520475487,5868.263180574628,5556.3500371267,-15042.203251553516
