,intercept,Agricultural Land Mass,min_temp_4 min_temp_16,min_temp_6 min_temp_16,min_temp_6 max_temp_16,min_temp_6 avg_temp_16,min_temp_8 min_temp_19,min_temp_16 max_temp_4,min_temp_17 max_temp_6,min_temp_17 avg_temp_9,max_temp_4 avg_temp_16,avg_temp_4 avg_temp_16,Agricultural Land Mass^2
0,37566.58695661041,3591479.5845200997,358233.0237071087,1032031.1834832174,1142792.1226368065,-2083897.6390998615,3825.4499387261067,-515501.780651032,6954.899983582372,5846.791696481138,818274.0053567142,-704729.2402868036,-3590861.4651389043
