,intercept,Agricultural Land Mass,Agricultural Land Mass^2
0,38075.91304436061,14097282.373760963,-14103919.075656801
