,intercept,Agricultural Land Mass,precip_5 max_temp_8,min_temp_4 max_temp_21,min_temp_5 min_temp_17,min_temp_5 max_temp_17,min_temp_6 min_temp_18,min_temp_6 avg_temp_6,min_temp_6 avg_temp_17,min_temp_7 max_temp_16,min_temp_8 min_temp_19,min_temp_8 avg_temp_9,min_temp_9 max_temp_12,min_temp_9 max_temp_19,min_temp_16 max_temp_3,min_temp_16 max_temp_4,min_temp_19 avg_temp_6,min_temp_20 avg_temp_21,max_temp_8 max_temp_19,max_temp_18 avg_temp_6
0,35988.673913043414,1301.7018842069092,-4272.684282301894,-2310.2219083274053,9037.905854197841,9017.83595321289,-747.4649000350856,-523.1069212575993,-2471.6736628509507,-15895.013299683582,11564.856377951915,7610.110661424981,4631.638483259289,-3078.402443516622,-7581.044678470308,18031.66640316835,6940.456334240892,-1612.7809170880103,-12263.593635918513,8728.255643872679
