,intercept,Agricultural Land Mass,min_temp_4 min_temp_16,min_temp_6 min_temp_16,min_temp_6 max_temp_16,min_temp_6 avg_temp_16,min_temp_8 min_temp_19,min_temp_16 max_temp_4,min_temp_17 max_temp_6,min_temp_17 avg_temp_9,max_temp_4 avg_temp_16,avg_temp_4 avg_temp_16,Agricultural Land Mass^2
0,38964.17391313473,3129758.802476109,681331.792685896,872968.4493652222,610715.0311340739,-1348830.617043916,8907.787325830757,-987553.93704625,7644.138975914929,4924.628320115434,1561854.8805202057,-1359588.7313015128,-3130141.077545694
