,intercept,Agricultural Land Mass,min_temp_4 min_temp_16,Agricultural Land Mass^2
0,37521.76086990822,10187937.500571482,18433.934552717645,-10187543.98988653
