,intercept,Agricultural Land Mass,min_temp_4 min_temp_16,min_temp_6 min_temp_16,min_temp_6 max_temp_16,min_temp_6 avg_temp_16,min_temp_8 min_temp_19,min_temp_16 max_temp_4,min_temp_17 max_temp_6,min_temp_17 avg_temp_9,max_temp_4 avg_temp_16,avg_temp_4 avg_temp_16,Agricultural Land Mass^2
0,39103.93478263759,1046013.4049824458,642758.065005638,957636.0313395956,899011.772453954,-1745418.788093778,7872.027905843194,-810331.8587928102,8622.04319840328,4063.1304573272582,1393069.2834355563,-1288618.5059495892,-1044355.2933264738
