,intercept,Agricultural Land Mass,min_temp_4 min_temp_16,min_temp_6 min_temp_16,min_temp_6 max_temp_16,min_temp_6 avg_temp_16,min_temp_8 min_temp_19,min_temp_16 max_temp_4,min_temp_17 max_temp_6,min_temp_17 avg_temp_9,max_temp_4 avg_temp_16,avg_temp_4 avg_temp_16,Agricultural Land Mass^2
0,38785.10869551484,3985710.140348758,606056.8379768808,1177028.0923903515,922423.8760818824,-1927503.851181385,5265.25249600262,-1001431.9619455887,5026.160579582478,6140.506988951232,1465757.8370574699,-1187280.5463032553,-3983700.4678277518
