,intercept,Agricultural Land Mass,min_temp_4 min_temp_16,min_temp_6 min_temp_16,min_temp_6 max_temp_16,min_temp_6 avg_temp_16,min_temp_8 min_temp_19,min_temp_16 max_temp_4,min_temp_17 max_temp_6,min_temp_17 avg_temp_9,max_temp_4 avg_temp_16,avg_temp_4 avg_temp_16,Agricultural Land Mass^2
0,38726.782608695525,51059.43400222245,162568.7198299897,105286.14870166939,32925.720984066,-109985.18915560725,3964.8557291957277,-204251.78210764393,8536.681117203061,8866.713531897034,305810.4041769377,-279133.1120447321,-50288.28623163623
