,intercept,Agricultural Land Mass,precip_5^2,precip_5 max_temp_8,min_temp_4 min_temp_16,min_temp_4 max_temp_21,min_temp_5 min_temp_16,min_temp_5 max_temp_17,min_temp_6 min_temp_18,min_temp_6 max_temp_16,min_temp_6 avg_temp_6,min_temp_6 avg_temp_16,min_temp_7 max_temp_16,min_temp_8 min_temp_16,min_temp_9 max_temp_12,min_temp_9 max_temp_19,min_temp_16 max_temp_3,min_temp_16 avg_temp_4,min_temp_17 max_temp_7,min_temp_18 min_temp_19,min_temp_18 max_temp_2,min_temp_20 avg_temp_16,min_temp_21 avg_temp_3,max_temp_8 max_temp_19
0,38290.65217391322,15.04071852978054,-2204.297903807403,-6326.345081000031,19299.85789110614,-6251.529649395167,18401.226563719574,16122.643482759711,10995.713628865658,5430.214699172952,1685.412984808091,2458.4680188006523,-34359.35773504077,3809.30662983566,5163.5153037284,-4262.7976286361345,-19680.760495174232,9464.375025112886,-2859.133391206914,6724.137858372259,-1682.0096126441147,15.977087263354324,4444.86115921737,-4356.968070998229
