,intercept,Agricultural Land Mass,precip_5 max_temp_8,min_temp_4 min_temp_16,min_temp_5 min_temp_16,min_temp_5 min_temp_17,min_temp_6 min_temp_18,min_temp_6 max_temp_16,min_temp_6 max_temp_18,min_temp_6 avg_temp_18,min_temp_7 max_temp_16,min_temp_8 min_temp_16,min_temp_9 min_temp_21,min_temp_9 max_temp_18,min_temp_16 max_temp_3,min_temp_16 max_temp_20,min_temp_18 max_temp_2,min_temp_19 avg_temp_7,min_temp_20 avg_temp_16,min_temp_20 avg_temp_21,max_temp_7 avg_temp_18,max_temp_8 avg_temp_19,max_temp_18 avg_temp_6,avg_temp_16 avg_temp_18
0,35487.78260869568,2090.5746643889156,-3666.0931158854646,15440.230088276503,5687.778580905324,9135.313429137756,1827.6724671643565,3938.121567958445,5383.398481191942,455.687622336989,-9883.237374666985,9672.192247470719,5380.029004420296,2364.767187741982,-19802.148136291078,436.1502405854471,-630.9404495558903,-5978.119047870251,3281.8404576447465,822.1930177530852,448.3838416478081,-4173.645214482621,130.43309047912345,4125.995169382345
