,intercept,Agricultural Land Mass,min_temp_4 min_temp_16,min_temp_6 min_temp_16,min_temp_6 max_temp_16,min_temp_6 avg_temp_16,min_temp_8 min_temp_19,min_temp_16 max_temp_4,min_temp_17 max_temp_6,min_temp_17 avg_temp_9,max_temp_4 avg_temp_16,avg_temp_4 avg_temp_16,Agricultural Land Mass^2
0,38918.49999999987,73814.23130048245,173027.9286225133,155620.87193247274,7094.289206596963,-115236.9079890068,6836.2564245028225,-293170.83005530515,11243.525471190036,3260.596555365952,386024.614965631,-296486.9701020669,-72638.51421542653
