,intercept,Agricultural Land Mass,min_temp_4 min_temp_16,min_temp_6 min_temp_16,min_temp_6 max_temp_16,min_temp_6 avg_temp_16,min_temp_8 min_temp_19,min_temp_16 max_temp_4,min_temp_17 max_temp_6,min_temp_17 avg_temp_9,max_temp_4 avg_temp_16,avg_temp_4 avg_temp_16,Agricultural Land Mass^2
0,36991.73913054222,2810679.261626294,600414.1944311678,974066.7014627262,890853.8696464925,-1750672.1209446753,9030.377978289225,-821668.4179227113,9142.64164735147,2562.0319950378075,1380023.4242642848,-1224984.4917812299,-2809853.2782810796
