,intercept,Agricultural Land Mass,min_temp_4 min_temp_16,min_temp_6 max_temp_16,min_temp_8 min_temp_19,min_temp_16 max_temp_4,min_temp_17 max_temp_6,min_temp_17 avg_temp_9,max_temp_4 avg_temp_16
0,40522.34782608696,204.48797084790618,14557.223696581868,151.61349941276293,7542.4692977769355,-2669.600183054601,9873.58646310065,8227.634899889299,-4690.632575782776
