,intercept,Agricultural Land Mass,min_temp_4 min_temp_16,min_temp_6 max_temp_16,min_temp_8 min_temp_19,min_temp_16 max_temp_4,min_temp_17 max_temp_6,max_temp_4 avg_temp_16
0,35074.15217391308,561.5471297487429,19302.16367418355,9049.649940704574,4114.782352651813,-695.1341753630383,7919.52174526222,-14652.198184809638
