,intercept,Agricultural Land Mass,min_temp_4 min_temp_16,min_temp_6 min_temp_16,min_temp_6 max_temp_16,min_temp_6 avg_temp_16,min_temp_8 min_temp_19,min_temp_16 max_temp_4,min_temp_17 max_temp_6,min_temp_17 avg_temp_9,max_temp_4 avg_temp_16,avg_temp_4 avg_temp_16,Agricultural Land Mass^2
0,39368.10869586168,2538965.291374282,448069.4090017354,1076876.8533025908,1203531.8332602475,-2196585.192669795,3686.0537611840164,-538971.3167227173,10246.819697072053,8047.394257057656,949871.8436592005,-898144.9888952118,-2537535.9658084265
