,intercept,Agricultural Land Mass,min_temp_4 min_temp_16,Agricultural Land Mass^2
0,37551.71739182939,9815836.076453635,18545.88565705708,-9818093.728075968
