,intercept,Agricultural Land Mass,min_temp_4 min_temp_16,min_temp_6 min_temp_16,min_temp_6 max_temp_16,min_temp_6 avg_temp_16,min_temp_8 min_temp_19,min_temp_16 max_temp_4,min_temp_17 max_temp_6,min_temp_17 avg_temp_9,max_temp_4 avg_temp_16,avg_temp_4 avg_temp_16,Agricultural Land Mass^2
0,40297.32608690526,3084774.2975185406,515130.20670124405,1286152.893065743,1217608.2471171173,-2351190.314036817,4595.934583176053,-800161.2364584544,8740.042363619395,4392.925716824413,1175459.2191069578,-980180.8974473209,-3083658.208903644
