,intercept,Agricultural Land Mass,precip_1 max_temp_13,precip_3 precip_10,precip_4 precip_20,precip_5 min_temp_16,precip_5 max_temp_22,precip_7 precip_19,precip_9 min_temp_10,precip_10 max_temp_13,precip_16 min_temp_0,precip_21 min_temp_13,precip_21 min_temp_22,min_temp_0 max_temp_2,min_temp_2 min_temp_12,min_temp_3 avg_temp_10,min_temp_4 min_temp_21,min_temp_4 max_temp_16,min_temp_4 avg_temp_14,min_temp_5 max_temp_17,min_temp_5 avg_temp_17,min_temp_6 min_temp_18,min_temp_6 avg_temp_18,min_temp_8 max_temp_21,min_temp_9 min_temp_15,min_temp_15 min_temp_21,min_temp_19 max_temp_15,max_temp_3 max_temp_8,max_temp_5 max_temp_15,max_temp_7 avg_temp_19,max_temp_8 max_temp_19,max_temp_16 avg_temp_18,avg_temp_6 avg_temp_18,avg_temp_12 avg_temp_23,avg_temp_18^2
0,37769.217391304555,3376.0471012555035,-75.954306729676,8000.233523045036,524.8264036910812,-2169.7203286926883,-562.9854649159247,-6057.230856152398,-2357.9251813498736,-13428.665101611023,250.58811918293293,3502.7003729099515,1330.368700350153,1712.2004250934947,-1161.8621635905681,-2448.0320869322113,62.720830435606004,13443.961263747178,1037.5702064861434,6156.690120620811,8923.39911592055,5829.813976589551,849.43620007439,4229.176187204762,3501.275470689834,9191.95882186492,-352.6499918032915,-5768.672061206051,-7017.703913352708,-12860.644720393286,-362.2139230390233,7375.145408422892,3794.0305569728407,5658.167536881998,261.82991074988405
