,intercept,Agricultural Land Mass,precip_5 max_temp_8,min_temp_4 min_temp_16,min_temp_4 avg_temp_3,min_temp_5 min_temp_16,min_temp_5 min_temp_17,min_temp_6 max_temp_18,min_temp_7 max_temp_16,min_temp_8 min_temp_16,min_temp_9 max_temp_12,min_temp_16 max_temp_3,min_temp_17 avg_temp_9,min_temp_18 max_temp_2,min_temp_19 avg_temp_7,min_temp_20 avg_temp_16,min_temp_20 avg_temp_21,max_temp_7 avg_temp_18,avg_temp_4 avg_temp_17
0,35261.56521739145,2377.0157748253414,-1803.8107892915732,16225.548013614289,-1979.1603792780372,3340.7599095112564,15331.89461159701,8370.05562380164,-2961.6553787543144,5513.613122603882,4383.475596443322,-9867.156339137835,-3554.603623331306,-1543.1928163790592,-9699.902907752006,3292.6848350413898,3235.3712537771326,-834.1458197521098,-1382.5182348574017
