,intercept,min_temp_16,Agricultural Land Mass,precip_5^2,precip_5 max_temp_6,min_temp_4 min_temp_16,min_temp_4 max_temp_21,min_temp_4 avg_temp_3,min_temp_4 avg_temp_21,min_temp_5 min_temp_17,min_temp_5 max_temp_17,min_temp_7 min_temp_16,min_temp_7 max_temp_16,min_temp_8 avg_temp_9,min_temp_9 min_temp_21,min_temp_9 max_temp_12,min_temp_16 max_temp_3,min_temp_16 max_temp_4,min_temp_16 max_temp_5,min_temp_16 max_temp_20,min_temp_16 max_temp_21,min_temp_16 avg_temp_4,min_temp_16 avg_temp_6,min_temp_16 avg_temp_19,min_temp_16 Agricultural Land Mass,min_temp_17 max_temp_6,min_temp_17 max_temp_7,min_temp_17 avg_temp_6,min_temp_17 avg_temp_9,min_temp_18 min_temp_19,min_temp_18 max_temp_2,min_temp_18 max_temp_6,min_temp_20 avg_temp_16,min_temp_21 max_temp_15,max_temp_8 max_temp_19,max_temp_17 avg_temp_5,max_temp_18 avg_temp_6,Agricultural Land Mass^2
0,35720.45652173866,-18456.512953439607,-1338.144027521445,-32921.58748258628,26739.256477800718,37964.018560094526,-164748.13289187598,105984.58033001765,41149.13233360833,14941.826294534103,22346.38755872334,-301.89901145972084,-5889.684141015985,8919.447008406398,-22258.97418217784,8854.863611601984,-135349.1526084471,42524.057271071266,-25325.063744203977,38505.61150804652,147311.14393256838,44936.6645592331,-34974.05670936291,-52612.083071127396,-11217.375712814728,-849.2489057003826,-22874.47650193571,-10.468241963649271,20847.669985150045,29848.547470848043,1200.331878003029,-10352.588569445334,-22613.99160317304,1949.3138961941918,-9422.969083851107,-8994.34011095538,4913.5044611841995,-70.84738184606343
