,intercept,Agricultural Land Mass,min_temp_4 min_temp_16,min_temp_6 min_temp_16,min_temp_6 max_temp_16,min_temp_6 avg_temp_16,min_temp_8 min_temp_19,min_temp_16 max_temp_4,min_temp_17 max_temp_6,min_temp_17 avg_temp_9,max_temp_4 avg_temp_16,avg_temp_4 avg_temp_16,Agricultural Land Mass^2
0,38710.26086942815,3258977.0180425523,610815.6108158403,566226.1712542559,146007.81257169787,-581685.1040792891,9194.089295592177,-958276.2203522475,6321.755642509101,4890.170247218385,1454707.8937794273,-1215884.510852658,-3256869.403442334
