,intercept,Agricultural Land Mass,min_temp_4 min_temp_16,min_temp_6 min_temp_16,min_temp_6 max_temp_16,min_temp_8 min_temp_19,min_temp_16 max_temp_4,min_temp_17 max_temp_6,min_temp_17 avg_temp_9
0,38209.15217391302,810.829702215127,27810.474214924878,5162.198148594151,3448.128036477579,6783.698357175627,-26491.12637492708,11666.791487039456,4767.070771482073
