,intercept,Agricultural Land Mass,min_temp_4 min_temp_16,min_temp_6 min_temp_16,min_temp_6 max_temp_16,min_temp_6 avg_temp_16,min_temp_8 min_temp_19,min_temp_16 max_temp_4,min_temp_17 max_temp_6,min_temp_17 avg_temp_9,max_temp_4 avg_temp_16,avg_temp_4 avg_temp_16,Agricultural Land Mass^2
0,41214.26086956487,74655.74449326043,170670.1120734616,152542.92555770127,-19336.793237940998,-78890.98092217451,5583.911752444489,-308471.70747724146,9186.658670477003,7911.603776773122,394983.6584310857,-297171.4275521837,-72951.59690894805
