,intercept,Agricultural Land Mass,min_temp_4 min_temp_16,min_temp_6 max_temp_16,min_temp_8 min_temp_19,min_temp_17 max_temp_6,min_temp_17 avg_temp_9,max_temp_4 avg_temp_16
0,40131.45652173912,972.0776757243628,15321.7673000687,1485.4136670055734,6599.419957298405,12069.016498426749,5447.312433397841,-7973.668997343481
