,intercept,Agricultural Land Mass,min_temp_4 min_temp_16,min_temp_6 min_temp_16,min_temp_6 max_temp_16,min_temp_6 avg_temp_16,min_temp_8 min_temp_19,min_temp_16 max_temp_4,min_temp_17 max_temp_6,min_temp_17 avg_temp_9,max_temp_4 avg_temp_16,avg_temp_4 avg_temp_16,Agricultural Land Mass^2
0,39448.23913048208,2527224.5775230424,708005.589461663,1117099.5036532031,956587.5941574726,-1926653.1187593725,6900.132397972524,-972562.0060761123,8117.37212646243,4523.0924960339435,1565301.1554653158,-1397132.2151695872,-2524986.316813864
