,intercept,Agricultural Land Mass,min_temp_4 min_temp_16,min_temp_6 min_temp_16,min_temp_6 max_temp_16,min_temp_6 avg_temp_16,min_temp_8 min_temp_19,min_temp_16 max_temp_4,min_temp_17 max_temp_6,min_temp_17 avg_temp_9,max_temp_4 avg_temp_16,avg_temp_4 avg_temp_16,Agricultural Land Mass^2
0,34430.86956533629,5298738.932548349,223388.37661703452,358692.4279667906,464604.59898821486,-812414.5315699469,7465.941514570994,-188531.6236216906,5818.194408623057,5885.799416633635,412286.2645323053,-438064.9144005215,-5296933.905952705
