,intercept,Agricultural Land Mass,min_temp_4 min_temp_16,min_temp_6 min_temp_16,min_temp_6 max_temp_16,min_temp_6 avg_temp_16,min_temp_8 min_temp_19,min_temp_16 max_temp_4,min_temp_17 max_temp_6,min_temp_17 avg_temp_9,max_temp_4 avg_temp_16,avg_temp_4 avg_temp_16,Agricultural Land Mass^2
0,40182.08695655986,3065272.340743003,595334.1509607309,649274.480739003,427439.5882845376,-970585.4040222288,9596.627060067249,-822048.9153033901,8437.781818066434,2506.698076051196,1349741.9931971335,-1192621.9878688708,-3064153.5358502627
