,intercept,Agricultural Land Mass,min_temp_4 min_temp_16,min_temp_6 min_temp_16,min_temp_6 max_temp_16,min_temp_6 avg_temp_16,min_temp_8 min_temp_19,min_temp_16 max_temp_4,min_temp_17 max_temp_6,min_temp_17 avg_temp_9,max_temp_4 avg_temp_16,avg_temp_4 avg_temp_16,Agricultural Land Mass^2
0,37440.19565217715,70588.89732460388,85452.26268946873,129427.85364857683,104181.92062732122,-216000.09064356907,6092.0071869390085,-121070.87897237351,9479.66503129954,9285.652779067826,166055.00547213512,-138291.1566335742,-70046.88881802774
