,intercept,Agricultural Land Mass,min_temp_4 min_temp_16,min_temp_6 min_temp_16,min_temp_6 max_temp_16,min_temp_8 min_temp_19,min_temp_16 max_temp_4,min_temp_17 max_temp_6,min_temp_17 avg_temp_9
0,37921.73913043484,1725.1879540617085,30310.580687773716,10045.09317044136,-277.6778766087572,5797.233292290613,-28005.492994279415,11486.556918594684,4131.309108868499
