,intercept,Agricultural Land Mass,precip_0 precip_22,precip_1 precip_5,precip_5 precip_11,precip_5 precip_16,precip_6 precip_16,precip_7 precip_18,precip_7 avg_temp_1,precip_8 precip_9,precip_8 precip_11,precip_8 precip_18,precip_11 max_temp_13,precip_11 avg_temp_1,precip_14 precip_15,precip_15 precip_22,precip_15 min_temp_21,precip_15 avg_temp_22,precip_16 precip_19,precip_20 precip_22,precip_20 min_temp_14,precip_21 min_temp_14,precip_23 min_temp_13,precip_23 min_temp_14,precip_23 max_temp_1,min_temp_2 min_temp_10,min_temp_2 min_temp_14,min_temp_4 min_temp_8,min_temp_4 max_temp_23,min_temp_5 min_temp_8,min_temp_5 max_temp_11,min_temp_5 max_temp_17,min_temp_8 max_temp_11,min_temp_10^2,min_temp_14^2,min_temp_14 avg_temp_12,min_temp_14 avg_temp_13,min_temp_16 max_temp_11,min_temp_22^2,max_temp_18 Agricultural Land Mass,avg_temp_0 avg_temp_11
0,37802.32608695668,5857.532401482552,-340.37203426787727,-2736.5822078629717,-1327.8429598847354,-1245.5945304336801,-3715.0816016426347,-3117.2190123008536,-2335.953589555601,-151.70318365725333,-7160.836236973369,-1257.6085019230325,-4225.218215645862,-1825.7700114052452,1913.9205240624244,6501.931189862942,2111.5965792044767,2567.3831246011546,-8396.676827804366,-2856.6662384259334,-2677.1862202985462,2942.678315225403,2050.2493030712444,-8825.270558243923,-4496.361569589023,-3824.9585585218156,5565.287974752059,6511.214175539716,1263.1536957109704,371.2021477643316,1340.3991117717753,24053.673020496397,5361.839775057422,-422.92418190043287,6738.745144685029,2365.3479576720115,2023.406051539499,341.58253000849123,-1325.7737271029712,447.9000100202003,1634.0813102558623
