,intercept,Agricultural Land Mass,min_temp_4 min_temp_16,min_temp_6 min_temp_16,min_temp_6 max_temp_16,min_temp_6 avg_temp_16,min_temp_8 min_temp_19,min_temp_16 max_temp_4,min_temp_17 max_temp_6,min_temp_17 avg_temp_9,max_temp_4 avg_temp_16,avg_temp_4 avg_temp_16,Agricultural Land Mass^2
0,39536.78260865562,1451369.7155737644,574221.6825878407,1321075.8478523141,1195301.3720622633,-2354170.7354513565,3700.7015133695354,-932616.4077185903,9212.622245578767,5330.00588226143,1382505.9169438023,-1127137.2263007052,-1449351.292645884
