,intercept,Agricultural Land Mass,min_temp_4 min_temp_16,min_temp_6 min_temp_16,min_temp_6 max_temp_16,min_temp_6 avg_temp_16,min_temp_8 min_temp_19,min_temp_16 max_temp_4,min_temp_17 max_temp_6,min_temp_17 avg_temp_9,max_temp_4 avg_temp_16,avg_temp_4 avg_temp_16,Agricultural Land Mass^2
0,39704.04347826086,55869.999812535716,176994.81908420048,190392.57415960275,-26632.739047613268,-99075.97394482489,8422.265248634094,-354401.1467850248,9996.660576290213,5876.217766482505,416679.3232233439,-290069.6507532765,-53711.19786837526
