,intercept,Agricultural Land Mass,min_temp_4 min_temp_16,min_temp_6 min_temp_16,min_temp_6 max_temp_16,min_temp_6 avg_temp_16,min_temp_8 min_temp_19,min_temp_16 max_temp_4,min_temp_17 max_temp_6,min_temp_17 avg_temp_9,max_temp_4 avg_temp_16,avg_temp_4 avg_temp_16,Agricultural Land Mass^2
0,38459.913043604516,2095269.7310191372,509790.21196669614,1376706.2876985257,1564486.448164489,-2837307.516104384,6567.067850973068,-632044.0740098302,10381.538485319696,5630.8420729792115,1099806.5510519668,-1025358.7596068248,-2092359.4519893557
