,intercept,Agricultural Land Mass,Agricultural Land Mass^2
0,39951.73913082586,13910028.308582516,-13916815.84539736
