,intercept,Agricultural Land Mass,min_temp_4 min_temp_16,min_temp_6 min_temp_16,min_temp_6 max_temp_16,min_temp_6 avg_temp_16,min_temp_8 min_temp_19,min_temp_16 max_temp_4,min_temp_17 max_temp_6,min_temp_17 avg_temp_9,max_temp_4 avg_temp_16,avg_temp_4 avg_temp_16,Agricultural Land Mass^2
0,37710.15217413027,2846212.6996835205,486641.20088501315,1066624.8634458221,1057325.883360171,-2018963.5312730595,5773.285879352412,-676988.9426027205,9412.25072822786,6024.80740949778,1109077.9377126303,-980085.8829964043,-2845978.5642646123
