,intercept,min_temp_16,Agricultural Land Mass,precip_5^2,precip_5 max_temp_8,min_temp_4 min_temp_16,min_temp_4 max_temp_21,min_temp_4 avg_temp_3,min_temp_4 avg_temp_17,min_temp_4 avg_temp_21,min_temp_5 min_temp_16,min_temp_5 min_temp_17,min_temp_6 min_temp_8,min_temp_6 min_temp_18,min_temp_6 max_temp_19,min_temp_6 avg_temp_6,min_temp_6 avg_temp_17,min_temp_8 min_temp_16,min_temp_8 min_temp_19,min_temp_8 max_temp_19,min_temp_8 avg_temp_5,min_temp_9 min_temp_21,min_temp_9 max_temp_12,min_temp_9 max_temp_19,min_temp_16^2,min_temp_16 min_temp_17,min_temp_16 max_temp_3,min_temp_16 max_temp_4,min_temp_16 max_temp_5,min_temp_16 max_temp_20,min_temp_16 avg_temp_6,min_temp_16 Agricultural Land Mass,min_temp_17 max_temp_6,min_temp_17 max_temp_7,min_temp_17 avg_temp_9,min_temp_18 min_temp_19,min_temp_18 max_temp_2,min_temp_18 max_temp_6,min_temp_19 avg_temp_6,min_temp_19 avg_temp_7,min_temp_20 max_temp_17,min_temp_20 avg_temp_21,min_temp_21 max_temp_15,max_temp_4 avg_temp_16,max_temp_6 max_temp_16,max_temp_7 max_temp_16,max_temp_7 avg_temp_18,max_temp_8 max_temp_19,max_temp_8 avg_temp_19,max_temp_17 avg_temp_5,max_temp_18 avg_temp_6,avg_temp_9 avg_temp_21,avg_temp_16 avg_temp_18,Agricultural Land Mass^2
0,35066.39130434773,-55508.28454712179,434.01130813830054,1389.1014022638553,-5586.096553836685,86138.87514324699,-5661.06349172944,55465.46649289742,-83904.88600530544,-1351.5852240624404,3041.090769462546,16470.870585442048,51897.38088658407,-35343.99042879226,22758.39120244172,-24261.709090519154,-3538.4060756114222,209050.8749192154,-136337.92683587343,-57823.16841898195,17758.739132786493,1342.253072776035,6359.435858089634,-15872.026593028231,-105161.73848484644,159250.30326809504,-75515.18157784345,-4934.0257049694,-51806.19778705228,20301.04751425552,-1844.6176693852317,-72947.83780508587,-43727.703105218476,-12985.216416584693,26993.24604987132,56102.41434314378,-724.21341511485,1356.5215541683829,25154.009405637855,-9027.648875296414,-25953.458666044542,22633.54825170193,-15265.533104876291,2517.1714604442445,7702.560828747463,11642.839226360262,-10200.88203521271,-5456.601710858269,-91.89516347749712,1285.814014646681,21590.704276045504,2055.0410748472245,12502.811018343764,3868.8128848262113
