,intercept,Agricultural Land Mass,precip_3 precip_10,precip_4 precip_20,precip_5 max_temp_4,precip_5 max_temp_8,precip_5 max_temp_22,precip_7 precip_19,precip_9 min_temp_10,precip_10 max_temp_13,precip_22 avg_temp_10,min_temp_0 min_temp_2,min_temp_0 max_temp_2,min_temp_2 min_temp_12,min_temp_3 avg_temp_8,min_temp_4 min_temp_16,min_temp_5 min_temp_15,min_temp_5 min_temp_17,min_temp_5 min_temp_18,min_temp_5 avg_temp_17,min_temp_6 min_temp_18,min_temp_6 avg_temp_18,min_temp_7 min_temp_19,min_temp_7 avg_temp_19,min_temp_8 max_temp_21,min_temp_9 min_temp_15,min_temp_9 min_temp_21,min_temp_15 min_temp_21,min_temp_16 min_temp_21,min_temp_20 max_temp_9,max_temp_3 max_temp_8,max_temp_5 max_temp_15,max_temp_7 avg_temp_19,max_temp_14 avg_temp_9,avg_temp_7 avg_temp_19,avg_temp_12 avg_temp_23,avg_temp_18^2
0,38052.17391304355,1405.4025716895262,3445.8097158348646,685.6643685383477,-283.8500296901182,-1150.7410331260828,-2808.6676952767257,-5508.766628624871,-2219.6935217544,-8005.984404184152,-3037.402047156703,847.9155867455538,772.1960459922249,-1803.7001810599904,4554.291017260258,16885.82886785508,3649.2509914084576,8913.110737027546,2101.810120148974,2119.2964731970283,6925.80667602149,7063.17565136374,-83.82177471160004,-5576.899666930613,6260.03942510591,6091.956592903758,199.35677265833462,5009.167304905681,17.844702780537297,-127.56379099903583,-9954.03832079528,-13628.446727705166,-1960.1220513138712,-2245.1782959809525,-3714.2508830191764,5336.972260368554,494.4920112162207
