,intercept,Agricultural Land Mass,min_temp_4 min_temp_16,min_temp_6 min_temp_16,min_temp_6 max_temp_16,min_temp_6 avg_temp_16,min_temp_8 min_temp_19,min_temp_16 max_temp_4,min_temp_17 max_temp_6,min_temp_17 avg_temp_9,max_temp_4 avg_temp_16,avg_temp_4 avg_temp_16,Agricultural Land Mass^2
0,41150.69565226898,3701976.2634051745,739928.3508504704,1275058.0743464115,1246278.255079818,-2383975.4516021647,7619.126286326112,-934580.983268951,10033.686221439046,3076.901967348459,1586311.83764875,-1471554.5609291405,-3699348.0772064035
