,intercept,Agricultural Land Mass,precip_5^2,min_temp_4 max_temp_21,min_temp_4 avg_temp_3,min_temp_5 min_temp_16,min_temp_5 max_temp_17,min_temp_6 max_temp_18,min_temp_7 max_temp_16,min_temp_8 avg_temp_5,min_temp_8 avg_temp_9,min_temp_9 max_temp_12,min_temp_9 max_temp_19,min_temp_16 max_temp_3,min_temp_16 max_temp_4,min_temp_16 avg_temp_4,min_temp_17 max_temp_6,min_temp_17 max_temp_7,min_temp_18 min_temp_19,min_temp_21 max_temp_15,max_temp_4 avg_temp_16,max_temp_8 max_temp_19,max_temp_18 avg_temp_6
0,37167.21739130437,942.2185538499033,-2638.738962024413,-4906.933330861042,848.1871350343184,2121.2899162458934,16109.601382271832,2310.060121578805,-13003.142967947835,475.5609086368971,7572.465739449883,7602.731238295828,-6421.61343561736,-9305.832304311203,5027.125286631543,17200.072558697568,-1969.0260615434415,-3291.4255580665294,7705.558335795131,2789.2061000500835,1172.9344625375518,-7927.797160024357,8302.86633461915
