,intercept,Agricultural Land Mass,min_temp_4 min_temp_16,min_temp_6 min_temp_16,min_temp_6 max_temp_16,min_temp_6 avg_temp_16,min_temp_8 min_temp_19,min_temp_16 max_temp_4,min_temp_17 max_temp_6,min_temp_17 avg_temp_9,max_temp_4 avg_temp_16,avg_temp_4 avg_temp_16,Agricultural Land Mass^2
0,38765.695652114526,2851680.5644016284,666393.7947419732,1148479.2865311184,1060467.2284855708,-2073517.2271195515,9049.174865862507,-914608.1554492601,7706.500963164717,4549.96004161754,1492195.4255839838,-1328773.0790879321,-2850136.314456538
