,intercept,Agricultural Land Mass,precip_5^2,min_temp_4 min_temp_16,min_temp_4 max_temp_21,min_temp_4 avg_temp_3,min_temp_5 min_temp_16,min_temp_5 min_temp_17,min_temp_5 max_temp_17,min_temp_6 min_temp_18,min_temp_6 max_temp_19,min_temp_7 max_temp_16,min_temp_8 avg_temp_9,min_temp_9 max_temp_12,min_temp_9 max_temp_19,min_temp_16 max_temp_3,min_temp_16 avg_temp_4,min_temp_17 max_temp_6,min_temp_17 avg_temp_9,min_temp_18 min_temp_19,min_temp_21 max_temp_15,min_temp_21 avg_temp_3,max_temp_7 avg_temp_18,max_temp_8 max_temp_19,avg_temp_6 avg_temp_18
0,37503.54347826088,2245.1552531318325,-4462.487776615743,12470.364497549202,-2815.48878399194,1322.7563199487568,11599.491441688162,6511.143498726977,6296.153185333145,1474.4952546777242,-4431.471317668663,-11784.38117558303,4882.245130957889,7850.26937173898,-3142.3441703253934,-16608.736735226157,6626.586947593988,-1555.8150236818421,1490.0704035358592,5395.230985534846,1496.2760726052127,3695.982304202706,449.80913193300813,-4036.0532437562088,6926.920499655833
