,intercept,Agricultural Land Mass,min_temp_4 min_temp_16,min_temp_6 min_temp_16,min_temp_8 min_temp_19,min_temp_17 max_temp_6,min_temp_17 avg_temp_9,max_temp_4 avg_temp_16
0,40686.82608695646,1550.6332063752047,17129.269564727674,428.4556759105848,9328.3727901914,11287.917372440867,5995.0159482615045,-9423.323455595842
