,intercept,Agricultural Land Mass,min_temp_4 min_temp_16,min_temp_6 min_temp_16,min_temp_6 max_temp_16,min_temp_6 avg_temp_16,min_temp_8 min_temp_19,min_temp_16 max_temp_4,min_temp_17 max_temp_6,min_temp_17 avg_temp_9,max_temp_4 avg_temp_16,avg_temp_4 avg_temp_16,Agricultural Land Mass^2
0,39724.50000012446,3289867.4596111667,618234.0764479742,870782.2197901338,580613.2431769975,-1315412.0521292842,8331.265366958749,-920783.1035333556,8441.432264803787,1694.9082692550487,1410315.5664305459,-1211956.341962936,-3289601.798704814
