,intercept,Agricultural Land Mass,min_temp_4 min_temp_16,min_temp_6 min_temp_16,min_temp_6 max_temp_16,min_temp_6 avg_temp_16,min_temp_8 min_temp_19,min_temp_16 max_temp_4,min_temp_17 max_temp_6,min_temp_17 avg_temp_9,max_temp_4 avg_temp_16,avg_temp_4 avg_temp_16,Agricultural Land Mass^2
0,37748.65217403926,2078247.5241132507,627354.1315124619,1432934.1179556896,1460054.7419660871,-2762210.7001627698,8320.653194103432,-878064.445077195,9924.355251788285,5728.515381134654,1458933.0726482638,-1291432.4034116503,-2075322.905153995
