,intercept,Agricultural Land Mass,min_temp_4 min_temp_16,min_temp_6 min_temp_16,min_temp_6 max_temp_16,min_temp_6 avg_temp_16,min_temp_8 min_temp_19,min_temp_16 max_temp_4,min_temp_17 max_temp_6,min_temp_17 avg_temp_9,max_temp_4 avg_temp_16,avg_temp_4 avg_temp_16,Agricultural Land Mass^2
0,36436.782608716116,2392672.1205493542,709729.6695368041,663688.0281483602,367198.40320877236,-910236.5477272973,9463.419640016902,-966524.4468001239,7963.863317082819,3168.9846541460074,1616736.4474862756,-1445803.692970831,-2390503.675601397
