,intercept,Agricultural Land Mass,precip_5 max_temp_8,min_temp_4 min_temp_16,min_temp_5 min_temp_16,min_temp_5 min_temp_17,min_temp_5 max_temp_17,min_temp_6 min_temp_18,min_temp_6 max_temp_19,min_temp_6 avg_temp_18,min_temp_7 max_temp_16,min_temp_8 min_temp_16,min_temp_9 min_temp_21,min_temp_9 max_temp_12,min_temp_16 max_temp_3,min_temp_16 max_temp_21,min_temp_17 avg_temp_9,min_temp_18 max_temp_2,min_temp_19 avg_temp_7,min_temp_20 avg_temp_16,min_temp_20 avg_temp_21,max_temp_8 max_temp_19
0,36187.1739130436,1997.3753455717724,-2033.4302039006998,8754.91853734965,6758.992901853266,5362.959890264318,6634.160852141849,5265.803167709109,14.870606140053331,4100.452395878124,-17511.682380379105,18061.740601561385,1303.024776025483,6181.936629604508,-11934.743532453005,5452.7310208115905,-2008.0468776267032,-709.6338925546445,-1728.3866165364593,387.4506248831658,1304.8963821564687,-5913.150769603616
