,intercept,Agricultural Land Mass,min_temp_4 min_temp_16,min_temp_6 min_temp_16,min_temp_6 max_temp_16,min_temp_6 avg_temp_16,min_temp_8 min_temp_19,min_temp_16 max_temp_4,min_temp_17 max_temp_6,min_temp_17 avg_temp_9,max_temp_4 avg_temp_16,avg_temp_4 avg_temp_16,Agricultural Land Mass^2
0,38545.217391099395,3853863.8421104765,716107.5502446891,926412.7824237229,567236.5463717645,-1321893.5462379097,3408.4970933629197,-1088546.3632929402,7304.12916286507,214.70094556268788,1689573.7034516982,-1439956.1586095083,-3853005.493367191
