,intercept,Agricultural Land Mass,min_temp_4 min_temp_16,min_temp_6 max_temp_16,min_temp_8 min_temp_19,min_temp_16 max_temp_4,min_temp_17 max_temp_6,max_temp_4 avg_temp_16
0,36594.78260869573,898.8129746520041,22085.240191165438,12540.10005911105,283.2757619445516,-5512.075993528812,11150.898232092488,-13698.300820766013
