,intercept,Agricultural Land Mass,min_temp_4 min_temp_16,min_temp_6 min_temp_16,min_temp_6 max_temp_16,min_temp_6 avg_temp_16,min_temp_8 min_temp_19,min_temp_16 max_temp_4,min_temp_17 max_temp_6,min_temp_17 avg_temp_9,max_temp_4 avg_temp_16,avg_temp_4 avg_temp_16,Agricultural Land Mass^2
0,36396.04347833496,3275736.295667408,461978.86354148015,989197.8120288281,1003376.0249755277,-1885063.506277112,2635.3207642924567,-649418.847362446,7849.245764366423,-353.7672295933695,1073773.1276705326,-944301.4255911498,-3274679.252882254
