,intercept,Agricultural Land Mass,min_temp_4 min_temp_16,min_temp_6 min_temp_16,min_temp_6 max_temp_16,min_temp_6 avg_temp_16,min_temp_8 min_temp_19,min_temp_16 max_temp_4,min_temp_17 max_temp_6,min_temp_17 avg_temp_9,max_temp_4 avg_temp_16,avg_temp_4 avg_temp_16,Agricultural Land Mass^2
0,40584.91304335431,2527761.4515340463,643326.457180837,1581522.221423421,1630572.197990763,-3058568.78986835,3663.2019466408897,-839582.375900468,10712.550730507184,2956.9338264229877,1348411.5069122517,-1236822.9883635782,-2526577.6809135354
