,intercept,Agricultural Land Mass,precip_5^2,min_temp_4 min_temp_16,min_temp_4 max_temp_21,min_temp_5 min_temp_16,min_temp_5 max_temp_17,min_temp_6 max_temp_18,min_temp_6 max_temp_19,min_temp_6 avg_temp_18,min_temp_7 max_temp_16,min_temp_8 avg_temp_9,min_temp_9 max_temp_12,min_temp_9 max_temp_19,min_temp_16 max_temp_3,min_temp_16 avg_temp_4,min_temp_17 max_temp_7,min_temp_18 min_temp_19,min_temp_18 max_temp_2,min_temp_21 max_temp_15,min_temp_21 avg_temp_3,max_temp_8 max_temp_19,max_temp_18 avg_temp_6,avg_temp_16 avg_temp_18
0,36969.13043478257,1238.9351650252393,-1612.2184287569794,14204.26087664224,-11695.87779449804,3073.906263053719,15790.339799174955,538.2882414506319,-1553.6015616521568,862.426691257712,-21777.357218205412,13511.316996062491,6065.565676303322,-9380.683254176382,-16566.66517691975,17720.754245645512,-6879.360636699983,12772.35353461565,4338.406725293369,1078.0317534652527,6198.259125097858,-11705.8871420944,7609.0457708994045,6156.233615715548
