,intercept,Agricultural Land Mass,precip_5 max_temp_8,min_temp_4 min_temp_16,min_temp_5 min_temp_16,min_temp_5 min_temp_17,min_temp_5 max_temp_17,min_temp_6 min_temp_8,min_temp_6 min_temp_18,min_temp_6 max_temp_16,min_temp_6 avg_temp_18,min_temp_7 max_temp_16,min_temp_9 min_temp_21,min_temp_9 max_temp_12,min_temp_16 max_temp_3,min_temp_18 max_temp_2,min_temp_19 avg_temp_7,min_temp_20 avg_temp_21,max_temp_7 avg_temp_18,max_temp_8 max_temp_19
0,36589.04347826098,1393.0700650619042,-4922.228149558992,14034.260347045218,21554.808209093357,8053.908356093921,366.23394497819294,5090.609974411841,875.587547746336,1908.5340944001382,2839.554933695492,-5648.3556111379885,106.71059816952035,3552.9468309564877,-19239.341665205728,422.48246073252864,-8809.107169552182,6218.546982007412,353.09872960196805,-777.2574163515384
