,intercept,Agricultural Land Mass,min_temp_4 min_temp_16,min_temp_6 min_temp_16,min_temp_6 max_temp_16,min_temp_6 avg_temp_16,min_temp_8 min_temp_19,min_temp_16 max_temp_4,min_temp_17 max_temp_6,min_temp_17 avg_temp_9,max_temp_4 avg_temp_16,avg_temp_4 avg_temp_16,Agricultural Land Mass^2
0,37299.47826103203,2329725.40983232,139717.34314341875,422024.5670374153,580365.9388707468,-993914.6512455717,8027.547171791485,-94180.37906829851,6032.220517961292,7432.071441027942,224727.97546962445,-258423.13535939052,-2328421.108076647
