,intercept,Agricultural Land Mass,Agricultural Land Mass^2
0,41040.913044549656,14528901.665652994,-14533173.757685423
