,intercept,Agricultural Land Mass,min_temp_4 min_temp_16,min_temp_6 min_temp_16,min_temp_6 max_temp_16,min_temp_6 avg_temp_16,min_temp_8 min_temp_19,min_temp_16 max_temp_4,min_temp_17 max_temp_6,min_temp_17 avg_temp_9,max_temp_4 avg_temp_16,avg_temp_4 avg_temp_16,Agricultural Land Mass^2
0,39807.02173914132,280099.21840686665,667090.7626519307,846402.0236877968,573079.3256457673,-1286873.7293432506,9691.147244923657,-984513.9581367032,7787.743243589528,5801.841111843362,1564298.7854940188,-1336138.5105422041,-278006.12350788363
