,intercept,min_temp_16,Agricultural Land Mass,precip_5^2,precip_5 max_temp_6,min_temp_4 min_temp_16,min_temp_4 max_temp_21,min_temp_4 avg_temp_3,min_temp_4 avg_temp_21,min_temp_5 min_temp_17,min_temp_6 min_temp_8,min_temp_6 min_temp_17,min_temp_6 min_temp_18,min_temp_6 avg_temp_17,min_temp_8 min_temp_16,min_temp_8 avg_temp_5,min_temp_9 min_temp_21,min_temp_9 max_temp_12,min_temp_9 max_temp_18,min_temp_16^2,min_temp_16 min_temp_17,min_temp_16 max_temp_3,min_temp_16 max_temp_4,min_temp_16 max_temp_18,min_temp_16 max_temp_20,min_temp_16 max_temp_21,min_temp_16 avg_temp_4,min_temp_16 avg_temp_6,min_temp_16 avg_temp_19,min_temp_16 Agricultural Land Mass,min_temp_17 max_temp_7,min_temp_17 avg_temp_6,min_temp_17 avg_temp_9,min_temp_18 min_temp_19,min_temp_18 max_temp_2,min_temp_18 max_temp_6,min_temp_19 avg_temp_7,min_temp_19 avg_temp_8,min_temp_20 max_temp_17,min_temp_21 max_temp_15,max_temp_6 max_temp_16,max_temp_6 avg_temp_16,max_temp_7 max_temp_16,max_temp_8 max_temp_19,max_temp_17 avg_temp_5,max_temp_18 avg_temp_6,avg_temp_9 avg_temp_21,Agricultural Land Mass^2
0,35777.108695652685,-4637.191285502518,4238.630358699681,-41494.138690975975,34761.14500087678,48905.517346265886,-244590.30616672253,143117.71766830148,98744.1579583074,50416.113678830065,42379.12875767346,-17883.085090029097,-11126.916789491468,-1097.2122622872098,40426.975770091136,-43650.17297715433,-35707.74209180038,14515.708275218985,3592.1903875853363,-39281.556022183024,9428.852879204336,-165036.5428771317,19084.73925863635,11718.417923505735,47669.32763751768,161390.31571622865,38170.59880773565,-10257.982389174704,-113543.17832272786,-26641.259029216035,-31233.253977275555,-4111.869268470276,38054.99877386742,73961.22506361878,545.7858418022922,-33166.04549956791,-10972.15692841476,-26837.964118482687,-22034.06002978872,-4469.899453493001,-8671.584234362575,-4.900510314281865,17986.205772911573,2573.244732636264,-1616.2977773118143,21623.296776047522,-3074.565510027475,448.179932030993
