,intercept,Agricultural Land Mass,precip_5 max_temp_8,min_temp_4 min_temp_16,min_temp_4 avg_temp_21,min_temp_5 min_temp_16,min_temp_5 min_temp_17,min_temp_5 max_temp_17,min_temp_6 max_temp_16,min_temp_7 max_temp_16,min_temp_8 min_temp_16,min_temp_9 min_temp_21,min_temp_16 max_temp_3,min_temp_17 avg_temp_9,min_temp_19 avg_temp_7,min_temp_20 avg_temp_21,max_temp_6 max_temp_16,max_temp_8 max_temp_19,max_temp_18 avg_temp_6
0,35505.6739130435,2393.6288049060945,-2031.7402910631774,12881.21091854937,1135.4383026152407,4249.763134222356,9283.83875753364,1056.2156199888052,5689.458214468544,-6677.328338659718,6023.396336945467,5060.528681245429,-15812.724862250003,-360.4558670266554,-8478.56996991215,2951.2880560668386,4605.471549795758,-218.83722159793592,4733.077016348243
