,intercept,Agricultural Land Mass,min_temp_4 min_temp_16,min_temp_6 min_temp_16,min_temp_6 max_temp_16,min_temp_6 avg_temp_16,min_temp_8 min_temp_19,min_temp_16 max_temp_4,min_temp_17 max_temp_6,min_temp_17 avg_temp_9,max_temp_4 avg_temp_16,avg_temp_4 avg_temp_16,Agricultural Land Mass^2
0,39092.13043478439,72772.57633555004,111174.15528140697,151930.19583378272,53681.89913449856,-171538.9249549414,5647.933780273901,-203112.6710973297,9844.597162336304,7215.557021492969,256268.26771050415,-186726.38157415972,-70948.06801683609
