,intercept,Agricultural Land Mass,min_temp_4 min_temp_16,min_temp_6 min_temp_16,min_temp_6 max_temp_16,min_temp_6 avg_temp_16,min_temp_8 min_temp_19,min_temp_16 max_temp_4,min_temp_17 max_temp_6,min_temp_17 avg_temp_9,max_temp_4 avg_temp_16,avg_temp_4 avg_temp_16,Agricultural Land Mass^2
0,40023.71739141822,2929466.2884129896,751198.2497679021,1288443.021392739,1048976.736818661,-2162693.6320087714,7146.726662181168,-1138460.2162261684,8386.81037455712,4642.025616544188,1778943.6536653296,-1511431.0001807471,-2928294.3268051273
