,intercept,Agricultural Land Mass,min_temp_4 min_temp_16,min_temp_6 min_temp_16,min_temp_6 max_temp_16,min_temp_6 avg_temp_16,min_temp_8 min_temp_19,min_temp_16 max_temp_4,min_temp_17 max_temp_6,min_temp_17 avg_temp_9,max_temp_4 avg_temp_16,avg_temp_4 avg_temp_16,Agricultural Land Mass^2
0,39260.956521773995,3237769.671651107,707626.2235422945,1110504.185587672,887533.6757776848,-1835204.1934282025,7112.039136472087,-1010794.2517271843,9419.125323464876,3385.9389619154485,1594733.166802282,-1395219.722972369,-3237251.9064305304
