,intercept,min_temp_16,Agricultural Land Mass,precip_5^2,precip_5 max_temp_8,min_temp_4 min_temp_16,min_temp_4 min_temp_17,min_temp_4 max_temp_21,min_temp_4 avg_temp_3,min_temp_4 avg_temp_17,min_temp_4 avg_temp_21,min_temp_5 min_temp_17,min_temp_5 max_temp_17,min_temp_6 min_temp_8,min_temp_6 min_temp_16,min_temp_6 min_temp_17,min_temp_6 min_temp_18,min_temp_6 min_temp_19,min_temp_6 max_temp_16,min_temp_6 max_temp_19,min_temp_6 avg_temp_6,min_temp_6 avg_temp_17,min_temp_6 avg_temp_18,min_temp_7 max_temp_16,min_temp_7 avg_temp_16,min_temp_8 min_temp_16,min_temp_8 min_temp_19,min_temp_8 avg_temp_9,min_temp_9 min_temp_21,min_temp_9 max_temp_12,min_temp_9 max_temp_19,min_temp_16 min_temp_17,min_temp_16 max_temp_3,min_temp_16 max_temp_20,min_temp_16 avg_temp_19,min_temp_17 max_temp_6,min_temp_17 max_temp_7,min_temp_17 avg_temp_9,min_temp_18 min_temp_19,min_temp_18 max_temp_2,min_temp_18 max_temp_6,min_temp_19 avg_temp_7,min_temp_19 avg_temp_8,min_temp_20 max_temp_17,min_temp_20 avg_temp_16,min_temp_20 avg_temp_21,min_temp_21 max_temp_15,min_temp_21 avg_temp_3,max_temp_6 max_temp_16,max_temp_7 max_temp_16,max_temp_8 max_temp_19,max_temp_17 avg_temp_5,max_temp_18 avg_temp_6,avg_temp_4 avg_temp_17,avg_temp_7 avg_temp_16,avg_temp_9 avg_temp_21,Agricultural Land Mass^2
0,36694.413043478395,-83883.52837556452,973.8574360018683,-2171.2637699330135,4118.90919878796,125857.6348074807,-28576.729053991785,-26855.36072911815,82766.86713417436,-45877.74373892651,-40493.99681973444,23751.10220203514,-2877.8550049168143,151106.48951430598,65380.5152436445,-13011.681008268955,-98875.96661876843,-18216.329157973036,-19883.28350706933,35697.510904736555,-863.6827718731424,29548.584882035375,-39530.562464097515,3884.901513617111,2181.781406610271,54203.305899433886,-128011.82624805252,-40693.493554586705,1650.2776706896766,8461.616948837345,-14174.819082712134,133425.13025177992,-115604.50011594454,25204.859485154615,-141517.2111157397,-26387.46747717972,-45055.32398123507,51542.77427042279,204627.63268880398,-2271.148663053665,-31805.498084178656,-40134.81676846592,-39799.73422681275,-19169.106525866446,-63527.09992107113,71269.58607946782,-17802.814635153827,1379.2119502718263,-17580.045032577385,37610.01555939911,3543.713035446864,-670.2299725403678,38945.48944375376,-9719.743151804667,42542.94675884756,8354.016759981021,4957.435790574899
