,intercept,precip_5 max_temp_8,min_temp_4 avg_temp_16,min_temp_5 min_temp_16,min_temp_5 min_temp_17,min_temp_6 min_temp_8,min_temp_6 max_temp_16,min_temp_7 max_temp_16,min_temp_8 min_temp_16,min_temp_8 avg_temp_5,min_temp_9 max_temp_12,min_temp_16 max_temp_3,min_temp_17 avg_temp_9,min_temp_18 max_temp_6,min_temp_20 avg_temp_21,max_temp_7 avg_temp_18,max_temp_8 max_temp_19
0,34643.043478260886,-4371.01166608157,9672.66334811966,4552.991722338108,12722.781457112655,3299.8395250824233,1741.9095942387953,-8918.308757309875,15112.494584535112,241.11515807314896,538.5261472665115,-11497.85872451217,-1319.860617058561,-939.9771830351186,5045.196095028271,-1256.6708617112324,-2879.097762155417
