,intercept,Agricultural Land Mass,min_temp_4 min_temp_16,min_temp_6 min_temp_16,min_temp_6 max_temp_16,min_temp_6 avg_temp_16,min_temp_8 min_temp_19,min_temp_16 max_temp_4,min_temp_17 max_temp_6,min_temp_17 avg_temp_9,max_temp_4 avg_temp_16,avg_temp_4 avg_temp_16,Agricultural Land Mass^2
0,38271.217391457525,1901197.4896183691,799142.2702033885,1074704.35495712,849176.0049084933,-1761174.420865274,3846.276104900422,-1056405.1591294124,7407.318660783034,-190.79786210654325,1744904.6105639883,-1590576.8676738618,-1899226.3535132385
