,intercept,Agricultural Land Mass,min_temp_4 min_temp_16,min_temp_6 min_temp_16,min_temp_6 max_temp_16,min_temp_6 avg_temp_16,min_temp_8 min_temp_19,min_temp_16 max_temp_4,min_temp_17 max_temp_6,min_temp_17 avg_temp_9,max_temp_4 avg_temp_16,avg_temp_4 avg_temp_16,Agricultural Land Mass^2
0,41379.99999999907,826769.5531563688,705279.6741950403,1206608.699320475,946148.3951177273,-1986366.6570658742,8315.822606738075,-1114008.2107762618,8955.66827835578,4087.66029924101,1705314.730133788,-1412790.71497722,-824804.8394776346
