,intercept,Agricultural Land Mass,Agricultural Land Mass^2
0,39919.99999988851,13392962.93100444,-13396908.423431115
