,intercept,Agricultural Land Mass,min_temp_4 min_temp_16,min_temp_6 min_temp_16,min_temp_6 max_temp_16,min_temp_6 avg_temp_16,min_temp_8 min_temp_19,min_temp_16 max_temp_4,min_temp_17 max_temp_6,min_temp_17 avg_temp_9,max_temp_4 avg_temp_16,avg_temp_4 avg_temp_16,Agricultural Land Mass^2
0,39522.891304317076,2086229.3911041094,773964.6267381521,1292581.1040711242,1081062.2418893657,-2207847.0102909263,9279.689156216973,-1144478.464969587,9871.353624211943,4222.464123400288,1817691.8196876473,-1566377.060056074,-2082711.058460279
