,intercept,Agricultural Land Mass,min_temp_4 min_temp_16,Agricultural Land Mass^2
0,38546.04347802417,8834869.437083116,18811.42691653806,-8833878.559141925
