,intercept,min_temp_7,precip_5 max_temp_22,precip_7 precip_19,precip_9 min_temp_10,precip_10 max_temp_13,precip_12 max_temp_23,precip_16 avg_temp_5,precip_22 min_temp_2,precip_22 avg_temp_10,min_temp_3 max_temp_12,min_temp_3 avg_temp_10,min_temp_4 min_temp_6,min_temp_4 max_temp_16,min_temp_5 min_temp_8,min_temp_5 min_temp_15,min_temp_5 min_temp_17,min_temp_5 max_temp_16,min_temp_5 avg_temp_21,min_temp_6 min_temp_8,min_temp_6 max_temp_18,min_temp_8 max_temp_20,min_temp_8 max_temp_21,min_temp_16 min_temp_21,min_temp_18 max_temp_2,max_temp_3 avg_temp_8,max_temp_5 max_temp_15,max_temp_8 max_temp_19,max_temp_8 avg_temp_19,max_temp_9 avg_temp_21,max_temp_14 avg_temp_8,avg_temp_3 avg_temp_22,avg_temp_12 avg_temp_23
0,38437.500000000015,-8111.211702537485,-6639.874021107973,-2830.9971888822442,-4311.763877380558,-7661.796182503393,1838.916099679751,-809.0634776135457,-3649.5862461086062,-703.8705190472823,6401.773180181624,-669.3952461083746,4527.458543105288,6855.651065365514,115.502541526322,5206.313151280033,10626.74628973195,8663.125117190219,4155.27903892438,9611.697055780915,3645.029531066649,4847.44088306611,4278.557031127983,5505.385137324676,-1011.0095034588102,-9039.493195306033,-5150.293558597392,-1938.53868513577,-7578.891886062399,1100.5723206104346,-143.0984876279804,-1175.355576328678,3153.3858919349595
