,intercept,Agricultural Land Mass,min_temp_4 min_temp_16,Agricultural Land Mass^2
0,38915.282608688925,166780.08627183293,22855.60876847545,-167252.65554741552
