,intercept,Agricultural Land Mass,min_temp_4 min_temp_16,min_temp_6 min_temp_16,min_temp_6 max_temp_16,min_temp_6 avg_temp_16,min_temp_8 min_temp_19,min_temp_16 max_temp_4,min_temp_17 max_temp_6,min_temp_17 avg_temp_9,max_temp_4 avg_temp_16,avg_temp_4 avg_temp_16,Agricultural Land Mass^2
0,37880.782609125905,5394510.95962329,553175.3367546956,642621.747315545,353600.3628736347,-879313.7362634406,8482.214229157285,-821583.303762954,6341.616231262277,2676.0319475882616,1259102.2917225568,-1077058.3119294993,-5391425.810268318
