,intercept,Agricultural Land Mass,min_temp_4 min_temp_16,min_temp_6 min_temp_16,min_temp_6 max_temp_16,min_temp_6 avg_temp_16,min_temp_8 min_temp_19,min_temp_16 max_temp_4,min_temp_17 max_temp_6,min_temp_17 avg_temp_9,max_temp_4 avg_temp_16,avg_temp_4 avg_temp_16,Agricultural Land Mass^2
0,42491.73913043839,71595.47898418376,183065.3726354391,168000.37988047747,-54913.32484013796,-49230.00276434556,7292.649831787806,-353664.00073739846,9632.492747815722,4689.887290190386,441525.6199870611,-317978.82545647037,-69620.75829422279
