,intercept,Agricultural Land Mass,Agricultural Land Mass^2
0,39189.21739180633,13993396.506657988,-13997169.678223854
