,intercept,precip_5^2,precip_5 max_temp_8,min_temp_4 min_temp_16,min_temp_4 max_temp_21,min_temp_5 min_temp_16,min_temp_5 min_temp_17,min_temp_5 max_temp_17,min_temp_6 max_temp_19,min_temp_6 avg_temp_6,min_temp_7 max_temp_16,min_temp_8 min_temp_16,min_temp_8 avg_temp_9,min_temp_9 max_temp_12,min_temp_9 max_temp_19,min_temp_16 max_temp_3,min_temp_16 max_temp_18,min_temp_17 max_temp_6,min_temp_18 min_temp_19,min_temp_18 max_temp_2,min_temp_19 avg_temp_7,min_temp_20 max_temp_17,min_temp_21 avg_temp_3,max_temp_18 avg_temp_6
0,38046.69565217382,-2127.16667005579,-4063.9556368413723,27845.039784683882,-6965.225132705783,2590.6982648662965,7239.33340716154,8554.793391094188,-779.5832314662001,-586.920099501353,-8310.160413115926,5989.055878633594,4136.061311333562,6379.158219594376,-4817.876137089887,-18761.493719161135,56.03672402758583,-2357.543567469402,10384.356766775429,-850.29836196634,-10800.14534805628,1344.0979340424478,3379.364191579846,11050.676481414726
