,intercept,Agricultural Land Mass,precip_5^2,precip_5 max_temp_8,min_temp_4 min_temp_16,min_temp_4 max_temp_21,min_temp_5 min_temp_16,min_temp_5 min_temp_17,min_temp_5 max_temp_17,min_temp_6 avg_temp_18,min_temp_7 max_temp_16,min_temp_8 min_temp_16,min_temp_8 avg_temp_9,min_temp_9 max_temp_12,min_temp_9 max_temp_19,min_temp_16 max_temp_3,min_temp_17 avg_temp_9,min_temp_18 max_temp_2,min_temp_19 avg_temp_7,min_temp_21 max_temp_15,min_temp_21 avg_temp_3,max_temp_8 max_temp_19,max_temp_18 avg_temp_6,avg_temp_16 avg_temp_18
0,39935.04347826079,1334.1122930859408,-3513.2450960310316,-625.7214241928282,19561.585281244235,-345.13417452355264,5193.05686288345,2054.0212628709255,13740.629021383142,7711.596011978588,-18510.69929726954,3796.4440752523,5742.115857622733,6543.243742995583,-2383.7311099648296,-22246.42587627895,165.13845884920104,847.0106795766362,-5068.452622627406,212.2980765123418,388.91845734078413,-5380.003975724692,3282.81049655908,20575.744299312202
