,intercept,Agricultural Land Mass,precip_5^2,precip_5 max_temp_8,min_temp_4 min_temp_16,min_temp_5 min_temp_17,min_temp_6 max_temp_18,min_temp_6 avg_temp_18,min_temp_7 max_temp_16,min_temp_8 min_temp_16,min_temp_8 avg_temp_5,min_temp_9 max_temp_12,min_temp_9 max_temp_18,min_temp_16 max_temp_3,min_temp_18 min_temp_19,min_temp_19 avg_temp_7,min_temp_20 avg_temp_21,min_temp_21 max_temp_15,min_temp_21 avg_temp_3,max_temp_7 avg_temp_18,max_temp_8 max_temp_19,max_temp_8 avg_temp_19,max_temp_17 avg_temp_5,max_temp_18 avg_temp_6,avg_temp_4 avg_temp_17
0,37817.021739130454,129.9697415862955,6082.936968111988,-10295.647765783242,20237.008616279723,16145.682840940635,5227.693693867603,1005.3671955022393,-2656.5042706314807,12247.138259440397,3592.212777718879,3015.1608510281026,704.9963500779628,-16847.785409818905,6121.774826012393,-10045.709317370078,2729.4261496337167,-398.4898569717318,1298.1339640639785,1007.0918523800933,-7545.108358527168,-792.717448018234,-122.57251239499777,1268.9158679431016,-6523.852542326854
