,intercept,Agricultural Land Mass,min_temp_4 min_temp_16,min_temp_6 max_temp_16,min_temp_8 min_temp_19,min_temp_16 max_temp_4,min_temp_17 max_temp_6,min_temp_17 avg_temp_9,max_temp_4 avg_temp_16
0,39023.54347826094,1719.2861325263987,22705.363063279383,9214.880464492755,2897.8856214540933,-829.6947750848075,8591.753025301588,1875.6087805292166,-16445.190404483765
