,intercept,Agricultural Land Mass,precip_5 max_temp_8,min_temp_4 min_temp_16,min_temp_5 min_temp_16,min_temp_5 min_temp_17,min_temp_6 min_temp_8,min_temp_6 min_temp_18,min_temp_6 max_temp_16,min_temp_6 avg_temp_18,min_temp_7 max_temp_16,min_temp_8 min_temp_16,min_temp_9 min_temp_21,min_temp_9 max_temp_12,min_temp_16 max_temp_3,min_temp_18 max_temp_2,min_temp_19 avg_temp_7,min_temp_20 avg_temp_16,min_temp_20 avg_temp_21,max_temp_8 max_temp_19,avg_temp_16 avg_temp_18
0,36893.369565217436,2317.301046942335,-2494.634086346603,15483.064659207872,6130.713762661597,10367.14113110128,8581.767263557054,531.2922534605102,1922.0691733309682,2352.6951502527454,-9577.634712709,1455.1430742455489,4441.938257204694,787.4311180870435,-18665.241370484102,-882.2752737900133,-4790.247156000378,1929.963367089123,4139.7833655081295,-6308.602899525837,10726.920361933222
