,intercept,Agricultural Land Mass,min_temp_4 min_temp_16,min_temp_6 min_temp_16,min_temp_6 max_temp_16,min_temp_6 avg_temp_16,min_temp_8 min_temp_19,min_temp_16 max_temp_4,min_temp_17 max_temp_6,min_temp_17 avg_temp_9,max_temp_4 avg_temp_16,avg_temp_4 avg_temp_16,Agricultural Land Mass^2
0,40734.217391252445,1455532.2461401296,764146.4412591935,1452829.0939743472,1316998.6002555115,-2596316.709179724,5799.085996619186,-1097513.346428491,9164.34060997527,4137.803798164113,1738117.5613408121,-1515406.052998278,-1453295.5970131718
