,intercept,Agricultural Land Mass,Agricultural Land Mass^2
0,40220.30434818247,14584514.170664666,-14589386.00653092
