,intercept,Agricultural Land Mass,min_temp_4 min_temp_16,min_temp_6 min_temp_16,min_temp_6 max_temp_16,min_temp_6 avg_temp_16,min_temp_8 min_temp_19,min_temp_16 max_temp_4,min_temp_17 max_temp_6,min_temp_17 avg_temp_9,max_temp_4 avg_temp_16,avg_temp_4 avg_temp_16,Agricultural Land Mass^2
0,40780.60869565449,61234.45891598917,186997.31801534732,210909.5524510463,-37557.826507563776,-93532.09052048968,5989.458068372222,-388137.210455441,10253.543871568723,4327.732542438328,442020.89870514884,-301489.50699530455,-60137.51551492014
