,intercept,Agricultural Land Mass,min_temp_4 min_temp_16,min_temp_6 min_temp_16,min_temp_6 max_temp_16,min_temp_6 avg_temp_16,min_temp_8 min_temp_19,min_temp_16 max_temp_4,min_temp_17 max_temp_6,min_temp_17 avg_temp_9,max_temp_4 avg_temp_16,avg_temp_4 avg_temp_16,Agricultural Land Mass^2
0,35391.76086981019,2811846.139715329,379575.13499309437,1045816.9054231788,1032822.9407495445,-1966137.1194042934,332.748967750594,-595155.8870826092,7074.7685199656835,2183.6585147782835,908401.3967333676,-759629.3120509558,-2812587.449712178
