,intercept,precip_0 precip_8,precip_2 min_temp_9,precip_3 min_temp_3,precip_4 min_temp_10,precip_5 precip_19,precip_5 max_temp_1,precip_6 precip_14,precip_6 min_temp_9,precip_6 max_temp_12,precip_6 max_temp_13,precip_6 avg_temp_13,precip_7 avg_temp_1,precip_8 precip_20,precip_8 avg_temp_11,precip_9 precip_20,precip_10 precip_12,precip_10 precip_13,precip_10 min_temp_2,precip_10 min_temp_10,precip_12 min_temp_9,precip_13 min_temp_22,precip_15 precip_22,precip_17 max_temp_1,precip_19 precip_23,precip_21 avg_temp_0,precip_21 avg_temp_1,min_temp_1 max_temp_1,min_temp_2 min_temp_22,min_temp_5 min_temp_16,min_temp_5 min_temp_17,min_temp_8 max_temp_2,min_temp_10 min_temp_14,min_temp_10 avg_temp_12,min_temp_13 avg_temp_13,min_temp_14 min_temp_22,min_temp_16 max_temp_4,min_temp_16 max_temp_23,min_temp_19 max_temp_22,min_temp_19 avg_temp_22,min_temp_22 avg_temp_11,avg_temp_0^2
0,33657.95652173914,-1798.6272903967847,4356.309885096711,2807.7867987973086,778.3899481686885,-125.55914233686529,-614.1262737900659,125.2362554087771,112.54360844684118,5012.461085016742,895.8607441084148,184.3103270309405,-315.773489729917,-374.358613390289,-1612.3069556397647,-621.4296488610136,797.4512121018362,1666.3723163719462,2916.5295321147046,2171.4663508985514,3079.008988589258,-583.0208790892101,2967.5660780693916,-988.7715024244611,-3191.313485039288,-1485.2390372543687,-1092.6534070283294,2273.992889878179,-1461.8216585237033,4845.717015849605,11109.845096932071,732.9063863226346,1033.6673562536314,3483.6592193220627,2247.4435171777213,-1146.1824181121565,702.6277248618511,1008.5923364652065,-745.29546138138,-1688.8803298682549,-1778.3845429519997,2379.4982415212626
