,intercept,min_temp_4 min_temp_16,min_temp_6 max_temp_16,min_temp_8 min_temp_19,min_temp_16 max_temp_4,min_temp_17 max_temp_6,min_temp_17 avg_temp_9,max_temp_4 avg_temp_16
0,39692.73913043475,17978.81259359538,258.3444791535548,9282.957433835201,-6402.458654857837,12399.23505529911,5581.166509646283,-6038.474002420223
