,intercept,Agricultural Land Mass,min_temp_4 min_temp_16,min_temp_6 min_temp_16,min_temp_6 max_temp_16,min_temp_6 avg_temp_16,min_temp_8 min_temp_19,min_temp_16 max_temp_4,min_temp_17 max_temp_6,min_temp_17 avg_temp_9,max_temp_4 avg_temp_16,avg_temp_4 avg_temp_16,Agricultural Land Mass^2
0,37676.71739138435,2517769.620823106,760453.7804642075,913780.1422160683,612899.8563636803,-1382767.055478922,9887.984225442799,-1079225.5176023282,7342.49235151188,2167.468976791827,1759960.846578143,-1542355.2519730926,-2515686.3879142846
