,intercept,precip_5 max_temp_8,min_temp_4 min_temp_17,min_temp_4 max_temp_21,min_temp_4 avg_temp_3,min_temp_5 min_temp_17,min_temp_5 max_temp_17,min_temp_6 max_temp_16,min_temp_7 max_temp_16,min_temp_8 min_temp_16,min_temp_8 avg_temp_5,min_temp_9 min_temp_21,min_temp_9 max_temp_12,min_temp_16 max_temp_3,min_temp_16 max_temp_5,min_temp_16 max_temp_20,min_temp_16 max_temp_21,min_temp_17 min_temp_18,min_temp_17 max_temp_6,min_temp_17 max_temp_7,min_temp_17 avg_temp_9,min_temp_18 min_temp_19,min_temp_18 max_temp_2,min_temp_20 max_temp_17,min_temp_21 max_temp_15,min_temp_21 avg_temp_3,max_temp_4 avg_temp_16,max_temp_7 max_temp_16,max_temp_8 max_temp_19,max_temp_8 avg_temp_19,max_temp_18 avg_temp_6,Agricultural Land Mass^2
0,41049.47826086955,-6643.936660058143,28268.920110512634,-49360.895551190966,43962.833992782565,35776.20005533579,4782.809086784071,3018.6676152853556,-28634.594889248736,44901.4380969856,-12092.830245746507,-13827.505867787262,11725.236501690517,-73036.9997484219,-15803.360255448482,13814.57680197886,31550.428262193815,-6450.983133114731,-13603.823120892992,-18548.217453595873,9205.978518453701,13720.303793544386,-2482.885262445374,-6013.708303769215,3814.9636577118586,11848.734273752963,12282.44210296719,9557.514574118912,-2067.4300355579976,-16650.131081607185,14473.674120251504,-58.086437030578644
