,intercept,Agricultural Land Mass,min_temp_4 min_temp_16,min_temp_6 max_temp_16,min_temp_8 min_temp_19,min_temp_16 max_temp_4,min_temp_17 max_temp_6,min_temp_17 avg_temp_9
0,42000.60869565229,1065.6761699906842,16635.216386846063,1671.4245406673112,8004.4767172811935,-8981.98722804009,14810.998524951903,2672.858844191996
