,intercept,precip_1 max_temp_13,precip_4 precip_20,precip_5 min_temp_17,precip_5 max_temp_4,precip_9 min_temp_2,precip_10 max_temp_13,precip_12 max_temp_23,precip_13 min_temp_2,precip_21 min_temp_13,precip_21 min_temp_22,precip_22 avg_temp_10,min_temp_0 max_temp_2,min_temp_3 max_temp_12,min_temp_3 avg_temp_8,min_temp_3 avg_temp_10,min_temp_4 min_temp_16,min_temp_4 avg_temp_14,min_temp_4 avg_temp_16,min_temp_5 min_temp_17,min_temp_6 min_temp_18,min_temp_6 avg_temp_18,min_temp_8 min_temp_17,min_temp_9^2,min_temp_16 min_temp_21,min_temp_17 min_temp_18,min_temp_17 max_temp_2,min_temp_17 max_temp_9,min_temp_18^2,min_temp_20 max_temp_7,max_temp_3 max_temp_8,max_temp_5 max_temp_15,max_temp_7 avg_temp_19,max_temp_8 max_temp_19,max_temp_9 max_temp_21,max_temp_16 max_temp_21,avg_temp_3 avg_temp_22,avg_temp_7 avg_temp_19,avg_temp_7 avg_temp_20,avg_temp_12 avg_temp_23,avg_temp_18^2
0,34717.304347826015,-2878.189025780661,3053.033537190496,560.3129348655307,1153.3000991354852,1657.0437729876667,-3340.9287561625897,-1027.2911864485993,-2953.2541094013523,-2151.177370363059,2672.522822499292,-633.4068738082537,-4823.075097962984,-2552.1896462541254,11777.204995806585,643.9611503296705,1020.8107929633026,773.5822106578916,7828.214305788168,7350.410734641887,674.4212179163261,3757.6698842192236,4806.6876509937265,8696.83241230259,1732.2842971784737,930.5532345308051,-1602.304465442313,3205.569010717107,8020.987165536504,-87.51458679581262,-14677.513893199477,-5148.508221634102,-6162.622865289185,-2523.1905607670574,3519.3558894534376,1725.7005824849186,-6283.674629161395,-3111.2132764752773,-3699.2025396451927,8723.15525717529,2682.0969571149312
