,intercept,Agricultural Land Mass,precip_5 max_temp_8,min_temp_4 max_temp_21,min_temp_4 avg_temp_3,min_temp_5 min_temp_16,min_temp_5 max_temp_17,min_temp_6 min_temp_18,min_temp_6 max_temp_19,min_temp_7 max_temp_16,min_temp_8 avg_temp_9,min_temp_9 min_temp_21,min_temp_9 max_temp_12,min_temp_16 max_temp_3,min_temp_16 max_temp_4,min_temp_16 max_temp_21,min_temp_16 avg_temp_4,min_temp_17 max_temp_6,min_temp_17 max_temp_7,min_temp_18 min_temp_19,min_temp_18 max_temp_2,min_temp_18 max_temp_6,min_temp_20 avg_temp_21,min_temp_21 max_temp_15,max_temp_4 avg_temp_16,max_temp_8 max_temp_19,avg_temp_6 avg_temp_18
0,37081.84782608701,1622.2816934981377,-4959.367571605939,-6111.625492582628,3029.4485031180816,5403.337284359702,14415.641436561287,542.2246252271823,-6457.743477936053,-17576.371411067918,6659.467365556628,-2900.6614787288604,11558.958513389343,-10938.489115382123,9138.48432862981,-3313.4144317636046,9450.128944486632,-1639.6787899573335,-130.16730737894093,5141.110273731954,-97.74833564663656,2137.440863446071,-1891.0558696770652,10191.727214048089,5084.564709687047,-3514.2496759065602,6434.2413678211715
