,intercept,Agricultural Land Mass,precip_0 precip_23,precip_0 max_temp_12,precip_1 precip_5,precip_1 avg_temp_10,precip_3 min_temp_21,precip_4 precip_8,precip_5 precip_22,precip_5 min_temp_1,precip_7 precip_17,precip_7 max_temp_1,precip_9 min_temp_22,precip_10 precip_21,precip_10 precip_23,precip_11 precip_14,precip_11 min_temp_12,precip_14 precip_18,precip_15 precip_23,precip_18 avg_temp_0,precip_20 precip_22,precip_23 min_temp_13,min_temp_1 min_temp_10,min_temp_1 min_temp_22,min_temp_1 max_temp_1,min_temp_1 avg_temp_1,min_temp_2 min_temp_10,min_temp_2 min_temp_14,min_temp_4 min_temp_15,min_temp_5 min_temp_6,min_temp_5 min_temp_8,min_temp_5 min_temp_16,min_temp_5 avg_temp_17,min_temp_6 min_temp_18,min_temp_6 max_temp_17,min_temp_11 max_temp_0,min_temp_11 avg_temp_11,min_temp_19 max_temp_10,min_temp_23 avg_temp_23,max_temp_2 max_temp_10,avg_temp_0 avg_temp_11
0,34016.49999999994,3444.930697503305,-54.13971919998765,1948.9019328510913,-1355.936291429237,-612.9938881830849,2204.709986409047,-988.8172018846072,-86.3788246940992,518.2675898261986,-27.333327843578058,-3647.763028387938,-1905.5845222476241,-2647.1941183111303,-299.938365934504,-616.0128762689394,1453.8863930717737,-1169.3475354017855,-93.23170667431647,-1061.739756503787,-3992.449632041792,3127.2578535495754,10.363443311605968,3275.352484536255,819.790408550285,589.0675005963199,-3678.5785966793387,3592.527541758385,627.242191337623,7552.30314413648,466.5968005316872,11208.960415151756,7924.865536785606,1700.5048787024666,5377.653596369719,313.48556637657487,863.5085852071873,-1625.7468546701875,-2296.5441583497604,-2319.9354242424133,7090.223053360775
