,intercept,Agricultural Land Mass,precip_5 max_temp_6,min_temp_4 min_temp_16,min_temp_4 max_temp_21,min_temp_5 max_temp_17,min_temp_6 max_temp_18,min_temp_6 max_temp_19,min_temp_6 avg_temp_18,min_temp_7 max_temp_16,min_temp_8 min_temp_16,min_temp_8 avg_temp_9,min_temp_9 max_temp_12,min_temp_9 max_temp_19,min_temp_16 max_temp_3,min_temp_17 avg_temp_9,min_temp_18 min_temp_19,min_temp_18 max_temp_2,min_temp_21 max_temp_15,max_temp_8 max_temp_19,max_temp_18 avg_temp_6
0,40474.130434782564,847.837897760001,-3431.7701142370843,24021.18261426473,-6832.824044239829,20316.610341665782,6610.241023303767,-9003.173848602528,6569.200952489276,-12764.561110369408,8761.750417806526,2023.4290988778732,6574.133490813886,-5281.64748343713,-12324.452775570859,1898.2030822961933,4937.231824592998,672.4375819590463,2009.2709458049383,-5905.3467816756065,1435.3356933401644
