,intercept,Agricultural Land Mass,min_temp_4 min_temp_16,min_temp_6 min_temp_16,min_temp_6 max_temp_16,min_temp_6 avg_temp_16,min_temp_8 min_temp_19,min_temp_16 max_temp_4,min_temp_17 max_temp_6,min_temp_17 avg_temp_9,max_temp_4 avg_temp_16,avg_temp_4 avg_temp_16,Agricultural Land Mass^2
0,38866.173913103514,2334878.123003725,608405.2557841628,1610717.1244329133,1559625.1069244812,-2993148.188488798,8122.739453652156,-965856.9001693891,9321.722693935417,3932.6755062839056,1456523.4777887887,-1201107.7924032568,-2334526.9593051355
