,intercept,Agricultural Land Mass,Agricultural Land Mass^2
0,39744.63043440956,13203248.882987097,-13208205.922093892
