,intercept,Agricultural Land Mass,min_temp_4 min_temp_16,min_temp_6 min_temp_16,min_temp_6 max_temp_16,min_temp_6 avg_temp_16,min_temp_8 min_temp_19,min_temp_16 max_temp_4,min_temp_17 max_temp_6,min_temp_17 avg_temp_9,max_temp_4 avg_temp_16,avg_temp_4 avg_temp_16,Agricultural Land Mass^2
0,40712.47826090101,1316801.7520561474,655297.8390099324,1045501.8814297037,851396.7140231706,-1755971.0277561632,9572.734877008834,-975303.3424360924,8670.24277244477,5121.164993161629,1550888.2201906564,-1326058.9780738833,-1314991.5505564068
