,intercept,Agricultural Land Mass,min_temp_4 min_temp_16,min_temp_6 min_temp_16,min_temp_6 max_temp_16,min_temp_6 avg_temp_16,min_temp_8 min_temp_19,min_temp_16 max_temp_4,min_temp_17 max_temp_6,min_temp_17 avg_temp_9,max_temp_4 avg_temp_16,avg_temp_4 avg_temp_16,Agricultural Land Mass^2
0,35372.06521739275,48555.65741889939,176104.20274460924,90707.1035139561,3460.883730180569,-69063.51322348195,4964.711034545957,-218167.07766518948,8631.435647354912,9756.734290410464,348257.95959673176,-321652.1820244616,-46784.249650449034
