,intercept,Agricultural Land Mass,min_temp_4 min_temp_16,min_temp_6 min_temp_16,min_temp_6 max_temp_16,min_temp_6 avg_temp_16,min_temp_8 min_temp_19,min_temp_16 max_temp_4,min_temp_17 max_temp_6,min_temp_17 avg_temp_9,max_temp_4 avg_temp_16,avg_temp_4 avg_temp_16,Agricultural Land Mass^2
0,34962.86956500184,3819032.92916549,282410.56536518334,98407.49543727704,-10385.867608602955,-55800.45565390539,8100.829431188922,-343720.2984629661,5329.3384646197055,6607.439835540728,591063.8478363239,-551069.3348561445,-3819085.2695534625
