,intercept,Agricultural Land Mass,min_temp_4 min_temp_16,min_temp_6 min_temp_16,min_temp_6 max_temp_16,min_temp_6 avg_temp_16,min_temp_8 min_temp_19,min_temp_16 max_temp_4,min_temp_17 max_temp_6,min_temp_17 avg_temp_9,max_temp_4 avg_temp_16,avg_temp_4 avg_temp_16,Agricultural Land Mass^2
0,39977.56521739454,59513.0648397104,168681.85218998484,140623.76329677395,41534.97011038843,-143894.45460204125,7574.048651276619,-230816.98272670788,8568.86851425917,7131.795601908643,322146.62283069,-281725.98932504165,-55231.263319274614
