,intercept,Agricultural Land Mass,precip_5 max_temp_8,min_temp_4 min_temp_16,min_temp_4 max_temp_21,min_temp_5 max_temp_17,min_temp_6 max_temp_18,min_temp_6 avg_temp_17,min_temp_7 max_temp_16,min_temp_8 min_temp_16,min_temp_16 max_temp_3,min_temp_16 avg_temp_4,min_temp_17 avg_temp_9,min_temp_18 min_temp_19,min_temp_18 max_temp_2,min_temp_20 avg_temp_21,min_temp_21 max_temp_15,min_temp_21 avg_temp_3,max_temp_7 max_temp_16,max_temp_7 avg_temp_18,max_temp_8 max_temp_19,max_temp_18 avg_temp_6
0,40166.13043478259,753.0458068719158,-4321.928139325722,10570.663937727688,-6513.380452326893,16770.645316447743,4950.0079030174475,1077.3618937182932,-19152.14928102062,12440.300936282529,-19542.387334946055,21540.987246854438,2105.5039282813677,5977.765968584958,-3904.592294317202,-396.5413051427507,4264.43914764932,1536.8504712667323,1903.052488130885,274.6241003526217,-5668.295220213837,4721.043714108081
