,intercept,min_temp_7,Agricultural Land Mass,precip_3 precip_10,precip_4 precip_20,precip_5^2,precip_7 precip_19,precip_7 min_temp_2,precip_9 min_temp_10,precip_20 max_temp_22,precip_21 min_temp_13,precip_21 min_temp_22,precip_22 min_temp_9,precip_22 avg_temp_10,min_temp_0 max_temp_2,min_temp_2 min_temp_12,min_temp_3 max_temp_12,min_temp_3 avg_temp_10,min_temp_4 avg_temp_14,min_temp_5 max_temp_4,min_temp_7 max_temp_16,min_temp_8 max_temp_4,min_temp_8 max_temp_9,min_temp_16 min_temp_21,min_temp_17 max_temp_2,min_temp_18 max_temp_9,min_temp_21 avg_temp_5,max_temp_3 max_temp_8,max_temp_9 avg_temp_21,max_temp_17 avg_temp_5,max_temp_18 avg_temp_6,avg_temp_2 avg_temp_20,avg_temp_12 avg_temp_23,avg_temp_18^2
0,36197.478260869626,-8839.59520061592,2183.045947515664,-2604.4947394064734,6802.044596550795,-2192.9560698151236,-6171.824348374828,3879.0527815840305,-1562.6936655373252,-2394.4702588358364,-3219.664211344078,700.1847967691255,6871.4651450394695,-2227.26154143376,-5381.327400678574,-11247.537538227605,8649.75564826726,4397.468020959219,8948.027036323705,6175.9787016519795,-4641.782361292541,49.14658372118736,6268.551287969024,850.5758177794158,-10279.593301795589,4263.888675329597,2600.517888360328,-15303.706303011555,1767.331104169915,15865.725909866724,8737.89658501465,-6590.605898789239,2523.141651731337,3765.8593433351084
