,intercept,Agricultural Land Mass,Agricultural Land Mass^2
0,37783.43478266892,14552437.780943777,-14556725.180791877
