,intercept,Agricultural Land Mass,min_temp_4 min_temp_16,min_temp_6 min_temp_16,min_temp_6 max_temp_16,min_temp_6 avg_temp_16,min_temp_8 min_temp_19,min_temp_16 max_temp_4,min_temp_17 max_temp_6,min_temp_17 avg_temp_9,max_temp_4 avg_temp_16,avg_temp_4 avg_temp_16,Agricultural Land Mass^2
0,39173.84782616332,1768023.9036410234,655256.1316170342,1178002.0145740367,945880.4265305629,-1966146.4169625128,7579.16639179659,-1012482.4087022045,8668.029071081732,6271.396243758,1558681.5897317433,-1308904.5020965135,-1766787.6099735452
