,intercept,Agricultural Land Mass,min_temp_4 min_temp_16,min_temp_6 min_temp_16,min_temp_6 max_temp_16,min_temp_6 avg_temp_16,min_temp_8 min_temp_19,min_temp_16 max_temp_4,min_temp_17 max_temp_6,min_temp_17 avg_temp_9,max_temp_4 avg_temp_16,avg_temp_4 avg_temp_16,Agricultural Land Mass^2
0,34133.73913060802,4215314.99235826,468173.55186636775,896239.8666636845,887423.3956989618,-1684652.3545188385,967.2946784487945,-617843.6192778391,6490.713305722949,659.9543951675589,1043214.8575083597,-948661.6660523323,-4214770.591345051
