,intercept,Agricultural Land Mass,min_temp_4 min_temp_16,min_temp_6 min_temp_16,min_temp_6 max_temp_16,min_temp_6 avg_temp_16,min_temp_8 min_temp_19,min_temp_16 max_temp_4,min_temp_17 max_temp_6,min_temp_17 avg_temp_9,max_temp_4 avg_temp_16,avg_temp_4 avg_temp_16,Agricultural Land Mass^2
0,40118.28260889374,3908532.4903079728,694892.990809252,785579.0223408026,567697.1501374407,-1241832.3910453345,8900.4681310181,-930019.4072956685,7628.483629648585,6470.982783539764,1562190.7202755841,-1410071.543127865,-3907385.668179461
