,intercept,Agricultural Land Mass,min_temp_4 min_temp_16,min_temp_8 min_temp_19,min_temp_17 max_temp_6,min_temp_17 avg_temp_9,max_temp_4 avg_temp_16
0,38618.28260869565,2165.069427791009,23275.57296070593,7614.697920379167,9099.035669843428,8080.83345303854,-14702.790548303725
