,intercept,Agricultural Land Mass,min_temp_4 min_temp_16,min_temp_6 min_temp_16,min_temp_6 max_temp_16,min_temp_6 avg_temp_16,min_temp_8 min_temp_19,min_temp_16 max_temp_4,min_temp_17 max_temp_6,min_temp_17 avg_temp_9,max_temp_4 avg_temp_16,avg_temp_4 avg_temp_16,Agricultural Land Mass^2
0,38272.347826183475,3877805.0511643523,268177.36310262256,1574293.6478848024,1589384.5208151876,-3017121.013515054,3581.9279908893845,-619081.5897061754,9065.077499020857,7211.195301434478,766303.5994574074,-509341.88332688983,-3878189.6828155527
