,intercept,Agricultural Land Mass,Agricultural Land Mass^2
0,40545.000000316315,16503768.524232915,-16510940.185012305
