,intercept,min_temp_4 min_temp_16,min_temp_6 max_temp_16,min_temp_8 min_temp_19,min_temp_17 max_temp_6,min_temp_17 avg_temp_9,max_temp_4 avg_temp_16,Agricultural Land Mass^2
0,36334.30434782613,20650.44742353041,11024.050994287034,1421.5025971974014,11992.175380563362,431.85680382644273,-17896.464403648544,-170.53391393645774
