,intercept,Agricultural Land Mass,min_temp_4 min_temp_16,min_temp_8 min_temp_19,min_temp_17 max_temp_6,min_temp_17 avg_temp_9,max_temp_4 avg_temp_16
0,38999.78260869571,1784.4512064900796,20358.109819346304,8531.052777170678,9892.778776373714,8424.745027053234,-13497.508055194283
