,intercept,Agricultural Land Mass,min_temp_4 min_temp_16,min_temp_6 min_temp_16,min_temp_6 max_temp_16,min_temp_6 avg_temp_16,min_temp_8 min_temp_19,min_temp_16 max_temp_4,min_temp_17 max_temp_6,min_temp_17 avg_temp_9,max_temp_4 avg_temp_16,avg_temp_4 avg_temp_16,Agricultural Land Mass^2
0,40120.76086949696,1061970.8769665672,700677.4668912333,824846.8271216602,651336.5688938024,-1362168.9319897704,12293.065966057859,-913519.3717863979,9856.38447192589,2496.4843424215687,1541072.3690854742,-1407558.8350496863,-1058699.0859215267
