,intercept,Agricultural Land Mass,precip_0 precip_21,precip_1 precip_5,precip_1 precip_19,precip_2 precip_10,precip_2 min_temp_2,precip_2 min_temp_16,precip_3 precip_19,precip_4 precip_8,precip_4 precip_19,precip_9 precip_13,precip_9 avg_temp_13,precip_11 min_temp_14,precip_11 min_temp_22,precip_11 avg_temp_13,precip_12 min_temp_9,precip_13 max_temp_1,precip_14 precip_15,precip_15 precip_22,precip_16 precip_19,precip_19 min_temp_10,precip_20 precip_22,precip_20 min_temp_14,precip_22 min_temp_14,precip_22 avg_temp_12,precip_23 min_temp_10,precip_23 min_temp_14,min_temp_1 avg_temp_1,min_temp_2 min_temp_10,min_temp_5 min_temp_17,min_temp_5 avg_temp_17,min_temp_9 min_temp_14,min_temp_10 min_temp_14,min_temp_14^2,min_temp_14 avg_temp_12,min_temp_14 avg_temp_23,min_temp_16 max_temp_11,min_temp_17 max_temp_11,min_temp_22^2,max_temp_7 max_temp_21,max_temp_12 avg_temp_23,max_temp_18 Agricultural Land Mass,Agricultural Land Mass^2
0,35917.78260869568,691.5437116285768,-2102.2058340344192,-1353.5008312107643,-2877.2177633985543,155.14106535886484,4684.058305160224,151.16430390408587,-33.78684253094252,-1120.1534433665793,-405.858631198919,-112.53406119975573,-798.1292198912031,-1406.0572467847564,-3957.3935990925156,-6663.398715047476,435.20628759741686,-607.3903309783781,443.1517316487817,8986.297090696517,-2029.3262078118248,-154.10396145424312,-5195.698454429228,-1826.9090603609104,1342.1111153060974,379.78553555826016,-1160.439245681328,-11195.472974446844,1812.8539400156965,-5735.045626064185,4586.128218067874,13301.372731977108,12661.15916724035,3361.7988680483786,3457.85409014873,5601.564567482334,3149.593441121926,3319.5990061990024,389.56332890281874,-741.7002741926196,-1443.9463363984448,3176.004405538925,6021.90071574826,400.9736450102454
