,intercept,Agricultural Land Mass,min_temp_4 min_temp_16,Agricultural Land Mass^2
0,41417.36956522667,198496.937603821,24578.57566749636,-198267.705883692
