,intercept,Agricultural Land Mass,precip_5^2,min_temp_4 min_temp_16,min_temp_4 max_temp_21,min_temp_5 min_temp_16,min_temp_5 max_temp_17,min_temp_6 max_temp_18,min_temp_6 max_temp_19,min_temp_6 avg_temp_18,min_temp_7 max_temp_16,min_temp_8 avg_temp_9,min_temp_9 max_temp_12,min_temp_9 max_temp_19,min_temp_16 max_temp_3,min_temp_16 max_temp_18,min_temp_16 avg_temp_4,min_temp_17 avg_temp_9,min_temp_18 min_temp_19,min_temp_18 max_temp_2,min_temp_21 avg_temp_3,max_temp_7 avg_temp_18,avg_temp_16 avg_temp_18
0,40014.56521739136,1091.2959560117308,-2832.3911276620347,10814.574053449665,-2563.7168941864934,7529.92173241713,15708.4483724679,9363.497199868743,-12748.66984332387,6604.609214999279,-14693.208149091282,6156.787676372117,10037.497226618229,-8483.924946516432,-18411.199171918626,8229.020550142232,12526.23474957931,1152.3785332697248,2281.27449193403,-2285.1388820856328,3413.777553425745,79.16100861709666,1292.5420054710096
