,intercept,Agricultural Land Mass,precip_5^2,min_temp_4 max_temp_21,min_temp_5 min_temp_16,min_temp_5 max_temp_17,min_temp_6 max_temp_18,min_temp_6 max_temp_19,min_temp_6 avg_temp_18,min_temp_7 max_temp_16,min_temp_8 avg_temp_9,min_temp_9 max_temp_12,min_temp_9 max_temp_19,min_temp_16 max_temp_3,min_temp_16 max_temp_4,min_temp_16 avg_temp_4,min_temp_17 max_temp_7,min_temp_17 avg_temp_9,min_temp_18 min_temp_19,min_temp_21 max_temp_15,min_temp_21 avg_temp_3,max_temp_4 avg_temp_16,max_temp_8 max_temp_19,max_temp_18 avg_temp_6
0,38183.10869565228,3163.155132953354,-1085.9139835589626,-5105.212798048895,8257.47820601415,14239.459251039589,5441.2603127269795,-3703.0415514557035,3342.7449451780117,-16327.020081560444,1029.9715570885005,8647.043157303064,-7428.663908952988,-10306.49491577652,15135.136582700427,444.61173538353904,-960.110205823642,3256.635984232474,6449.7879173546135,4225.451283243117,1631.1639664282404,6841.671039427713,-4002.303267060771,2580.2649568387274
