,intercept,Agricultural Land Mass,min_temp_4 min_temp_16,min_temp_6 min_temp_16,min_temp_6 max_temp_16,min_temp_6 avg_temp_16,min_temp_8 min_temp_19,min_temp_16 max_temp_4,min_temp_17 max_temp_6,min_temp_17 avg_temp_9,max_temp_4 avg_temp_16,avg_temp_4 avg_temp_16,Agricultural Land Mass^2
0,38159.89130430799,4539457.897288788,243428.60350299292,1182655.356943888,1416528.8365862975,-2523431.895807135,4309.448542547302,-337434.51788713207,5022.9190365916675,9534.19021287748,531058.2002807799,-464983.26451114187,-4538826.194146471
