,intercept,Agricultural Land Mass,min_temp_4 min_temp_16,min_temp_6 min_temp_16,min_temp_6 max_temp_16,min_temp_6 avg_temp_16,min_temp_8 min_temp_19,min_temp_16 max_temp_4,min_temp_17 max_temp_6,min_temp_17 avg_temp_9,max_temp_4 avg_temp_16,avg_temp_4 avg_temp_16,Agricultural Land Mass^2
0,38096.673913194085,5198994.653454549,294974.2575268392,1320369.2253498496,1282653.6780379114,-2469043.491977191,4907.333623247193,-642861.6543070348,6564.318335872339,4776.661278236969,812940.8365899283,-556734.1615694115,-5199912.95833117
