,intercept,Agricultural Land Mass,min_temp_4 min_temp_16,min_temp_6 min_temp_16,min_temp_6 max_temp_16,min_temp_6 avg_temp_16,min_temp_8 min_temp_19,min_temp_16 max_temp_4,min_temp_17 max_temp_6,min_temp_17 avg_temp_9,max_temp_4 avg_temp_16,avg_temp_4 avg_temp_16,Agricultural Land Mass^2
0,34336.673913073,3039993.043016212,809854.9638451191,649686.5964105135,431830.50610990135,-973565.6618712974,4492.529962536329,-1000764.4218968146,3411.2104495686926,8097.626795828362,1790531.487758698,-1670336.9685386417,-3037826.4730902947
