,intercept,Agricultural Land Mass,min_temp_4 min_temp_16,min_temp_6 min_temp_16,min_temp_6 avg_temp_16,min_temp_8 min_temp_19,min_temp_17 max_temp_6,min_temp_17 avg_temp_9,max_temp_4 avg_temp_16
0,35732.36956521741,518.205299382125,14137.023519090983,5965.313946568923,3469.4824656123524,1965.8398836732053,8706.702026151052,3252.0021281291797,-12101.168648227336
