,intercept,Agricultural Land Mass,min_temp_4 min_temp_16,min_temp_6 min_temp_16,min_temp_6 max_temp_16,min_temp_6 avg_temp_16,min_temp_8 min_temp_19,min_temp_16 max_temp_4,min_temp_17 max_temp_6,min_temp_17 avg_temp_9,max_temp_4 avg_temp_16,avg_temp_4 avg_temp_16,Agricultural Land Mass^2
0,40207.347826089506,68456.85780332774,202565.8132797382,101732.99727589273,32329.992165795673,-106374.88562933063,6387.52775092573,-224472.57632449886,9451.793912049467,5195.173032753012,381848.843862151,-369572.8700410773,-67552.16449114429
