,intercept,precip_3 precip_10,precip_4 precip_20,precip_5 min_temp_8,precip_7 precip_19,precip_7 min_temp_2,precip_9 min_temp_10,precip_10 max_temp_13,precip_12 max_temp_23,precip_16 min_temp_0,min_temp_0 min_temp_2,min_temp_2 min_temp_12,min_temp_3 max_temp_12,min_temp_3 avg_temp_8,min_temp_4 min_temp_6,min_temp_5 min_temp_16,min_temp_5 min_temp_17,min_temp_5 avg_temp_16,min_temp_6^2,min_temp_6 min_temp_17,min_temp_6 min_temp_18,min_temp_6 avg_temp_18,min_temp_7 avg_temp_6,min_temp_8 min_temp_17,min_temp_8 max_temp_21,min_temp_9 min_temp_15,min_temp_9 max_temp_12,max_temp_3 avg_temp_8,max_temp_5 max_temp_15,max_temp_7 max_temp_17,max_temp_7 avg_temp_19,max_temp_8 max_temp_19,max_temp_9 avg_temp_8,avg_temp_3 avg_temp_22,avg_temp_12 avg_temp_23
0,35402.26086956526,2564.1800238429273,2338.9695512612957,-3674.1189538464514,-5056.236579349914,-3772.629163619274,-4354.062684994148,-9709.173071409017,1335.0897042016036,1935.4342585948245,1238.5733859366728,-3009.335872979851,451.92308626038175,4152.162387204343,4616.730038558038,476.8924092907501,6574.6464073315665,11504.860321671997,2658.8325716469444,4773.416122338353,9420.90161106185,3985.9306386241456,-8809.558294034592,3942.9462538213334,10600.496187106966,5668.6646654421975,1105.9243543102737,-2064.6772563991303,-8333.360099685839,-220.0033666770353,-2167.4326389710895,-7935.642508653278,-1838.8825561349208,-4456.5355025285535,731.0982372125941
