,intercept,Agricultural Land Mass,precip_5^2,min_temp_4 min_temp_16,min_temp_4 max_temp_21,min_temp_5 max_temp_17,min_temp_6 min_temp_18,min_temp_7 max_temp_16,min_temp_8 min_temp_16,min_temp_8 avg_temp_9,min_temp_9 max_temp_12,min_temp_9 max_temp_19,min_temp_16 max_temp_3,min_temp_17 max_temp_6,min_temp_17 max_temp_7,min_temp_18 min_temp_19,min_temp_18 max_temp_6,min_temp_20 avg_temp_21,min_temp_21 max_temp_15,max_temp_8 max_temp_19,avg_temp_6 avg_temp_18,avg_temp_16 avg_temp_18
0,36995.695652173876,389.90003258636926,-5924.593239636936,29527.716530830578,-10278.183674652282,15096.877093102908,3307.418303140386,-24296.181718425654,3191.0017344646476,5135.54188714807,8759.959942336292,-7015.181506001723,-14305.699537152517,-2662.817079909489,-4259.802525936772,10090.835540091339,825.0258701552816,-0.6725477536351916,8658.994232654495,-6670.953030610644,9364.43881297143,7201.097882607048
