,intercept,Agricultural Land Mass,min_temp_4 min_temp_16,Agricultural Land Mass^2
0,37440.36956528205,9246030.57057663,19984.622054097432,-9245932.80628512
