,intercept,Agricultural Land Mass,min_temp_4 min_temp_16,min_temp_8 min_temp_19,min_temp_17 max_temp_6,min_temp_17 avg_temp_9,max_temp_4 avg_temp_16
0,36680.36956521737,426.0072409134762,20002.081185831557,8212.55840855766,8913.317595657503,7865.341884678149,-12207.391270219732
