,intercept,Agricultural Land Mass,min_temp_4 min_temp_16,min_temp_6 min_temp_16,min_temp_6 max_temp_16,min_temp_6 avg_temp_16,min_temp_8 min_temp_19,min_temp_16 max_temp_4,min_temp_17 max_temp_6,min_temp_17 avg_temp_9,max_temp_4 avg_temp_16,avg_temp_4 avg_temp_16,Agricultural Land Mass^2
0,38668.89130444927,4416272.26444641,607074.4499343195,741852.6410378811,575766.0476622223,-1209569.9684701886,8701.454113574247,-806133.735542065,8341.143685415926,2345.307471534979,1340536.1424458735,-1208282.1354380134,-4415166.488817601
