,intercept,Agricultural Land Mass,Agricultural Land Mass^2
0,40529.195652878014,13009381.971572816,-13015390.410320016
