,intercept,Agricultural Land Mass,min_temp_4 min_temp_16,min_temp_6 min_temp_16,min_temp_6 max_temp_16,min_temp_6 avg_temp_16,min_temp_8 min_temp_19,min_temp_16 max_temp_4,min_temp_17 max_temp_6,min_temp_17 avg_temp_9,max_temp_4 avg_temp_16,avg_temp_4 avg_temp_16,Agricultural Land Mass^2
0,35737.934782926866,5317216.607516965,552693.2050800957,740017.5467252785,786355.6740850793,-1455708.4909867814,5576.416396306285,-629485.873509982,6629.151670889238,7007.093179299888,1194008.4199202508,-1149172.9532287593,-5316029.490710348
