,intercept,Agricultural Land Mass,Agricultural Land Mass^2
0,39022.45652195148,13160325.958298966,-13166513.653613865
