,intercept,Agricultural Land Mass,Agricultural Land Mass^2
0,40028.73913062863,14914434.00236985,-14920011.144271672
