,intercept,Agricultural Land Mass,min_temp_4 min_temp_16,min_temp_6 min_temp_16,min_temp_6 max_temp_16,min_temp_6 avg_temp_16,min_temp_8 min_temp_19,min_temp_16 max_temp_4,min_temp_17 max_temp_6,min_temp_17 avg_temp_9,max_temp_4 avg_temp_16,avg_temp_4 avg_temp_16,Agricultural Land Mass^2
0,38195.28260872796,2774654.1417187033,793459.7237429183,996456.9202012321,779848.6160907311,-1624554.2659908887,8588.87902198458,-1076191.869774276,9436.773568816388,2909.0520342226073,1780395.169119367,-1596075.1983606233,-2772422.4463240253
