,intercept,Agricultural Land Mass,min_temp_4 min_temp_16,min_temp_6 min_temp_16,min_temp_6 max_temp_16,min_temp_6 avg_temp_16,min_temp_8 min_temp_19,min_temp_16 max_temp_4,min_temp_17 max_temp_6,min_temp_17 avg_temp_9,max_temp_4 avg_temp_16,avg_temp_4 avg_temp_16,Agricultural Land Mass^2
0,36883.26086971081,2125997.583715199,477155.1792596503,1219976.4956985724,1378484.2993352301,-2499504.782573707,7529.716803280021,-575131.9210142338,8789.422204566308,6187.267635682479,1033879.3966240408,-971881.8977156349,-2124359.481649563
