,intercept,Agricultural Land Mass,min_temp_4 min_temp_16,min_temp_6 min_temp_16,min_temp_6 max_temp_16,min_temp_6 avg_temp_16,min_temp_8 min_temp_19,min_temp_16 max_temp_4,min_temp_17 max_temp_6,min_temp_17 avg_temp_9,max_temp_4 avg_temp_16,avg_temp_4 avg_temp_16,Agricultural Land Mass^2
0,39942.76086956807,57040.05471904661,173059.2186767352,206295.2083219686,-59468.437775900384,-72484.34094906585,5283.334414268783,-387527.56622956286,9409.7751669983,5153.8544830680685,438864.5368790001,-281603.4634091525,-55817.470233794564
