,intercept,min_temp_16,Agricultural Land Mass,precip_5^2,precip_5 max_temp_6,min_temp_4 min_temp_16,min_temp_4 min_temp_17,min_temp_4 max_temp_21,min_temp_4 avg_temp_3,min_temp_4 avg_temp_17,min_temp_4 avg_temp_21,min_temp_5 min_temp_17,min_temp_5 max_temp_17,min_temp_6 max_temp_18,min_temp_6 max_temp_19,min_temp_6 avg_temp_6,min_temp_7 min_temp_16,min_temp_8 avg_temp_9,min_temp_9 min_temp_21,min_temp_9 max_temp_12,min_temp_9 max_temp_19,min_temp_16 max_temp_3,min_temp_16 max_temp_4,min_temp_16 max_temp_5,min_temp_16 max_temp_20,min_temp_16 max_temp_21,min_temp_16 avg_temp_4,min_temp_16 avg_temp_5,min_temp_16 Agricultural Land Mass,min_temp_17 max_temp_6,min_temp_18 min_temp_19,min_temp_18 max_temp_2,min_temp_18 max_temp_6,min_temp_20 max_temp_17,min_temp_21 max_temp_15,min_temp_21 avg_temp_3,max_temp_6 max_temp_16,max_temp_7 avg_temp_18,max_temp_8 max_temp_19,max_temp_17 avg_temp_5,max_temp_18 avg_temp_6,avg_temp_4 avg_temp_17,avg_temp_9 avg_temp_21,Agricultural Land Mass^2
0,37998.934782608,-16742.669380162173,3655.8647952815463,-18676.44830500847,11833.230983577409,77504.5054002401,21987.438773094233,-250311.43437014625,93381.23900325158,54042.828869216224,33948.28934770083,21678.025511802396,17776.417118715694,8919.015343398627,-19432.117836061974,3456.399602156253,3079.6265156259856,11977.801218762437,-24986.37903473982,12655.797097443095,-5141.776708577741,-107494.59057700627,32881.62188078069,-8549.165248927118,45634.69864940156,173424.53162543997,11.30501255976948,-18109.949900691652,-133511.11916954428,-40296.99905822975,23629.70584329786,-388.7822993346908,-1823.0175795969456,-19750.874361016187,2044.6893988343588,-5203.017193910773,-8102.593230502681,-12029.6542228826,-13805.331271899904,-3253.556142896836,19224.793139976697,7224.932872680364,28164.60400928669,1834.2896365213464
