,intercept,Agricultural Land Mass,Agricultural Land Mass^2
0,41443.3478263688,14209105.00971932,-14214959.678066917
