,intercept,Agricultural Land Mass,precip_5^2,min_temp_4 max_temp_21,min_temp_5 min_temp_16,min_temp_5 max_temp_17,min_temp_6 max_temp_18,min_temp_6 avg_temp_18,min_temp_7 max_temp_16,min_temp_8 avg_temp_9,min_temp_9 max_temp_12,min_temp_9 max_temp_19,min_temp_16 max_temp_3,min_temp_16 max_temp_4,min_temp_16 avg_temp_4,min_temp_17 max_temp_6,min_temp_17 max_temp_7,min_temp_17 avg_temp_9,min_temp_18 min_temp_19,min_temp_18 max_temp_2,min_temp_20 max_temp_17,min_temp_21 avg_temp_3,max_temp_8 max_temp_19
0,36520.369565217465,998.0724916011161,-3294.6378313385444,-7281.744664949466,116.61346796935798,18442.87571636562,5018.537962882188,1764.7848045636922,-18398.348983899294,9100.726938434127,7812.349236690147,-7753.141441349988,-6863.742696457668,7732.704112559755,17111.77905762654,-524.6769453655966,-2306.6381762465608,662.5472456453788,11261.698262344637,404.22266983532313,-1902.9438384837301,5065.607794420604,-8144.881474390927
