,intercept,Agricultural Land Mass,min_temp_4 min_temp_16,min_temp_6 min_temp_16,min_temp_6 max_temp_16,min_temp_6 avg_temp_16,min_temp_8 min_temp_19,min_temp_16 max_temp_4,min_temp_17 max_temp_6,min_temp_17 avg_temp_9,max_temp_4 avg_temp_16,avg_temp_4 avg_temp_16,Agricultural Land Mass^2
0,38103.36956521988,93793.74889520506,210322.17441328397,107151.3429013009,-3878.5296306912583,-59960.634867568624,5701.654161167563,-282851.61589605844,11229.038222938587,3097.615692080259,407014.64550301956,-358682.31484731025,-92281.90526607726
