,intercept,Agricultural Land Mass,min_temp_4 min_temp_16,min_temp_6 min_temp_16,min_temp_6 max_temp_16,min_temp_6 avg_temp_16,min_temp_8 min_temp_19,min_temp_16 max_temp_4,min_temp_17 max_temp_6,min_temp_17 avg_temp_9,max_temp_4 avg_temp_16,avg_temp_4 avg_temp_16,Agricultural Land Mass^2
0,38451.39130434933,38588.35250362497,183715.6074955814,128968.62350907466,-41956.21452428307,-31419.273036363167,8483.764556693992,-304378.72662954306,8240.50162527565,-596.8830066433463,405139.60455164406,-322658.43637231406,-35818.56008539485
