,intercept,Agricultural Land Mass,precip_5 max_temp_8,min_temp_4 min_temp_16,min_temp_4 max_temp_21,min_temp_5 min_temp_16,min_temp_5 min_temp_17,min_temp_5 max_temp_17,min_temp_6 max_temp_16,min_temp_6 max_temp_18,min_temp_6 max_temp_19,min_temp_7 max_temp_16,min_temp_8 min_temp_16,min_temp_8 min_temp_19,min_temp_8 avg_temp_5,min_temp_8 avg_temp_9,min_temp_9 max_temp_12,min_temp_16 max_temp_3,min_temp_18 min_temp_19,min_temp_18 max_temp_2,min_temp_21 max_temp_15,min_temp_21 avg_temp_3,max_temp_4 avg_temp_16,max_temp_8 max_temp_19,avg_temp_4 avg_temp_16,avg_temp_16 avg_temp_18
0,36869.52173913045,788.4311227496723,-7007.765370976597,856.3113265047745,-5030.680292655893,10687.47558779801,8188.947904467179,5841.252047641413,1006.3431842929348,5247.130080532674,-1231.3333976179613,-22362.634283143292,2196.7265247935247,5040.717458337932,8677.382520499285,1741.298605653668,3516.9155583788684,-12427.146411880332,8075.294212353554,1934.2398271232598,744.703344503967,1981.8404252143444,17801.283073997827,-9993.123737855147,929.621475588435,1412.0448421810868
