,intercept,Agricultural Land Mass,Agricultural Land Mass^2
0,41450.34782637499,13303923.695348166,-13308784.706250373
