,intercept,Agricultural Land Mass,precip_1 max_temp_13,precip_3 precip_10,precip_4 precip_20,precip_5 min_temp_8,precip_7 precip_19,precip_9 min_temp_10,precip_10 max_temp_13,precip_12 max_temp_23,precip_13 min_temp_2,precip_16 max_temp_20,precip_21 min_temp_13,precip_21 min_temp_22,precip_22 min_temp_9,min_temp_0 min_temp_2,min_temp_3 avg_temp_8,min_temp_4 min_temp_6,min_temp_4 max_temp_16,min_temp_4 avg_temp_14,min_temp_4 avg_temp_16,min_temp_5 min_temp_17,min_temp_5 max_temp_16,min_temp_6 min_temp_8,min_temp_6 min_temp_18,min_temp_7 avg_temp_19,min_temp_8^2,min_temp_8 max_temp_21,min_temp_9 min_temp_15,min_temp_9 min_temp_21,min_temp_15 min_temp_21,min_temp_16 min_temp_21,min_temp_17 max_temp_2,min_temp_19 max_temp_15,min_temp_20 max_temp_7,max_temp_3 max_temp_8,max_temp_5 max_temp_15,max_temp_7 avg_temp_19,max_temp_8 max_temp_19,avg_temp_3 avg_temp_22,avg_temp_7 avg_temp_19,avg_temp_12 avg_temp_23
0,36598.3043478259,2867.3668770358245,-2312.273263868425,3602.9943506836003,-780.4066243293736,-7593.058247303125,-3822.070438807463,-4419.2791448384805,-10101.243006179982,2442.3429782532685,-444.4169283833532,-573.7106046812394,3238.869385104489,2984.380667331675,1687.4834895925592,2673.696476998969,2544.711875038865,14180.561060383625,571.0084481941137,2588.2745815801363,1152.101338031188,10804.628207751897,13476.41318474648,5958.5155350625955,5979.448329670052,-5684.622796805893,1326.0878401390758,7192.195442702224,11775.98255480327,1516.4575191500473,5922.404033909514,7018.343085135341,-2146.888170136286,-2496.0478074364364,-2241.0151715302754,-14562.082141314446,-14723.422437723273,-2891.924448461774,-8014.418764077679,-530.6539205978984,-2896.7862925114346,3840.7721555099897
