,intercept,Agricultural Land Mass,min_temp_4 min_temp_16,min_temp_6 min_temp_16,min_temp_6 max_temp_16,min_temp_6 avg_temp_16,min_temp_8 min_temp_19,min_temp_16 max_temp_4,min_temp_17 max_temp_6,min_temp_17 avg_temp_9,max_temp_4 avg_temp_16,avg_temp_4 avg_temp_16,Agricultural Land Mass^2
0,39742.41304356005,3060918.747172449,720700.4513150303,1119112.2703068128,900569.2455508407,-1865348.9100975539,6079.6141657438675,-1074358.1867267862,7877.10790036693,3986.6252524128518,1717262.5440765535,-1468295.4545455805,-3059870.114371416
