,intercept,Agricultural Land Mass,min_temp_4 min_temp_16,min_temp_6 min_temp_16,min_temp_6 max_temp_16,min_temp_6 avg_temp_16,min_temp_8 min_temp_19,min_temp_16 max_temp_4,min_temp_17 max_temp_6,min_temp_17 avg_temp_9,max_temp_4 avg_temp_16,avg_temp_4 avg_temp_16,Agricultural Land Mass^2
0,39551.9130435651,4625794.184506457,391903.2568216818,730691.0541672229,944347.4052818526,-1629570.2749384607,5246.152107738202,-334189.6522393415,7870.553949555274,7617.114935581719,745654.906145731,-803035.5350973485,-4626625.3111195415
