,intercept,min_temp_16,Agricultural Land Mass,precip_5^2,precip_5 max_temp_8,precip_5 max_temp_18,min_temp_4 min_temp_16,min_temp_4 max_temp_21,min_temp_4 avg_temp_3,min_temp_4 avg_temp_17,min_temp_4 avg_temp_21,min_temp_5 min_temp_17,min_temp_5 max_temp_17,min_temp_6 min_temp_8,min_temp_6 min_temp_18,min_temp_7 min_temp_16,min_temp_8 min_temp_16,min_temp_8 max_temp_19,min_temp_8 avg_temp_5,min_temp_9 min_temp_21,min_temp_9 max_temp_12,min_temp_9 avg_temp_19,min_temp_16^2,min_temp_16 min_temp_17,min_temp_16 max_temp_3,min_temp_16 max_temp_4,min_temp_16 max_temp_20,min_temp_16 max_temp_21,min_temp_16 avg_temp_4,min_temp_16 avg_temp_19,min_temp_16 Agricultural Land Mass,min_temp_17 max_temp_6,min_temp_17 max_temp_7,min_temp_17 avg_temp_6,min_temp_17 avg_temp_9,min_temp_18 min_temp_19,min_temp_18 max_temp_2,min_temp_18 max_temp_6,min_temp_19 avg_temp_6,min_temp_19 avg_temp_8,min_temp_20 max_temp_17,min_temp_21 max_temp_15,min_temp_21 avg_temp_3,max_temp_4 avg_temp_16,max_temp_18 avg_temp_6,avg_temp_8 avg_temp_19
0,38610.586956522064,-19297.041933966466,3882.8427595791222,-26724.651851046172,-8857.301687971001,31956.491432435487,58348.51467501374,-219046.94766872868,123954.84671037397,-3055.3816608045295,96998.77664248973,35441.14891678866,9981.217520569217,9308.847415981953,-9213.907274777735,-10045.476354448483,100360.37178925471,-365.80530319958234,-30624.51469904978,-33053.0119522848,14758.27475196928,924.6107502204223,-111334.97450936127,42760.940586778845,-144780.156195732,43853.55320311233,67573.33424187895,169606.5870908807,1939.7338134888373,-56375.928269825985,-75335.19297233001,-15194.985830009948,-27823.02980281809,-12403.037584678683,36745.10832657267,45899.531167860936,-1405.0761734477533,-19468.392589799223,1563.29455975068,-19882.56880131428,-24987.546751003643,-9139.008799708778,-2769.8986857494083,564.5086820286593,15345.281872542279,-10644.448886110229
