,intercept,Agricultural Land Mass,min_temp_4 min_temp_16,min_temp_6 min_temp_16,min_temp_6 max_temp_16,min_temp_6 avg_temp_16,min_temp_8 min_temp_19,min_temp_16 max_temp_4,min_temp_17 max_temp_6,min_temp_17 avg_temp_9,max_temp_4 avg_temp_16,avg_temp_4 avg_temp_16,Agricultural Land Mass^2
0,38922.60869567995,1473834.6067517218,540769.2134174397,723488.7321730371,532275.2283361941,-1145727.597111767,9452.89828543694,-779689.3299755168,9317.680130651639,3199.4060916035714,1211407.1706187874,-1046052.9954199868,-1472121.798258562
