,intercept,Agricultural Land Mass,precip_5^2,precip_7 precip_19,precip_9 min_temp_2,precip_12 max_temp_23,precip_16 min_temp_0,precip_21 min_temp_13,precip_22 min_temp_9,precip_22 avg_temp_10,min_temp_0 max_temp_2,min_temp_2 min_temp_12,min_temp_3 max_temp_12,min_temp_3 avg_temp_8,min_temp_3 avg_temp_10,min_temp_4 max_temp_2,min_temp_4 avg_temp_14,min_temp_5 max_temp_4,min_temp_5 max_temp_17,min_temp_7 avg_temp_6,min_temp_8 max_temp_4,min_temp_15 min_temp_19,min_temp_15 min_temp_21,min_temp_18 max_temp_2,min_temp_19 avg_temp_18,max_temp_3 avg_temp_8,max_temp_7 avg_temp_19,max_temp_8 max_temp_19,max_temp_18 avg_temp_6,max_temp_18 avg_temp_17,max_temp_19 avg_temp_20,avg_temp_3 avg_temp_22,avg_temp_12 avg_temp_23,avg_temp_18^2,Agricultural Land Mass^2
0,36445.456521738924,-1098.4174951452862,-2925.952603467373,-1658.3924408034595,1786.6288461672123,7919.295613457594,925.4877928793201,-3077.016318590379,12961.963251534078,-11785.752766556165,-3225.518061719093,-8373.512736499313,3363.481854251806,6349.866508378203,629.6314900454669,-4583.530194741795,7699.414759620943,18339.709824162903,5862.9476198214925,-4926.952379279937,2957.708240310506,3211.9219148702055,4311.3685628568,-5581.954643723135,13931.624720945092,-18971.72342409483,-8251.294420851274,-6721.453445747211,7415.25190660746,4597.420321504704,-6496.340345011918,-2016.8044115710338,8953.85828907107,1237.339528355868,-2606.375107756192
