,intercept,Agricultural Land Mass,min_temp_4 min_temp_16,min_temp_6 min_temp_16,min_temp_6 max_temp_16,min_temp_6 avg_temp_16,min_temp_8 min_temp_19,min_temp_16 max_temp_4,min_temp_17 max_temp_6,min_temp_17 avg_temp_9,max_temp_4 avg_temp_16,avg_temp_4 avg_temp_16,Agricultural Land Mass^2
0,36984.543478258514,328443.00324612646,780060.59762071,744990.0492760467,543797.3598174823,-1176437.8835240784,11695.27087537216,-977383.7406528837,8769.463233186027,3051.7206831350877,1729752.5259966457,-1604911.9180789648,-324477.08542096184
