,intercept,Agricultural Land Mass,min_temp_4 min_temp_16,Agricultural Land Mass^2
0,39674.86956520983,178309.67895741537,23759.73765425796,-177908.26680111932
