,intercept,Agricultural Land Mass,min_temp_4 min_temp_16,min_temp_6 min_temp_16,min_temp_6 max_temp_16,min_temp_6 avg_temp_16,min_temp_8 min_temp_19,min_temp_16 max_temp_4,min_temp_17 max_temp_6,min_temp_17 avg_temp_9,max_temp_4 avg_temp_16,avg_temp_4 avg_temp_16,Agricultural Land Mass^2
0,37930.47826088758,3605211.4984688917,436599.9349876556,872455.0565615246,1001796.4364953022,-1808985.5239918695,6288.1327887996085,-502330.9914846725,7522.82236867529,9099.59812401567,947097.3375253727,-907500.2392845183,-3604027.709995065
