,intercept,Agricultural Land Mass,precip_5^2,min_temp_4 min_temp_16,min_temp_4 max_temp_21,min_temp_5 max_temp_17,min_temp_6 max_temp_18,min_temp_6 avg_temp_18,min_temp_7 max_temp_16,min_temp_8 avg_temp_9,min_temp_16 max_temp_3,min_temp_16 avg_temp_18,min_temp_17 max_temp_6,min_temp_18 min_temp_19,min_temp_20 max_temp_17,min_temp_21 max_temp_15,min_temp_21 avg_temp_3,max_temp_7 avg_temp_18,max_temp_8 max_temp_19,max_temp_18 avg_temp_6
0,39329.673913043516,1855.0227638863323,-4637.463737785441,40235.99073960878,-16484.091660017184,12316.15394905604,1031.5277211656103,6390.0202380075925,-24812.826098982096,7464.874483726819,-18719.32315978616,7340.98975210802,-796.4967426083141,6534.504635607932,872.6047844315375,8603.22462826351,1352.8404373464298,1051.8754551156258,-7493.063399718196,4147.714732137632
