,intercept,Agricultural Land Mass,min_temp_4 min_temp_16,min_temp_6 min_temp_16,min_temp_6 max_temp_16,min_temp_6 avg_temp_16,min_temp_8 min_temp_19,min_temp_16 max_temp_4,min_temp_17 max_temp_6,min_temp_17 avg_temp_9,max_temp_4 avg_temp_16,avg_temp_4 avg_temp_16,Agricultural Land Mass^2
0,39078.89130434777,14823.342448046486,148316.72080833334,186647.34359869346,-93554.64178923568,-15887.531891066004,6313.369224805691,-378609.6170539898,10977.377834271334,-576.7669287882627,414560.63396452874,-242669.1105531097,-11905.14510694937
