,intercept,Agricultural Land Mass,min_temp_4 min_temp_16,Agricultural Land Mass^2
0,32364.369565178615,7528956.693011989,15728.768247286534,-7528732.196462366
