,intercept,Agricultural Land Mass,min_temp_4 min_temp_16,min_temp_6 min_temp_16,min_temp_6 avg_temp_16,min_temp_8 min_temp_19,min_temp_17 max_temp_6,min_temp_17 avg_temp_9,max_temp_4 avg_temp_16
0,37025.26086956531,1186.731600170584,14020.644106571926,5234.158028016845,2572.3403329273556,5674.545726430523,9923.13829979899,1564.3791706785728,-9631.98929139703
