,intercept,Agricultural Land Mass,min_temp_4 min_temp_16,min_temp_6 min_temp_16,min_temp_8 min_temp_19,min_temp_16 max_temp_4,min_temp_17 max_temp_6,min_temp_17 avg_temp_9,max_temp_4 avg_temp_16
0,38686.108695652256,2620.239882521322,26464.705721134156,4913.178687281042,7212.653688994093,-26486.010635881255,10766.316825031212,4815.617197310381,5139.931665249529
