,intercept,Agricultural Land Mass,precip_5 max_temp_8,min_temp_4 min_temp_16,min_temp_5 min_temp_17,min_temp_6 max_temp_16,min_temp_6 max_temp_18,min_temp_7 max_temp_16,min_temp_8 min_temp_16,min_temp_9 max_temp_12,min_temp_16 min_temp_17,min_temp_16 max_temp_3,min_temp_17 max_temp_6,min_temp_17 max_temp_7,min_temp_17 avg_temp_9,min_temp_18 min_temp_19,min_temp_19 avg_temp_7,min_temp_20 avg_temp_21,min_temp_21 max_temp_15,min_temp_21 avg_temp_3,max_temp_8 max_temp_19,max_temp_17 avg_temp_5,avg_temp_9 avg_temp_21,avg_temp_16 avg_temp_18
0,36750.28260869579,2197.4840830434723,-2896.0322444216426,12611.60450662182,21429.98529896093,5219.823090727019,4552.268797931194,-7588.9516927894465,17073.01337000532,1631.3675226669454,2936.614213939208,-22519.51112675194,-8139.157923139787,-3147.2770543294173,1330.0190686940318,3544.7049193566118,-7553.370613161962,6230.553402973101,-2512.652410090943,1890.4650293118211,-7386.145819123817,-1280.4169817088928,2617.999590392109,6401.207120552436
