,intercept,Agricultural Land Mass,Agricultural Land Mass^2
0,38961.804348586586,12815554.875681266,-12822091.466656154
