,intercept,Agricultural Land Mass,Agricultural Land Mass^2
0,38789.36956572306,13704300.951223286,-13710759.52923769
