,intercept,min_temp_4 min_temp_16,min_temp_6 max_temp_16,min_temp_8 min_temp_19,min_temp_16 max_temp_4,min_temp_17 max_temp_6,min_temp_17 avg_temp_9,max_temp_4 avg_temp_16,Agricultural Land Mass^2
0,39675.91304347833,20829.394163293033,2550.083372353479,5776.350247687742,-6295.499412468914,12957.934703870222,4533.188508912768,-6190.050047187402,-263.56277974207006
