,intercept,Agricultural Land Mass,min_temp_4 min_temp_16,Agricultural Land Mass^2
0,39013.45652220598,10182795.322901228,17985.107577836385,-10183738.734512761
