,intercept,Agricultural Land Mass,min_temp_4 min_temp_16,min_temp_6 min_temp_16,min_temp_6 max_temp_16,min_temp_6 avg_temp_16,min_temp_8 min_temp_19,min_temp_16 max_temp_4,min_temp_17 max_temp_6,min_temp_17 avg_temp_9,max_temp_4 avg_temp_16,avg_temp_4 avg_temp_16,Agricultural Land Mass^2
0,31355.956522012733,4087504.4521186175,192429.44542128601,6601.760971204871,4287.362541472953,-11340.674185657024,3862.7544262631973,-145233.91006857075,2666.1393584581438,3085.631671898916,359132.64159302035,-395362.22279208025,-4088229.9853271563
