,intercept,Agricultural Land Mass,min_temp_4 min_temp_16,min_temp_6 min_temp_16,min_temp_6 max_temp_16,min_temp_8 min_temp_19,min_temp_17 max_temp_6,min_temp_17 avg_temp_9,max_temp_4 avg_temp_16
0,36683.86956521755,1965.992037274702,17492.14787474087,1031.61801745513,7158.372892572945,4771.073875572291,8905.423252877923,858.9908474880052,-12763.623332144918
