,intercept,max_temp_7,Agricultural Land Mass,precip_2 min_temp_9,precip_2 min_temp_16,precip_2 avg_temp_11,precip_3 precip_10,precip_4 precip_7,precip_5 precip_10,precip_6 precip_20,precip_8 precip_11,precip_8 precip_17,precip_8 precip_21,precip_10 min_temp_14,precip_10 avg_temp_12,precip_11 min_temp_22,precip_11 min_temp_23,precip_12 precip_21,precip_13 precip_16,precip_13 avg_temp_13,precip_14 max_temp_1,precip_14 max_temp_22,precip_14 avg_temp_22,precip_15 precip_22,precip_15 min_temp_21,precip_15 avg_temp_23,precip_17 min_temp_23,precip_22 min_temp_13,precip_23 min_temp_10,precip_23 max_temp_2,min_temp_0^2,min_temp_0 min_temp_13,min_temp_1 min_temp_10,min_temp_1 max_temp_1,min_temp_1 avg_temp_1,min_temp_4 min_temp_16,min_temp_4 min_temp_20,min_temp_5 min_temp_8,min_temp_5 min_temp_16,min_temp_5 min_temp_17,min_temp_5 max_temp_17,min_temp_5 avg_temp_17,min_temp_7 max_temp_22,min_temp_8 min_temp_17,min_temp_8 min_temp_21,min_temp_10 min_temp_14,min_temp_10 avg_temp_0,min_temp_10 avg_temp_12,min_temp_14 avg_temp_23,min_temp_22 avg_temp_12,max_temp_1 max_temp_22,max_temp_3 max_temp_7,max_temp_3 max_temp_22,max_temp_5 max_temp_17,max_temp_7^2,max_temp_7 max_temp_19,max_temp_17 avg_temp_5,avg_temp_0^2,Agricultural Land Mass^2
0,34193.369565217385,-30.150961525335003,155.34558823350764,3383.6174699600265,229.61024915655528,6.336295525986907,4750.806337463953,3682.096441156752,3.8045000084681924,2787.7937754777868,-719.9172866791164,-1548.5512919626851,-4531.089168321433,375.70812013277424,2580.3891595924356,-641.293389790559,1037.250098054884,172.9025870365187,-102.39507256339347,-561.0898493508931,-1910.8242194620034,-301.8307462724144,-11.981710058121415,3515.492889058254,28.67951288867424,188.46697765861896,111.69851634618395,-6.5242597554033175,-2620.423911369044,-4413.989809233987,638.7575069119332,2028.3677819403874,2130.075357642647,4592.0883793563435,1163.3862263901005,5093.537482873359,2578.6531003448904,449.21233383328456,3794.702384583734,6857.172689197759,249.56608977006618,932.902229463844,-346.05220594878733,858.3053926732391,270.582519197008,877.7629794069925,1531.6397853485212,5402.543309405112,1162.1480425461114,-4065.303877039627,-282.77848501988757,-2291.906674909756,-1734.874288435222,888.2449787106437,-212.44594060036718,-1614.1780175947079,2411.593411178299,1101.075037312158,398.9805375048564
