,intercept,Agricultural Land Mass,precip_0 precip_23,precip_1 precip_8,precip_2 min_temp_9,precip_2 min_temp_14,precip_2 min_temp_16,precip_3 min_temp_4,precip_3 min_temp_15,precip_3 min_temp_21,precip_4 precip_8,precip_4 precip_23,precip_5 precip_13,precip_5 precip_22,precip_6 avg_temp_12,precip_7 precip_17,precip_7 max_temp_1,precip_7 avg_temp_1,precip_8 precip_18,precip_10 precip_17,precip_10 precip_21,precip_10 precip_23,precip_10 max_temp_1,precip_11 min_temp_0,precip_11 min_temp_22,precip_11 avg_temp_0,precip_11 avg_temp_13,precip_13 precip_16,precip_13 max_temp_13,precip_16 precip_19,precip_18 avg_temp_0,min_temp_2 min_temp_10,min_temp_4 min_temp_8,min_temp_5 min_temp_8,min_temp_5 min_temp_16,min_temp_5 min_temp_17,min_temp_6 min_temp_17,min_temp_8 min_temp_17,min_temp_10 avg_temp_12,min_temp_14 min_temp_22,min_temp_22^2,max_temp_3 max_temp_8,max_temp_3 max_temp_10,max_temp_3 max_temp_19,max_temp_10 avg_temp_3,avg_temp_0^2,avg_temp_0 avg_temp_11,avg_temp_6 Agricultural Land Mass,Agricultural Land Mass^2
0,35424.21739130437,164.72002471431097,-912.8346563610215,-6679.957456486068,1797.2767897968263,1415.8787846637338,270.39455808467807,2102.3815727651277,679.1437965909385,1583.9056547249368,-2031.6796657060931,-2908.338254959183,-2663.467967294301,-3362.4390397339816,793.023209539969,-4397.214330525484,-511.14563673961436,-67.55454463766475,-875.0642821298504,-1511.886780824409,-280.7382781334847,-32.14448656677427,-742.7035896270366,-235.79008848056785,-3114.621037309265,-724.7843139468881,-3006.207088080092,-1130.260411893573,-72.56364986902288,-2212.089064755223,-34.285412273198574,-6009.982626550856,11161.52553674708,6276.175292693149,6546.712794331431,14703.799450864512,6095.7184968491265,0.2716507511850068,1900.02896724695,-203.603812248411,-319.5766957833229,-7385.538176247836,-795.9813414826687,-284.21933662761325,-52.93152467286022,63.14281689975191,5469.706149962337,1222.347288709802,6784.3934183873125
