,intercept,Agricultural Land Mass,precip_5 max_temp_6,min_temp_4 min_temp_16,min_temp_4 max_temp_21,min_temp_5 min_temp_17,min_temp_5 max_temp_17,min_temp_6 min_temp_8,min_temp_6 max_temp_18,min_temp_6 max_temp_19,min_temp_6 avg_temp_18,min_temp_7 max_temp_16,min_temp_8 min_temp_16,min_temp_9 max_temp_12,min_temp_9 max_temp_19,min_temp_16 max_temp_3,min_temp_18 min_temp_19,min_temp_18 max_temp_2,min_temp_20 avg_temp_21,min_temp_21 max_temp_15,max_temp_4 avg_temp_16,max_temp_7 avg_temp_18,max_temp_8 max_temp_19,max_temp_18 avg_temp_6
0,39273.30434782617,1720.7202213876265,-5846.212850900832,20315.277381269832,-11533.38079081963,3.12179595104048,21718.147706794498,917.3480731130298,1267.9165563996105,-3284.6289907257965,10701.896197779046,-18596.991351867844,6783.248595045903,6265.4139098571695,-4972.518822103779,-8150.200747412497,4047.554606740276,1323.9519169825926,-661.9364687002789,5075.050693564089,7162.699504313806,90.09764315844981,-6624.7363694581945,2083.472066006668
