,intercept,Agricultural Land Mass,min_temp_4 min_temp_16,min_temp_6 min_temp_16,min_temp_6 max_temp_16,min_temp_6 avg_temp_16,min_temp_8 min_temp_19,min_temp_16 max_temp_4,min_temp_17 max_temp_6,min_temp_17 avg_temp_9,max_temp_4 avg_temp_16,avg_temp_4 avg_temp_16,Agricultural Land Mass^2
0,35684.891304350014,-365772.79105681315,758873.3394344912,832037.7665597334,641162.5523143285,-1353357.6653536553,7718.618615822508,-1008741.2888217735,9254.61501069249,6788.614355025559,1755880.4328429985,-1585873.9000621822,369824.3790644628
