,intercept,Agricultural Land Mass,precip_5^2,precip_5 max_temp_8,min_temp_4 min_temp_16,min_temp_4 max_temp_21,min_temp_5 max_temp_17,min_temp_6 min_temp_16,min_temp_6 min_temp_18,min_temp_6 avg_temp_6,min_temp_6 avg_temp_16,min_temp_6 avg_temp_18,min_temp_7 max_temp_16,min_temp_8 min_temp_16,min_temp_8 avg_temp_9,min_temp_9 max_temp_12,min_temp_9 max_temp_19,min_temp_16 max_temp_3,min_temp_17 max_temp_7,min_temp_18 min_temp_19,min_temp_20 avg_temp_21,min_temp_21 max_temp_15,min_temp_21 avg_temp_3,max_temp_8 max_temp_19,avg_temp_6 avg_temp_18
0,39828.54347826108,1108.5438451943262,-1220.5137571904488,-4383.753109753893,13304.631550538857,-547.6777862094302,18265.821269864322,5152.434583075931,5103.721799311911,1055.7650461915441,4051.5099542564467,1845.1825188414164,-25451.989005076797,18403.74546275178,5145.449386962184,5107.867870789841,-3513.6987135306763,-12721.542459719381,-3748.230362987899,9395.75953031938,-791.9239968471345,3273.6590401121516,677.8646044983703,-11255.076440089897,1798.7192471150468
