,intercept,Agricultural Land Mass,min_temp_4 min_temp_16,min_temp_6 min_temp_16,min_temp_6 max_temp_16,min_temp_6 avg_temp_16,min_temp_8 min_temp_19,min_temp_16 max_temp_4,min_temp_17 max_temp_6,min_temp_17 avg_temp_9,max_temp_4 avg_temp_16,avg_temp_4 avg_temp_16,Agricultural Land Mass^2
0,36726.1956521741,57690.876520713435,184501.84894779624,161305.03852012908,-55391.782118522584,-39044.396554064566,3296.9836637495937,-341551.7779948154,7555.593490617868,1827.145535908269,443369.8496270306,-333145.7774001832,-55781.82821642023
