,intercept,Agricultural Land Mass,Agricultural Land Mass^2
0,39988.54347884795,14076713.360292898,-14079798.21270895
