,intercept,Agricultural Land Mass,precip_0 precip_23,precip_1 precip_5,precip_2 min_temp_9,precip_2 min_temp_14,precip_2 min_temp_21,precip_3 min_temp_3,precip_4 precip_8,precip_4 precip_23,precip_5 precip_13,precip_5 precip_17,precip_5 precip_22,precip_6 max_temp_12,precip_7 precip_9,precip_7 min_temp_15,precip_8 precip_9,precip_8 precip_11,precip_9 avg_temp_0,precip_11 precip_13,precip_11 precip_21,precip_11 precip_22,precip_11 precip_23,precip_11 min_temp_22,precip_12 precip_13,precip_13 precip_18,precip_13 max_temp_13,precip_15 precip_23,precip_16 precip_19,precip_16 precip_22,precip_19 min_temp_1,precip_20 min_temp_12,precip_21 min_temp_13,precip_23 min_temp_13,min_temp_1 max_temp_1,min_temp_2 min_temp_10,min_temp_2 min_temp_23,min_temp_4 min_temp_8,min_temp_4 min_temp_16,min_temp_5 min_temp_8,min_temp_5 min_temp_16,min_temp_5 min_temp_17,min_temp_5 avg_temp_16,min_temp_6^2,min_temp_6 min_temp_8,min_temp_6 min_temp_17,min_temp_8 min_temp_17,min_temp_8 avg_temp_21,min_temp_14 avg_temp_11,min_temp_19 max_temp_7,min_temp_19 max_temp_10,min_temp_19 max_temp_15,min_temp_23 avg_temp_23,max_temp_7^2,max_temp_7 max_temp_15,max_temp_7 max_temp_19,max_temp_7 avg_temp_19,avg_temp_0^2,avg_temp_0 avg_temp_11,Agricultural Land Mass^2
0,35408.45652173908,45.41068775125217,-1289.0588864241042,-172.99491830654074,3993.256231645151,545.3516515973818,585.154145494119,2344.4926439058345,-97.26052074213288,-4619.330968664534,-304.5585668663844,-1105.913928853902,-3266.5545234145884,65.58968050092511,-3824.966851809371,-881.999021237178,-469.07334615221407,-1618.6447767187105,-283.10330328252513,-88.15360785454283,899.1902942199196,1771.5394626096672,-758.1310737807455,-3065.528798955693,-258.7192120208284,-2429.4417202990603,-3887.775833520977,-509.89306337422624,-4442.940037897651,521.5140235641929,309.5135458294927,-316.73719225374174,-460.08584098760764,3591.778954339,663.1297351093804,-3791.2016288351297,-1901.959554317114,1233.56869067348,7147.700389270703,4764.606776847179,6792.5133811527985,11529.522873815245,1.8490848297749378,5372.83633759674,137.57635894107466,6183.848031724425,3.0186049764290455,25.56846958935044,53.9738022739997,-1270.6067365411946,-1998.5109719900818,-39.3663761974354,-4308.5348299518055,-163.09709233305983,-7485.428411195169,-151.81910403499148,-2682.462755556935,493.11863441548627,5349.764800193502,4603.881586405319
