,intercept,Agricultural Land Mass,min_temp_4 min_temp_16,min_temp_6 min_temp_16,min_temp_6 max_temp_16,min_temp_8 min_temp_19,min_temp_17 max_temp_6,min_temp_17 avg_temp_9,max_temp_4 avg_temp_16
0,37241.195652173985,1339.1695744862127,24594.937656437465,244.25400184899058,12029.099825627884,512.039254339542,9209.4678946497,1941.1231544242587,-20811.83393189633
