,intercept,Agricultural Land Mass,precip_0 min_temp_2,precip_0 min_temp_23,precip_2 precip_6,precip_2 min_temp_2,precip_2 min_temp_16,precip_3 min_temp_15,precip_3 avg_temp_11,precip_7 precip_11,precip_7 precip_23,precip_7 max_temp_1,precip_8^2,precip_8 precip_9,precip_8 precip_15,precip_11 precip_16,precip_11 max_temp_13,precip_13 min_temp_22,precip_14 precip_19,precip_18 precip_22,precip_19 precip_23,precip_20 precip_22,precip_23 min_temp_3,precip_23 min_temp_13,min_temp_1 min_temp_10,min_temp_2 min_temp_10,min_temp_4 max_temp_23,min_temp_5 min_temp_8,min_temp_5 min_temp_17,min_temp_5 avg_temp_17,min_temp_6 max_temp_4,min_temp_6 avg_temp_17,min_temp_7 max_temp_10,min_temp_8 avg_temp_4,min_temp_10 avg_temp_12,min_temp_13 avg_temp_13,min_temp_14 min_temp_22,min_temp_16 max_temp_4,min_temp_19 max_temp_10,min_temp_22 avg_temp_12,min_temp_23 max_temp_23,min_temp_23 avg_temp_23,max_temp_0 avg_temp_11,max_temp_3 max_temp_10,avg_temp_0^2,avg_temp_0 avg_temp_11,Agricultural Land Mass^2
0,37641.10869565221,3749.338921628791,2155.736458709145,-5269.896177275593,2039.1044292581519,57.15142758698547,65.43887244056396,2749.937803190505,2466.2149015857226,-2881.112938281215,-426.75443521049016,-2569.1452869989216,-1071.8479610757718,-223.6443261732003,-1586.4258422711023,-1158.8846894099138,-99.61262402908577,-406.05303105452384,-806.7777694065709,-4425.761335936449,-142.46871822090813,-2495.1195263794416,-1233.6217679833849,2401.6706898114903,4219.369062325754,-1675.3292675171056,4407.8026065907225,226.70240566098045,9179.058096513923,10563.621445628936,510.5028181583012,3848.126210419473,-1706.7288306706203,2388.164244186313,2261.151251621064,387.3284823333769,-2717.851294578545,9840.129656239049,-603.247983593603,-1619.9949779681556,-914.9591816029239,-391.5613788013281,698.7580835328575,-3369.956026046005,26.32224915121111,7780.9632594843,644.6460259590214
