,intercept,min_temp_4 min_temp_16,min_temp_8 min_temp_19,min_temp_16 max_temp_4,min_temp_17 max_temp_6,min_temp_17 avg_temp_9,max_temp_4 avg_temp_16
0,39810.34782608692,22188.0524509563,8646.883559291007,-15553.616052416824,10733.739850194872,6897.120744294436,-327.68356431046755
