,intercept,Agricultural Land Mass,min_temp_4 min_temp_16,min_temp_6 min_temp_16,min_temp_6 max_temp_16,min_temp_6 avg_temp_16,min_temp_8 min_temp_19,min_temp_16 max_temp_4,min_temp_17 max_temp_6,min_temp_17 avg_temp_9,max_temp_4 avg_temp_16,avg_temp_4 avg_temp_16,Agricultural Land Mass^2
0,36334.304347891935,2331792.6469207658,211864.7533358883,498783.03842992027,556341.1947075877,-1025914.4661082377,7519.83215434504,-251211.28516925697,6672.527634211063,7214.754756493551,452885.3027560656,-423657.65379901434,-2331913.2331358967
