,intercept,Agricultural Land Mass,Agricultural Land Mass^2
0,41533.608695844545,13859884.601770585,-13864758.21248229
