,intercept,Agricultural Land Mass,min_temp_4 min_temp_16,min_temp_8 min_temp_19,min_temp_17 max_temp_6,min_temp_17 avg_temp_9,max_temp_4 avg_temp_16
0,38690.9130434783,1710.9325641370044,16772.519554141203,11316.405696728474,10186.948392981294,4985.487284226769,-12001.907805441082
