,intercept,Agricultural Land Mass,Agricultural Land Mass^2
0,40094.84782577394,15506577.810565813,-15513273.605980854
