,intercept,Agricultural Land Mass,min_temp_4 min_temp_16,min_temp_6 min_temp_16,min_temp_6 max_temp_16,min_temp_6 avg_temp_16,min_temp_8 min_temp_19,min_temp_16 max_temp_4,min_temp_17 max_temp_6,min_temp_17 avg_temp_9,max_temp_4 avg_temp_16,avg_temp_4 avg_temp_16,Agricultural Land Mass^2
0,39635.043478365165,2399586.507118212,802430.1980899727,875415.5043217045,644467.8958615543,-1390787.692661802,9238.303736835509,-1062804.7522307711,8024.740202617238,3700.1127234218006,1816158.86808977,-1645638.3177996725,-2398578.8674348956
