,intercept,Agricultural Land Mass,min_temp_4 min_temp_16,min_temp_6 min_temp_16,min_temp_6 max_temp_16,min_temp_6 avg_temp_16,min_temp_8 min_temp_19,min_temp_16 max_temp_4,min_temp_17 max_temp_6,min_temp_17 avg_temp_9,max_temp_4 avg_temp_16,avg_temp_4 avg_temp_16,Agricultural Land Mass^2
0,34959.478260858785,1740333.426095405,688541.2914836399,608276.4474624371,193901.28269826208,-657793.296639728,7736.671374735736,-1015930.4007312538,6810.133850097665,-2804.2673303051206,1582476.896179626,-1364551.2014254548,-1739258.6625058479
