,intercept,Agricultural Land Mass,min_temp_4 min_temp_16,min_temp_6 min_temp_16,min_temp_6 max_temp_16,min_temp_6 avg_temp_16,min_temp_8 min_temp_19,min_temp_16 max_temp_4,min_temp_17 max_temp_6,min_temp_17 avg_temp_9,max_temp_4 avg_temp_16,avg_temp_4 avg_temp_16,Agricultural Land Mass^2
0,37149.06521769857,4530228.080697642,611427.1215760583,907732.3357140851,705666.271642592,-1484200.5946812571,8288.643586978458,-906446.6456512309,6716.060019692388,3155.045212453403,1441437.1664585273,-1232178.4552392128,-4527812.494452065
