,intercept,Agricultural Land Mass,precip_5 max_temp_6,min_temp_4 max_temp_21,min_temp_5 max_temp_17,min_temp_6 max_temp_18,min_temp_6 max_temp_19,min_temp_7 max_temp_16,min_temp_8 avg_temp_9,min_temp_9 max_temp_12,min_temp_9 max_temp_19,min_temp_16 max_temp_3,min_temp_16 max_temp_4,min_temp_16 max_temp_21,min_temp_16 avg_temp_4,min_temp_17 max_temp_6,min_temp_17 max_temp_7,min_temp_17 avg_temp_9,min_temp_18 min_temp_19,min_temp_20 avg_temp_21,min_temp_21 max_temp_15,max_temp_8 max_temp_19,max_temp_18 avg_temp_6,avg_temp_4 avg_temp_17
0,37125.043478260865,786.6833180031208,-4448.264749490549,-6075.832094697292,17299.673944376264,5391.46594486467,-7942.224371747382,-11765.074059588458,10687.632930462836,8573.351369351964,-12357.188879332321,-11366.89843083868,2302.325586758429,-1694.6538640473555,21359.947801292146,-3072.7913005352143,-2135.1818576111073,3611.595434541219,14126.687975110035,-1507.8078762441696,8317.687720902104,-11221.04437385128,6783.317224325191,1102.2285876002315
