,intercept,Agricultural Land Mass,min_temp_4 min_temp_16,min_temp_6 min_temp_16,min_temp_6 max_temp_16,min_temp_6 avg_temp_16,min_temp_8 min_temp_19,min_temp_16 max_temp_4,min_temp_17 max_temp_6,min_temp_17 avg_temp_9,max_temp_4 avg_temp_16,avg_temp_4 avg_temp_16,Agricultural Land Mass^2
0,35107.32608711687,4135961.8477660688,453008.40607350663,1039445.1286711773,1024492.0926776879,-1950424.2536174667,1292.0685179340528,-705875.5344200744,4977.223816369547,2390.3272440610963,1123353.1217806528,-941357.0048196614,-4135678.2592167
