,intercept,Agricultural Land Mass,min_temp_4 min_temp_16,min_temp_6 min_temp_16,min_temp_6 max_temp_16,min_temp_6 avg_temp_16,min_temp_8 min_temp_19,min_temp_16 max_temp_4,min_temp_17 max_temp_6,min_temp_17 avg_temp_9,max_temp_4 avg_temp_16,avg_temp_4 avg_temp_16,Agricultural Land Mass^2
0,35814.28260869838,57773.0408828811,170226.83506182884,85563.76348372875,55356.18834973278,-119900.0074546378,3506.4838913781155,-169567.26576885505,8341.501269349616,7806.839323436873,295515.9827051127,-303901.02578140935,-56065.26907697033
