,intercept,precip_5 max_temp_8,min_temp_4 min_temp_16,min_temp_5 min_temp_17,min_temp_5 max_temp_17,min_temp_6 min_temp_8,min_temp_7 max_temp_16,min_temp_8 min_temp_16,min_temp_9 min_temp_21,min_temp_9 max_temp_12,min_temp_16 max_temp_3,min_temp_19 avg_temp_7,min_temp_20 avg_temp_21,min_temp_21 max_temp_15,max_temp_8 max_temp_19,max_temp_18 avg_temp_6
0,34784.195652173956,-1895.1251819261088,8709.681263895698,7782.896318339784,5833.295640072526,380.2138748754254,-7994.241820004036,17439.76721061065,1305.101550127038,2194.4821507182933,-7935.199093695707,-5643.563686422232,3132.3040913975533,-2647.0602816191386,-2947.388466985512,5315.838707675823
