,intercept,Agricultural Land Mass,min_temp_4 min_temp_16,min_temp_6 min_temp_16,min_temp_6 max_temp_16,min_temp_6 avg_temp_16,min_temp_8 min_temp_19,min_temp_16 max_temp_4,min_temp_17 max_temp_6,min_temp_17 avg_temp_9,max_temp_4 avg_temp_16,avg_temp_4 avg_temp_16,Agricultural Land Mass^2
0,30237.152173992126,2917940.1920304885,214230.40492859343,177223.47305163802,141444.25898497071,-292007.89902149007,4428.803959959746,-246463.3790686893,2311.078448283149,2120.1487061185276,463699.7317629818,-442636.8391663019,-2916462.2990734214
