,intercept,Agricultural Land Mass,precip_5 max_temp_8,min_temp_4 min_temp_16,min_temp_5 min_temp_17,min_temp_6 min_temp_8,min_temp_6 max_temp_16,min_temp_7 max_temp_16,min_temp_8 min_temp_16,min_temp_9 max_temp_12,min_temp_16 max_temp_3,min_temp_17 max_temp_6,min_temp_17 avg_temp_9,min_temp_18 max_temp_2,min_temp_18 max_temp_6,min_temp_19 avg_temp_7,min_temp_20 avg_temp_21,max_temp_8 max_temp_19,avg_temp_9 avg_temp_21,avg_temp_16 avg_temp_18
0,36777.608695652365,3168.5089420031454,-3268.509227532578,10442.665454833643,13864.510376460255,9185.86863618036,927.5226624356425,-8977.952423517308,8828.949629422561,6661.047125713516,-14532.289927921569,-844.2663940266287,-1307.6150226224904,187.23734933186913,-106.95790186359386,-4080.1901743800313,7466.781169770468,-7997.20067843174,-516.2824480043308,11836.333019819222
