,intercept,Agricultural Land Mass,min_temp_4 min_temp_16,min_temp_6 min_temp_16,min_temp_6 max_temp_16,min_temp_6 avg_temp_16,min_temp_8 min_temp_19,min_temp_16 max_temp_4,min_temp_17 max_temp_6,min_temp_17 avg_temp_9,max_temp_4 avg_temp_16,avg_temp_4 avg_temp_16,Agricultural Land Mass^2
0,37141.06521735314,5064136.850579397,320329.17883135396,1100723.0603671246,1140374.4197032377,-2141385.637021595,5870.613974746721,-550221.3215637091,7063.1439155203725,6678.2464276386945,797485.5929037457,-624352.792196766,-5061609.217085497
