,intercept,Agricultural Land Mass,precip_5 max_temp_8,min_temp_4 min_temp_16,min_temp_4 avg_temp_21,min_temp_5 min_temp_16,min_temp_5 min_temp_17,min_temp_5 max_temp_17,min_temp_6 min_temp_8,min_temp_6 max_temp_16,min_temp_6 max_temp_18,min_temp_7 max_temp_16,min_temp_9 max_temp_12,min_temp_16 min_temp_17,min_temp_16 max_temp_3,min_temp_16 max_temp_21,min_temp_18 max_temp_2,min_temp_19 avg_temp_7,min_temp_20 avg_temp_21,max_temp_7 avg_temp_18,max_temp_8 max_temp_19,avg_temp_16 avg_temp_18
0,36989.760869565245,2969.510788124624,-2590.7973895440095,8187.896873295177,3046.4893205248854,13026.893926637584,617.875705458412,7538.822423520203,13740.482146409882,615.6182336968186,887.2514747177021,-11595.322501988705,4758.964358680093,5007.26662119103,-13966.479348331042,759.1184641878833,-2456.6523537648172,-1647.3444196244934,6021.60311973567,-30.24188462148343,-8781.819807407626,2741.3820781416985
