,intercept,Agricultural Land Mass,min_temp_4 min_temp_16,Agricultural Land Mass^2
0,38885.17391391964,10682164.09144769,21568.26873864416,-10682825.323325342
