,intercept,Agricultural Land Mass,precip_5 max_temp_6,min_temp_4 min_temp_16,min_temp_4 max_temp_21,min_temp_4 avg_temp_3,min_temp_5 max_temp_17,min_temp_6 min_temp_18,min_temp_7 max_temp_16,min_temp_8 avg_temp_9,min_temp_9 max_temp_12,min_temp_9 max_temp_19,min_temp_16 max_temp_3,min_temp_16 max_temp_21,min_temp_16 avg_temp_4,min_temp_17 avg_temp_9,min_temp_18 min_temp_19,min_temp_18 max_temp_6,min_temp_20 avg_temp_21,min_temp_21 max_temp_15,max_temp_8 max_temp_19,avg_temp_6 avg_temp_18
0,36723.45652173927,5026.212797690872,-401.88078986979303,24755.188457732598,-12121.204777739345,4045.692628951637,16360.017726152659,1481.3107451950355,-8520.181812464178,1601.7507945871646,8889.922721400002,-11896.60806789746,-17602.886885665943,-2994.442541453703,7356.1502473033715,3535.7242166923284,8523.650431948772,1145.5889678137373,-1126.0993875346142,3613.697749845284,-2694.8926063374583,5524.575682004113
