,intercept,Agricultural Land Mass,min_temp_4 min_temp_16,min_temp_6 min_temp_16,min_temp_6 max_temp_16,min_temp_6 avg_temp_16,min_temp_8 min_temp_19,min_temp_16 max_temp_4,min_temp_17 max_temp_6,min_temp_17 avg_temp_9,max_temp_4 avg_temp_16,avg_temp_4 avg_temp_16,Agricultural Land Mass^2
0,38758.26086977419,3990213.627048283,314330.6266960378,969181.0260670938,983863.5104740534,-1855983.7202211607,6311.155563841922,-514085.10304930876,11024.819875551173,4294.134345965396,762281.5620267338,-613648.0455454332,-3986000.5201087417
