,intercept,Agricultural Land Mass,precip_5 max_temp_8,min_temp_4 min_temp_16,min_temp_4 max_temp_21,min_temp_5 max_temp_17,min_temp_6 max_temp_18,min_temp_7 max_temp_16,min_temp_8 min_temp_19,min_temp_8 avg_temp_9,min_temp_9 max_temp_12,min_temp_9 max_temp_19,min_temp_16 max_temp_3,min_temp_17 max_temp_6,min_temp_18 min_temp_19,min_temp_18 max_temp_2,min_temp_19 avg_temp_7,min_temp_21 avg_temp_3,max_temp_4 avg_temp_16,max_temp_7 avg_temp_18,max_temp_8 max_temp_19,avg_temp_16 avg_temp_18
0,39139.91304347836,2307.2835584336626,-1037.3117642201419,33335.46411474102,-12059.398514975403,16140.843014441056,7167.038647781001,-19374.97546085116,2983.7837289726904,7017.578046094719,7469.4289119105115,-4959.34169332994,-18445.28295697751,-466.3385688015385,4555.9978541841365,1481.1348751450992,-3028.6811485569956,5624.124644633948,1179.2249480898604,-142.39019812618918,-6435.898312581832,11234.889480859449
