,intercept,Agricultural Land Mass,Agricultural Land Mass^2
0,38356.608695634306,250003.8411691601,-256637.34166737896
