,intercept,min_temp_7,precip_4 precip_20,precip_5 min_temp_16,precip_7 precip_19,precip_7 min_temp_2,precip_9 min_temp_2,precip_9 min_temp_10,precip_10 max_temp_13,precip_21 min_temp_13,precip_22 avg_temp_10,min_temp_0 min_temp_2,min_temp_3 avg_temp_8,min_temp_3 avg_temp_10,min_temp_4 min_temp_20,min_temp_4 max_temp_16,min_temp_5 min_temp_17,min_temp_5 max_temp_16,min_temp_6 max_temp_16,min_temp_6 max_temp_18,min_temp_6 avg_temp_18,min_temp_8 max_temp_21,min_temp_9^2,min_temp_18 max_temp_2,min_temp_18 max_temp_9,min_temp_20 min_temp_21,max_temp_3 max_temp_8,max_temp_5 max_temp_15,max_temp_7 avg_temp_19,max_temp_8 max_temp_19,max_temp_16 max_temp_21,max_temp_16 avg_temp_4,max_temp_18 avg_temp_6,avg_temp_3 avg_temp_22,avg_temp_12 avg_temp_23
0,38203.608695652154,-747.9843273787077,285.5775302193882,-3522.9595946482,-2341.1103245025224,-3213.8151414617732,-134.1933681740975,-6424.104144639892,-6483.184252451046,293.1019203064534,-4755.037514864927,100.23810738800523,4132.88363510979,-684.0057478308823,1722.634569841656,10804.354834743473,19727.60061266415,1460.6319187202407,4517.052376500107,3446.122624213641,84.52031255006214,12754.404472434659,2551.1516310424386,-1196.279441013707,705.1085077880754,2937.017730527001,-13197.069473271209,-2690.757248361494,-5822.151187701164,-4602.286043103202,2265.6330611136714,438.1614489868862,2664.162499869183,-936.9529768036194,7780.751914381916
