,intercept,Agricultural Land Mass,min_temp_4 min_temp_16,min_temp_6 min_temp_16,min_temp_6 max_temp_16,min_temp_6 avg_temp_16,min_temp_8 min_temp_19,min_temp_17 max_temp_6,min_temp_17 avg_temp_9,max_temp_4 avg_temp_16
0,38178.17391304347,1965.1358718350007,20339.778455374835,1175.0403507410101,8000.545934679406,16.80616995050925,6155.362527322804,11476.807486383275,21.486521802579745,-17045.54257810354
