,intercept,Agricultural Land Mass,min_temp_4 min_temp_16,min_temp_6 min_temp_16,min_temp_6 max_temp_16,min_temp_6 avg_temp_16,min_temp_8 min_temp_19,min_temp_16 max_temp_4,min_temp_17 max_temp_6,min_temp_17 avg_temp_9,max_temp_4 avg_temp_16,avg_temp_4 avg_temp_16,Agricultural Land Mass^2
0,32434.326086891226,4034952.954231992,230926.02168111145,518542.1407288373,739483.375500365,-1249210.5498136827,7736.139540613305,-156300.23432581907,5734.286929471675,5668.347767488724,421049.70584222645,-476760.6749024049,-4032882.3452413534
