,intercept,Agricultural Land Mass,precip_1 max_temp_13,precip_4 precip_20,precip_5 min_temp_16,precip_7 precip_19,precip_9 min_temp_2,precip_9 min_temp_10,precip_10 max_temp_13,precip_12 max_temp_23,precip_16 avg_temp_5,precip_22 min_temp_2,precip_22 avg_temp_10,min_temp_0 min_temp_2,min_temp_0 max_temp_2,min_temp_3 max_temp_12,min_temp_4 min_temp_16,min_temp_4 min_temp_18,min_temp_5 min_temp_15,min_temp_5 min_temp_17,min_temp_5 max_temp_16,min_temp_5 avg_temp_16,min_temp_6 min_temp_18,min_temp_6 max_temp_16,min_temp_6 avg_temp_18,min_temp_7 min_temp_19,min_temp_8 min_temp_17,min_temp_9 min_temp_21,min_temp_15 min_temp_21,min_temp_16 max_temp_22,max_temp_3 avg_temp_8,max_temp_5 max_temp_15,max_temp_7 avg_temp_19,max_temp_9 avg_temp_8,max_temp_14 avg_temp_9,max_temp_16 avg_temp_18,avg_temp_7 avg_temp_19,avg_temp_12 avg_temp_23,Agricultural Land Mass^2
0,37488.04347826092,1060.7055665070825,-40.821298804312384,10450.612088413905,-7168.762681126985,-3416.260948803446,-453.7669087761778,-562.301434592332,-9260.042228771574,1012.8970335372018,2809.065355763634,-5500.157867277247,-3535.326009942135,1561.6292348307077,13.793832454036933,3834.708474723092,3739.6175666822596,9950.07124936484,2934.9849328839964,1282.6178986881316,8856.743746010321,1791.6706302433188,65.04633337949195,5635.137914707227,12754.027046252093,-8142.883100714133,10127.167429745852,5347.193770330689,3352.968826985728,691.1953543608578,-5047.217693162807,-8284.199909473251,-959.552372470217,-3052.651347466567,-951.4143501962259,339.3108435682173,-1843.4139297235208,3297.004455764017,158.51851527665667
