,intercept,Agricultural Land Mass,precip_5 max_temp_8,min_temp_4 min_temp_16,min_temp_5 min_temp_16,min_temp_5 min_temp_17,min_temp_6 min_temp_8,min_temp_7 max_temp_16,min_temp_8 min_temp_16,min_temp_9 max_temp_12,min_temp_16 min_temp_17,min_temp_16 max_temp_3,min_temp_16 max_temp_21,min_temp_18 min_temp_19,min_temp_18 max_temp_2,min_temp_19 avg_temp_7,min_temp_20 avg_temp_21,min_temp_21 avg_temp_3,max_temp_8 max_temp_19
0,37837.76086956516,1347.259883905856,-2220.2037627543923,12115.75063959725,17679.121010729694,10631.883185412933,10271.800216823305,-5911.237900962137,380.3382761005846,5332.576332134304,540.0534820614179,-18988.681220343005,4417.804814958574,1814.60597999387,-2598.577032566013,-4087.7103764685617,3309.053710583196,1624.9498510441201,-6554.484724027056
