,intercept,Agricultural Land Mass,precip_5^2,min_temp_4 min_temp_16,min_temp_4 max_temp_21,min_temp_5 min_temp_17,min_temp_5 max_temp_17,min_temp_6 min_temp_8,min_temp_6 min_temp_18,min_temp_6 max_temp_19,min_temp_6 avg_temp_18,min_temp_7 max_temp_16,min_temp_8 avg_temp_5,min_temp_9 max_temp_12,min_temp_9 max_temp_19,min_temp_16 max_temp_3,min_temp_18 min_temp_19,min_temp_18 max_temp_2,min_temp_19 avg_temp_7,min_temp_20 max_temp_17,min_temp_21 max_temp_15,min_temp_21 avg_temp_3,max_temp_8 max_temp_19,avg_temp_16 avg_temp_18
0,38373.739130434784,2602.202676861662,-3745.2066732997996,17537.166776976886,-1275.6076371721354,8748.22307039029,4520.434709196176,2008.3918602575084,1302.446763182265,-3493.1283799971,6273.427947037112,-12399.715101620974,9482.15587267173,10745.66304647159,-1572.777057302193,-22388.885854674558,11159.490311631846,-646.1909941369144,-8636.306211220954,-2915.044441126566,3660.361333452812,220.9938381106868,-6007.390506544779,21943.830378691357
