,intercept,Agricultural Land Mass,min_temp_4 min_temp_16,min_temp_6 min_temp_16,min_temp_6 max_temp_16,min_temp_6 avg_temp_16,min_temp_8 min_temp_19,min_temp_16 max_temp_4,min_temp_17 max_temp_6,min_temp_17 avg_temp_9,max_temp_4 avg_temp_16,avg_temp_4 avg_temp_16,Agricultural Land Mass^2
0,40804.84782622691,2566152.756519248,724680.8780775344,1107281.5429267318,809977.6141987521,-1747717.048612264,7304.888084073807,-1131226.4823652552,8766.31208991016,2774.2110628269943,1743356.7500497268,-1457351.7671066239,-2565853.914097681
