,intercept,Agricultural Land Mass,min_temp_4 min_temp_16,min_temp_6 min_temp_16,min_temp_6 max_temp_16,min_temp_6 avg_temp_16,min_temp_8 min_temp_19,min_temp_16 max_temp_4,min_temp_17 max_temp_6,min_temp_17 avg_temp_9,max_temp_4 avg_temp_16,avg_temp_4 avg_temp_16,Agricultural Land Mass^2
0,34458.8913044469,2395364.2173495116,769905.8359701899,616758.122451684,190290.86824361104,-662312.1191097208,6668.7479680982215,-1102166.5637152465,4774.866676425317,-1409.096664862648,1805633.971537803,-1587366.2964506545,-2394582.9149429826
