,intercept,Agricultural Land Mass,precip_5 max_temp_8,min_temp_4 min_temp_16,min_temp_4 avg_temp_3,min_temp_5 min_temp_16,min_temp_5 min_temp_17,min_temp_6 min_temp_8,min_temp_6 min_temp_18,min_temp_6 max_temp_16,min_temp_6 avg_temp_18,min_temp_7 max_temp_16,min_temp_9 max_temp_12,min_temp_16 max_temp_3,min_temp_17 avg_temp_9,min_temp_18 min_temp_19,min_temp_18 max_temp_2,min_temp_19 avg_temp_7,min_temp_20 avg_temp_21,min_temp_21 max_temp_15,max_temp_7 avg_temp_18,max_temp_8 max_temp_19
0,33824.26086956522,1041.1706531139744,-4376.986668713072,12875.518598253251,-1128.6706309670815,15027.925354376868,9415.388702840872,2111.029146600101,2862.023733604525,3286.0020751735424,6528.794287519835,-6957.027767203601,4876.3278406697345,-12423.217259468278,-3175.2462908110506,531.5446132842611,-1913.60654840976,-7155.976865792986,4166.004177041257,-38.95752340994754,-1864.4105332819133,-403.07582686654536
