,intercept,Agricultural Land Mass,min_temp_4 min_temp_16,min_temp_6 min_temp_16,min_temp_6 max_temp_16,min_temp_6 avg_temp_16,min_temp_8 min_temp_19,min_temp_16 max_temp_4,min_temp_17 max_temp_6,min_temp_17 avg_temp_9,max_temp_4 avg_temp_16,avg_temp_4 avg_temp_16,Agricultural Land Mass^2
0,39582.89130434696,80693.70411846314,158778.22427662057,210755.2507386855,-61406.81424461717,-75625.95840754872,5942.265844179432,-391398.8583079727,12512.014460435097,236.8477468674507,421385.5943875175,-244402.36437098225,-80380.94678654308
