,intercept,Agricultural Land Mass,precip_5 max_temp_8,min_temp_4 min_temp_16,min_temp_4 avg_temp_21,min_temp_5 min_temp_16,min_temp_5 min_temp_17,min_temp_6 min_temp_8,min_temp_6 max_temp_18,min_temp_6 avg_temp_18,min_temp_7 max_temp_16,min_temp_8 min_temp_16,min_temp_9 max_temp_12,min_temp_16 max_temp_3,min_temp_16 max_temp_21,min_temp_18 max_temp_2,min_temp_19 avg_temp_7,min_temp_20 avg_temp_21,min_temp_21 avg_temp_3
0,38568.369565217516,1564.2000713390848,-2985.3873668716124,8204.935698136811,2498.460908759232,17003.01194720997,9570.571588210187,2406.076252924884,2516.7846878826904,5910.114258362594,-2463.1801553585947,2391.4419740243284,5697.581488639436,-17284.419542382893,2425.54828393673,-1449.4950321062358,-11745.432077663294,3109.214078237613,1314.4019828720598
