,intercept,Agricultural Land Mass,min_temp_4 min_temp_16,min_temp_6 min_temp_16,min_temp_6 max_temp_16,min_temp_6 avg_temp_16,min_temp_8 min_temp_19,min_temp_16 max_temp_4,min_temp_17 max_temp_6,min_temp_17 avg_temp_9,max_temp_4 avg_temp_16,avg_temp_4 avg_temp_16,Agricultural Land Mass^2
0,39255.06521743106,2806436.591555757,593391.4407142731,894920.3964518569,648791.7790258715,-1413697.7609864154,10683.449565376031,-922575.0012517375,10158.183980988146,984.6362609288997,1423217.7752994706,-1183613.9928465763,-2805407.0013831276
