,intercept,Agricultural Land Mass,precip_5 max_temp_8,min_temp_4 min_temp_16,min_temp_5 min_temp_17,min_temp_5 max_temp_17,min_temp_6 min_temp_8,min_temp_6 max_temp_16,min_temp_7 max_temp_16,min_temp_8 min_temp_16,min_temp_9 max_temp_12,min_temp_9 max_temp_18,min_temp_16 max_temp_3,min_temp_16 max_temp_21,min_temp_17 avg_temp_9,min_temp_18 max_temp_2,min_temp_19 avg_temp_7,min_temp_20 avg_temp_21,max_temp_6 max_temp_16,max_temp_8 max_temp_19,max_temp_18 avg_temp_6
0,31686.28260869568,1252.3598376108905,-1811.4213748977234,9215.824645038234,6596.716966913651,5236.601799893157,2012.4191309541573,936.0301675604181,-8254.881962554977,11951.808996260432,2927.8877182001706,634.6771655680678,-10053.335712857284,2878.453430515397,-2004.4399177180128,1713.2992124225148,-2823.1237981246245,2175.624758044064,3216.561723774668,-1548.5804453895905,1293.2813845544913
