,intercept,Agricultural Land Mass,min_temp_4 min_temp_16,Agricultural Land Mass^2
0,38043.760869238395,9631050.678974256,20265.653429385573,-9631356.00976304
