,intercept,Agricultural Land Mass,min_temp_4 min_temp_16,Agricultural Land Mass^2
0,37229.73913027784,8054475.622948359,16483.62753226479,-8054645.724562942
