,intercept,Agricultural Land Mass,precip_5 max_temp_8,min_temp_4 min_temp_16,min_temp_4 min_temp_17,min_temp_4 max_temp_21,min_temp_5 min_temp_17,min_temp_5 max_temp_17,min_temp_7 max_temp_16,min_temp_8 min_temp_16,min_temp_16 max_temp_3,min_temp_16 max_temp_18,min_temp_17 avg_temp_9,min_temp_18 max_temp_2,min_temp_19 avg_temp_7,min_temp_21 max_temp_15,max_temp_18 avg_temp_6,avg_temp_16 avg_temp_18
0,40656.195652173854,2047.8918401265068,-3839.903734238115,17809.0749711781,10213.154546850898,-5882.3541067126325,4767.650999518814,14103.952324117347,-25612.990899273995,9615.813183041828,-18500.563345227423,6669.011194488572,1272.8280958246482,-3343.2593061918747,-1752.5310431000203,3510.21770224537,4727.444452245461,14454.7757914559
