,intercept,Agricultural Land Mass,min_temp_4 min_temp_16,min_temp_6 min_temp_16,min_temp_6 max_temp_16,min_temp_6 avg_temp_16,min_temp_8 min_temp_19,min_temp_16 max_temp_4,min_temp_17 max_temp_6,min_temp_17 avg_temp_9,max_temp_4 avg_temp_16,avg_temp_4 avg_temp_16,Agricultural Land Mass^2
0,39911.32608704946,2322525.126898971,694303.4077118329,813195.9058707063,513886.51553566585,-1187692.7439257263,7884.999075566941,-1010255.7867877721,10625.518954315707,2688.074226136043,1604776.9037320174,-1386482.0290688027,-2319464.715073869
