,intercept,Agricultural Land Mass,min_temp_4 min_temp_16,min_temp_6 min_temp_16,min_temp_6 max_temp_16,min_temp_6 avg_temp_16,min_temp_8 min_temp_19,min_temp_16 max_temp_4,min_temp_17 max_temp_6,min_temp_17 avg_temp_9,max_temp_4 avg_temp_16,avg_temp_4 avg_temp_16,Agricultural Land Mass^2
0,39582.91304365421,2380349.8868668564,837792.0114671574,1228297.9164214807,1000217.6413418797,-2060992.427761515,5635.815287025241,-1168863.5557121825,9142.56752315861,2934.435785177514,1897640.401768973,-1680766.7315338163,-2377582.9173770146
