,intercept,Agricultural Land Mass,min_temp_4 min_temp_16,min_temp_6 min_temp_16,min_temp_6 max_temp_16,min_temp_6 avg_temp_16,min_temp_8 min_temp_19,min_temp_16 max_temp_4,min_temp_17 max_temp_6,min_temp_17 avg_temp_9,max_temp_4 avg_temp_16,avg_temp_4 avg_temp_16,Agricultural Land Mass^2
0,37544.76086956789,3765411.0034761736,420539.62471985776,429479.785564019,416408.5086369028,-809037.1198868783,9573.697531979313,-460360.53119361,8150.5246832088815,9039.80551758369,917718.2292399645,-896373.3632890371,-3765117.3137462246
