,intercept,Agricultural Land Mass,min_temp_4 min_temp_16,min_temp_6 min_temp_16,min_temp_6 max_temp_16,min_temp_6 avg_temp_16,min_temp_8 min_temp_19,min_temp_16 max_temp_4,min_temp_17 max_temp_6,min_temp_17 avg_temp_9,max_temp_4 avg_temp_16,avg_temp_4 avg_temp_16,Agricultural Land Mass^2
0,39758.82608709469,3020264.0740333432,691626.3890629803,1059834.3835053581,854914.5016749805,-1763428.5330408937,5570.96283291921,-974485.6599150008,8331.33544918697,5322.242284291178,1546262.7498680756,-1364818.476632622,-3019153.102393008
