,intercept,Agricultural Land Mass,min_temp_4 min_temp_16,Agricultural Land Mass^2
0,39231.000000907,11217927.519585414,20061.70214675203,-11215856.073028848
