,intercept,Agricultural Land Mass,precip_5 max_temp_8,min_temp_4 min_temp_16,min_temp_4 max_temp_21,min_temp_5 max_temp_17,min_temp_6 max_temp_18,min_temp_6 max_temp_19,min_temp_7 max_temp_16,min_temp_8 min_temp_16,min_temp_8 avg_temp_9,min_temp_9 max_temp_12,min_temp_9 max_temp_19,min_temp_16 max_temp_3,min_temp_17 max_temp_7,min_temp_18 min_temp_19,min_temp_18 max_temp_2,min_temp_19 avg_temp_7,min_temp_20 max_temp_17,min_temp_21 max_temp_15,max_temp_8 max_temp_19,max_temp_18 avg_temp_6
0,38353.934782608776,603.3299765994378,-3331.731615543597,27741.112352042757,-8665.187019723922,19553.156979488416,10278.532065535894,-7950.6847237325765,-11870.765519588133,7318.636360603303,4560.374975344003,7528.01064569809,-7442.516660136883,-13592.401415484905,-1085.8099830347935,9797.155526972349,1605.9754463850413,-3712.732843189473,-1618.1504538611152,1188.3097467529076,-6842.015921080266,4880.152494217633
