,intercept,Agricultural Land Mass,min_temp_4 min_temp_16,Agricultural Land Mass^2
0,40729.413043023495,9858956.044309782,20415.73971077685,-9857992.969636966
