,intercept,Agricultural Land Mass,min_temp_4 min_temp_16,min_temp_6 min_temp_16,min_temp_6 max_temp_16,min_temp_6 avg_temp_16,min_temp_8 min_temp_19,min_temp_16 max_temp_4,min_temp_17 max_temp_6,min_temp_17 avg_temp_9,max_temp_4 avg_temp_16,avg_temp_4 avg_temp_16,Agricultural Land Mass^2
0,42118.04347826336,66140.43001169452,192656.62523955508,160692.83796606676,-23249.644894655346,-83835.2630138999,7097.8811916178665,-319743.81064757425,11217.472747132233,2765.4349192262853,423614.17328651226,-333154.89945029083,-63748.861219404505
