,intercept,Agricultural Land Mass,min_temp_4 min_temp_16,min_temp_6 min_temp_16,min_temp_6 max_temp_16,min_temp_6 avg_temp_16,min_temp_8 min_temp_19,min_temp_16 max_temp_4,min_temp_17 max_temp_6,min_temp_17 avg_temp_9,max_temp_4 avg_temp_16,avg_temp_4 avg_temp_16,Agricultural Land Mass^2
0,38338.021738971074,2794110.520622027,652108.7055084766,804832.7890841207,573825.1160514298,-1255388.356528076,8880.556201065396,-904888.2026225984,7736.521273332839,2701.1749980626587,1470056.002904518,-1302997.8172860357,-2793353.2768799844
