,intercept,Agricultural Land Mass,min_temp_4 min_temp_16,min_temp_6 min_temp_16,min_temp_6 max_temp_16,min_temp_6 avg_temp_16,min_temp_8 min_temp_19,min_temp_16 max_temp_4,min_temp_17 max_temp_6,min_temp_17 avg_temp_9,max_temp_4 avg_temp_16,avg_temp_4 avg_temp_16,Agricultural Land Mass^2
0,39091.04347833095,1313143.7657888087,631549.5208700915,725902.5975857341,519223.2719964882,-1135339.6512780203,11879.123851409558,-844645.0276018654,9429.670319596975,2042.5384246920873,1388671.570559487,-1246085.57958731,-1310876.2972338805
