,intercept,Agricultural Land Mass,min_temp_4 min_temp_16,min_temp_6 min_temp_16,min_temp_6 max_temp_16,min_temp_6 avg_temp_16,min_temp_8 min_temp_19,min_temp_16 max_temp_4,min_temp_17 max_temp_6,min_temp_17 avg_temp_9,max_temp_4 avg_temp_16,avg_temp_4 avg_temp_16,Agricultural Land Mass^2
0,39364.43478264457,709757.393065079,659946.6227936787,705061.6508358916,448181.7269247048,-1034014.9356449585,10961.953426659511,-927562.2882656872,8688.572643475864,3988.5014307326355,1502406.2039717701,-1321451.2788780832,-707795.6559820038
