,intercept,Agricultural Land Mass,min_temp_4 min_temp_16,Agricultural Land Mass^2
0,39307.89130495821,10138578.448557943,22306.267763018306,-10137383.779246567
