,intercept,Agricultural Land Mass,min_temp_4 min_temp_16,min_temp_6 min_temp_16,min_temp_6 max_temp_16,min_temp_6 avg_temp_16,min_temp_8 min_temp_19,min_temp_16 max_temp_4,min_temp_17 max_temp_6,min_temp_17 avg_temp_9,max_temp_4 avg_temp_16,avg_temp_4 avg_temp_16,Agricultural Land Mass^2
0,38436.3913043416,4131885.3100396693,566371.235943347,784857.3491670738,600348.2542229928,-1274194.337818566,9106.99871530022,-810179.8233000162,6945.015823193595,3676.9960953465134,1291186.2447060607,-1120817.6974188634,-4130220.7604795797
