,intercept,Agricultural Land Mass,Agricultural Land Mass^2
0,39760.173913528524,12978982.667449063,-12985877.135246
