,intercept,Agricultural Land Mass,precip_1 max_temp_13,precip_4 precip_20,precip_5 max_temp_8,precip_7 precip_19,precip_9 min_temp_10,precip_10 max_temp_13,precip_12 max_temp_23,precip_16 min_temp_0,precip_21 min_temp_13,precip_22 min_temp_2,precip_22 avg_temp_10,min_temp_3 max_temp_12,min_temp_3 avg_temp_8,min_temp_4 min_temp_5,min_temp_4 min_temp_16,min_temp_4 avg_temp_14,min_temp_5 min_temp_8,min_temp_5 min_temp_15,min_temp_5 min_temp_16,min_temp_5 min_temp_18,min_temp_5 max_temp_17,min_temp_5 avg_temp_21,min_temp_6 max_temp_18,min_temp_6 avg_temp_18,min_temp_7 min_temp_19,min_temp_7 avg_temp_19,min_temp_8 max_temp_21,min_temp_9 min_temp_15,min_temp_9 min_temp_16,min_temp_16 max_temp_22,min_temp_19 max_temp_8,max_temp_3 max_temp_8,max_temp_5 max_temp_15,avg_temp_7 avg_temp_19
0,37344.10869565229,2865.603745859847,-400.0990562032077,1648.072152775191,-3388.0371473004634,-5640.367304603851,-1914.5384073784896,-6083.817017038354,1612.3786727390723,513.2255136638486,1912.836970215283,-504.71106817728406,-1427.3999272811898,6712.3148110343345,5775.442969260813,5800.041115832827,6730.988131631214,1876.4572917807907,788.2064537697579,6011.570193913082,7405.522796888777,635.1982847641918,9355.807186039809,1904.7590670314578,5295.703942298761,8159.487565037225,-2468.928560211156,-895.6145191217948,8281.941764271833,2313.5681038516445,4013.243889207022,874.584153718633,-490.0744523919716,-12313.954950455545,-17322.477904105122,-8568.404443096582
