,intercept,Agricultural Land Mass,precip_3 precip_10,precip_5 min_temp_16,precip_9 min_temp_2,precip_9 min_temp_10,precip_10 max_temp_13,precip_12 max_temp_23,precip_13 min_temp_2,precip_20 max_temp_22,precip_21 min_temp_22,precip_22 avg_temp_10,min_temp_0 min_temp_2,min_temp_2 min_temp_12,min_temp_3 max_temp_12,min_temp_3 avg_temp_8,min_temp_4 min_temp_16,min_temp_4 avg_temp_14,min_temp_5 min_temp_8,min_temp_5 min_temp_15,min_temp_5 min_temp_16,min_temp_5 min_temp_17,min_temp_5 max_temp_20,min_temp_5 avg_temp_17,min_temp_5 avg_temp_21,min_temp_6^2,min_temp_6 min_temp_18,min_temp_8 min_temp_9,min_temp_8 max_temp_2,min_temp_8 max_temp_21,min_temp_15 min_temp_21,min_temp_18 avg_temp_6,max_temp_3 avg_temp_8,max_temp_5 max_temp_15,max_temp_7 avg_temp_18,max_temp_7 avg_temp_19,avg_temp_7 avg_temp_19
0,35537.9347826087,2416.476247749721,565.8940655679615,-4074.371088154119,-877.1921048996115,-1416.2485982878104,-6978.584293851619,-4850.976251213283,-5955.537581215827,-509.7902129698412,554.8908304545645,-909.1058002126337,5427.094347041715,-8787.202825850862,3418.4956503298313,2407.239214137287,15592.822423094049,929.4485067675035,2017.0685523222583,9290.756649436136,4358.780277368196,3024.236697185683,3509.6931569100634,5256.201134380596,2516.42017827603,5363.606198842422,5274.270006163958,1538.0279091186378,509.7526825513545,3790.8293254466366,6865.256967668534,4253.080981873002,-12482.446670502315,-16837.963964910097,-3208.7175064037683,-4369.203625907087,-7265.456038569721
