,intercept,Agricultural Land Mass,min_temp_4 min_temp_16,min_temp_6 min_temp_16,min_temp_6 max_temp_16,min_temp_6 avg_temp_16,min_temp_8 min_temp_19,min_temp_16 max_temp_4,min_temp_17 max_temp_6,min_temp_17 avg_temp_9,max_temp_4 avg_temp_16,avg_temp_4 avg_temp_16,Agricultural Land Mass^2
0,40180.86956523164,2215895.216008877,874568.7259947073,1503607.7728479633,1399534.2508704946,-2727924.50381305,6686.432920913776,-1207794.7759523268,8199.893665719585,4069.023895551318,2005921.4016920533,-1781392.1453136406,-2213302.5299944878
