,intercept,Agricultural Land Mass,Agricultural Land Mass^2
0,41801.543478972184,15178075.88919716,-15183557.142847935
