,intercept,Agricultural Land Mass,min_temp_4 min_temp_16,min_temp_6 min_temp_16,min_temp_6 max_temp_16,min_temp_6 avg_temp_16,min_temp_8 min_temp_19,min_temp_16 max_temp_4,min_temp_17 max_temp_6,min_temp_17 avg_temp_9,max_temp_4 avg_temp_16,avg_temp_4 avg_temp_16,Agricultural Land Mass^2
0,35555.91304364373,2174686.0840337197,791090.2235544263,1050824.2775218273,811914.6336884699,-1692720.9868407806,5490.351170676291,-1101427.657757923,6067.732736235514,-931.8090704321846,1794748.5912683823,-1595301.029441992,-2172669.897936644
