,intercept,Agricultural Land Mass,min_temp_4 min_temp_16,min_temp_6 min_temp_16,min_temp_6 max_temp_16,min_temp_6 avg_temp_16,min_temp_8 min_temp_19,min_temp_16 max_temp_4,min_temp_17 max_temp_6,min_temp_17 avg_temp_9,max_temp_4 avg_temp_16,avg_temp_4 avg_temp_16,Agricultural Land Mass^2
0,37281.69565239479,4609474.881501493,422537.7324295711,641698.7719231712,646421.5316602512,-1221394.302802067,4836.886320954579,-521361.4346273609,8068.578040630626,8592.288313972904,942645.7200918901,-874366.4301688418,-4608551.388577714
