,intercept,Agricultural Land Mass,precip_5 max_temp_8,min_temp_4 min_temp_16,min_temp_5 min_temp_17,min_temp_5 max_temp_17,min_temp_6 min_temp_8,min_temp_7 max_temp_16,min_temp_8 min_temp_16,min_temp_9 max_temp_12,min_temp_9 max_temp_18,min_temp_16 max_temp_3,min_temp_16 max_temp_20,min_temp_18 max_temp_2,min_temp_18 max_temp_6,min_temp_19 avg_temp_7,min_temp_20 max_temp_17,min_temp_20 avg_temp_21,min_temp_21 max_temp_15,max_temp_7 max_temp_16,max_temp_8 avg_temp_19,max_temp_18 avg_temp_6
0,37700.49999999999,782.0503032278467,-43.71351615457513,5948.781548345194,12499.244250081969,5219.848425427891,1357.9639720415908,-5700.7226472516795,17928.657828118972,5323.622728411027,2436.4960385914537,-7235.208442932848,112.13579261303045,-1386.4987890571326,3778.784771463496,-5599.725008123746,630.5711436495798,2380.488834442163,-1215.211043140888,-877.6034800170856,-5483.489513624267,497.05680287210555
