,intercept,Agricultural Land Mass,precip_1 max_temp_13,precip_3 precip_10,precip_5 max_temp_4,precip_7 precip_19,precip_9 min_temp_10,precip_10 max_temp_13,precip_12 max_temp_23,min_temp_0 min_temp_2,min_temp_2 min_temp_12,min_temp_3 max_temp_12,min_temp_3 avg_temp_10,min_temp_4 min_temp_9,min_temp_4 avg_temp_14,min_temp_4 avg_temp_16,min_temp_5 min_temp_15,min_temp_5 min_temp_17,min_temp_5 max_temp_16,min_temp_5 max_temp_20,min_temp_5 avg_temp_17,min_temp_5 avg_temp_21,min_temp_6^2,min_temp_7 avg_temp_19,min_temp_8 min_temp_17,min_temp_8 max_temp_21,min_temp_9 min_temp_15,min_temp_18 max_temp_9,min_temp_20 max_temp_9,max_temp_3 max_temp_8,max_temp_5 max_temp_15,max_temp_9 avg_temp_8,max_temp_18 max_temp_19,avg_temp_3 avg_temp_22,avg_temp_12 avg_temp_23
0,36736.95652173888,4282.712942715479,-1064.0112205027744,1506.6479898520133,-2670.2663128564586,-6875.83332371722,-943.7537572393455,-2956.2880262414396,2634.799962358104,3912.536151837147,-6665.336977085003,1894.2532027709558,-1171.7115489252997,3484.027320333943,5264.382422497045,7148.353256917608,1165.3614362690096,7820.167873393182,6559.983443415216,5123.608659908342,1363.6234384501545,4454.865743835745,1840.0895844330105,-9327.180002255574,9438.510683850362,7372.995571230464,2117.233222133748,-910.9051614127133,-122.9661111987135,-6534.103637559796,-1425.416234400024,-5718.400756428545,-1555.3751727622384,-6758.3558325879085,7355.165098991782
