,intercept,Agricultural Land Mass,min_temp_4 min_temp_16,min_temp_6 min_temp_16,min_temp_8 min_temp_19,min_temp_16 max_temp_4,min_temp_17 max_temp_6,max_temp_4 avg_temp_16
0,35503.36956521746,999.4970948855229,29850.403742277176,14249.31908994923,1809.2352807639413,-20351.67506864819,7548.637969739252,-7176.6628910989175
