,intercept,Agricultural Land Mass,precip_5 max_temp_8,min_temp_4 min_temp_16,min_temp_5 min_temp_16,min_temp_5 min_temp_17,min_temp_5 max_temp_17,min_temp_6 min_temp_8,min_temp_6 max_temp_18,min_temp_7 max_temp_16,min_temp_8 min_temp_16,min_temp_9 max_temp_12,min_temp_9 max_temp_19,min_temp_16 max_temp_3,min_temp_18 max_temp_2,min_temp_19 avg_temp_7,min_temp_20 avg_temp_16,min_temp_20 avg_temp_21,max_temp_7 avg_temp_18,max_temp_8 max_temp_19,max_temp_18 avg_temp_6
0,38248.347826086996,513.9216249163311,-4296.379977198217,13770.009125245686,11162.17345941417,7501.616965183865,2180.3622167549174,8479.24118739708,2009.233217182528,-9573.38559962904,8443.744066821246,6911.502796550401,-3049.499070469946,-12960.001067059118,-3093.835183847546,-4006.7282379394906,3089.1315381808345,4215.767748177352,-584.2886088444296,-8950.617561528472,5013.852125248052
