,intercept,Agricultural Land Mass,precip_5 max_temp_8,min_temp_4 min_temp_16,min_temp_5 min_temp_16,min_temp_5 min_temp_17,min_temp_6 min_temp_8,min_temp_6 max_temp_16,min_temp_7 max_temp_16,min_temp_8 min_temp_16,min_temp_9 max_temp_12,min_temp_16 max_temp_3,min_temp_17 avg_temp_9,min_temp_18 max_temp_2,min_temp_19 avg_temp_7,min_temp_20 avg_temp_21,min_temp_21 avg_temp_3,max_temp_8 max_temp_19,avg_temp_16 avg_temp_18
0,36632.673913043545,2288.8229122804905,-2971.499010722657,11562.16819287779,5997.78964256191,14900.907351163183,6880.611753363197,4873.73086279092,-8157.2354070109195,9333.152458650728,5422.182949674032,-15372.001662140394,-2428.532317947369,625.0553622919116,-5917.267938736129,5836.824439446545,95.13309561452418,-6629.102094846716,3389.5160908560324
