,intercept,Agricultural Land Mass,precip_5 max_temp_8,min_temp_4 min_temp_16,min_temp_4 avg_temp_16,min_temp_5 min_temp_16,min_temp_5 min_temp_17,min_temp_6 min_temp_8,min_temp_6 min_temp_18,min_temp_6 max_temp_16,min_temp_6 avg_temp_18,min_temp_7 max_temp_16,min_temp_8 min_temp_16,min_temp_9 min_temp_21,min_temp_16 max_temp_3,min_temp_18 max_temp_2,min_temp_19 avg_temp_7,min_temp_20 avg_temp_16,min_temp_20 avg_temp_21,max_temp_8 max_temp_19
0,34629.76086956529,1054.4885636358292,-5276.7850096279,8592.72323554454,4185.1232405227565,8965.181946104265,7522.6762211068635,4484.474290090292,831.0077919852228,4491.939969880927,1951.3397671221667,-7658.387383142442,9525.498842170888,4062.4069216500757,-14686.995696483245,-2395.0659513418723,-4760.33563555296,777.6993371512774,7846.223327074516,-5745.603474823206
