,intercept,Agricultural Land Mass,min_temp_4 min_temp_16,Agricultural Land Mass^2
0,35946.500000095504,11023129.912184171,19106.641992959794,-11022181.212253682
