,intercept,Agricultural Land Mass,min_temp_4 min_temp_16,min_temp_6 min_temp_16,min_temp_6 max_temp_16,min_temp_6 avg_temp_16,min_temp_8 min_temp_19,min_temp_17 max_temp_6,min_temp_17 avg_temp_9,max_temp_4 avg_temp_16
0,36225.15217391307,464.5755399862618,18465.32181498952,2808.6309544224896,5021.080287988747,19.624693668022267,2800.3310073352027,8549.563072277659,2057.2876288106945,-13368.213821494295
