,intercept,precip_5 max_temp_8,min_temp_4 min_temp_16,min_temp_5 min_temp_16,min_temp_5 min_temp_17,min_temp_5 max_temp_17,min_temp_6 max_temp_16,min_temp_6 max_temp_18,min_temp_6 avg_temp_18,min_temp_7 max_temp_16,min_temp_8 min_temp_16,min_temp_9 max_temp_12,min_temp_9 max_temp_19,min_temp_16 max_temp_3,min_temp_18 min_temp_19,min_temp_18 max_temp_2,min_temp_19 avg_temp_7,min_temp_20 max_temp_17,min_temp_21 max_temp_15,max_temp_17 avg_temp_5,avg_temp_16 avg_temp_18
0,39837.82608695664,-5881.662836735302,12937.568416029122,7588.287020407389,7029.363296120618,7306.740543857008,125.78322553405076,1341.6508335987396,10284.037342461312,-14230.293580027976,3777.425071044306,9415.50587660891,-1581.9018314079192,-12382.851469001635,3694.857590232812,-2297.5116699769496,-1853.9720388897495,-4969.662651679426,2565.624517525477,811.5136333321277,6763.856873405845
