,intercept,Agricultural Land Mass,min_temp_4 min_temp_16,min_temp_6 max_temp_16,min_temp_8 min_temp_19,min_temp_16 max_temp_4,min_temp_17 max_temp_6,min_temp_17 avg_temp_9,max_temp_4 avg_temp_16
0,40398.80434782609,1015.5743852196662,20984.475760706304,2892.271943547825,11791.123370313913,-6812.308173324833,9074.42148775713,5335.259144153975,-10641.15772419972
