,intercept,Agricultural Land Mass,precip_5 max_temp_8,min_temp_4 min_temp_16,min_temp_4 max_temp_21,min_temp_5 min_temp_16,min_temp_5 max_temp_17,min_temp_6 max_temp_18,min_temp_7 max_temp_16,min_temp_8 min_temp_16,min_temp_8 avg_temp_9,min_temp_9 min_temp_21,min_temp_9 max_temp_12,min_temp_16 max_temp_3,min_temp_16 avg_temp_4,min_temp_17 avg_temp_9,min_temp_18 min_temp_19,min_temp_19 avg_temp_7,min_temp_20 avg_temp_21,max_temp_8 max_temp_19,max_temp_18 avg_temp_6,avg_temp_16 avg_temp_18
0,38028.06521739144,2106.206737608932,-2852.081245279181,11453.612591126512,-4843.290935116698,1168.6976599448753,15788.832622053236,1201.2337154516329,-17165.108769340844,14819.590677880622,181.76048262576302,7767.574092311636,112.0254356683435,-16078.411846034176,12465.50567823181,2658.6161503674207,5489.600854692288,-4056.0087864775605,-1741.292043987336,-5587.3269436896435,7521.3841877086925,15.3257577788452
