,intercept,Agricultural Land Mass,min_temp_4 min_temp_16,min_temp_6 min_temp_16,min_temp_6 max_temp_16,min_temp_6 avg_temp_16,min_temp_8 min_temp_19,min_temp_16 max_temp_4,min_temp_17 max_temp_6,min_temp_17 avg_temp_9,max_temp_4 avg_temp_16,avg_temp_4 avg_temp_16,Agricultural Land Mass^2
0,40555.78260877319,2628170.6183367325,863270.335890156,1290165.0847132932,1171610.0056914126,-2308729.0150317443,8524.764650928304,-1130140.481306595,8617.63507987545,1820.5757556561184,1922123.338887442,-1746900.4269285284,-2625797.898359383
