,intercept,min_temp_4 min_temp_16,min_temp_6 avg_temp_16,min_temp_8 min_temp_19,min_temp_16 max_temp_4,min_temp_17 max_temp_6,min_temp_17 avg_temp_9,max_temp_4 avg_temp_16,Agricultural Land Mass^2
0,39393.826086956564,17026.08126901146,-3466.0243638341117,6175.200751912618,-6013.033498255157,11683.187156241169,8068.703990019068,-4072.689078677594,-2643.64773783866
