,intercept,Agricultural Land Mass,min_temp_4 min_temp_16,min_temp_6 min_temp_16,min_temp_6 max_temp_16,min_temp_6 avg_temp_16,min_temp_8 min_temp_19,min_temp_16 max_temp_4,min_temp_17 max_temp_6,min_temp_17 avg_temp_9,max_temp_4 avg_temp_16,avg_temp_4 avg_temp_16,Agricultural Land Mass^2
0,39647.47826109005,3696370.2104698955,618232.4966860868,543881.2090642793,158962.44044594298,-571664.7850797387,9151.368422550539,-948654.426750785,5482.991655162588,3564.1835959614104,1448984.0668613263,-1217787.5633242116,-3696039.7538959933
