,intercept,Agricultural Land Mass,precip_5 max_temp_8,min_temp_4 min_temp_16,min_temp_5 min_temp_16,min_temp_5 max_temp_17,min_temp_6 min_temp_8,min_temp_6 min_temp_18,min_temp_6 max_temp_16,min_temp_7 max_temp_16,min_temp_8 min_temp_16,min_temp_9 max_temp_12,min_temp_16 min_temp_17,min_temp_16 max_temp_3,min_temp_19 avg_temp_7,min_temp_20 avg_temp_16,min_temp_20 avg_temp_21,max_temp_7 avg_temp_18,max_temp_8 max_temp_19
0,37107.847826086894,970.9610978757164,-3166.015137897494,18418.648606136027,7769.957394871642,8993.5223926882,1015.1226155278438,13351.935230316005,989.3610258156466,-15794.84094075053,14883.218170978822,1885.7904618016003,2530.3711047939046,-20619.186963218734,-963.638812359509,2226.686860189337,3848.5398845754776,-4740.828082792435,-7773.560550147293
