,intercept,Agricultural Land Mass,precip_5 max_temp_8,min_temp_4 min_temp_16,min_temp_5 min_temp_16,min_temp_5 min_temp_17,min_temp_5 max_temp_17,min_temp_6 min_temp_8,min_temp_6 max_temp_18,min_temp_6 max_temp_19,min_temp_7 max_temp_16,min_temp_8 min_temp_16,min_temp_8 avg_temp_9,min_temp_9 min_temp_21,min_temp_9 max_temp_12,min_temp_16 max_temp_3,min_temp_16 max_temp_20,min_temp_16 max_temp_21,min_temp_17 avg_temp_9,min_temp_18 max_temp_2,min_temp_19 avg_temp_7,min_temp_21 max_temp_15,max_temp_8 avg_temp_19
0,37197.282608695685,914.6916479007705,-1540.7143183293265,9951.705569513602,832.6364571460543,11455.832687507575,6793.5797094786,2204.7737866414022,4272.741189739917,1835.9097395961219,-8050.34726279941,6799.969151906897,-1980.5903265198626,3833.374105666672,5633.995467350486,-7448.505789601902,4360.625513254284,1793.8155203900164,-2806.96335812675,-50.289681664950436,-6777.903724291384,-2297.250993402584,-49.926293279069874
