,intercept,Agricultural Land Mass,Agricultural Land Mass^2
0,39885.673912998755,13679986.798566198,-13685247.559324715
