,intercept,min_temp_16,Agricultural Land Mass,precip_5^2,precip_5 max_temp_6,precip_5 max_temp_8,min_temp_4 min_temp_16,min_temp_4 min_temp_17,min_temp_4 max_temp_21,min_temp_4 avg_temp_3,min_temp_4 avg_temp_16,min_temp_4 avg_temp_21,min_temp_5 max_temp_17,min_temp_6 min_temp_8,min_temp_6 min_temp_16,min_temp_6 min_temp_18,min_temp_6 min_temp_19,min_temp_6 max_temp_18,min_temp_6 avg_temp_17,min_temp_6 avg_temp_18,min_temp_7 min_temp_16,min_temp_7 max_temp_16,min_temp_7 avg_temp_16,min_temp_8 min_temp_16,min_temp_8 min_temp_19,min_temp_8 avg_temp_9,min_temp_9 min_temp_21,min_temp_9 max_temp_12,min_temp_9 max_temp_19,min_temp_16 min_temp_17,min_temp_16 max_temp_3,min_temp_16 max_temp_5,min_temp_16 max_temp_20,min_temp_16 max_temp_21,min_temp_16 avg_temp_4,min_temp_16 avg_temp_5,min_temp_16 avg_temp_7,min_temp_16 avg_temp_19,min_temp_16 Agricultural Land Mass,min_temp_17 min_temp_18,min_temp_17 max_temp_6,min_temp_17 max_temp_7,min_temp_17 avg_temp_9,min_temp_18 min_temp_19,min_temp_18 max_temp_2,min_temp_19 avg_temp_8,min_temp_20 max_temp_17,min_temp_20 avg_temp_16,min_temp_20 avg_temp_21,min_temp_21 max_temp_15,min_temp_21 avg_temp_3,max_temp_4 avg_temp_16,max_temp_6 max_temp_16,max_temp_8 avg_temp_19,max_temp_18 avg_temp_6,avg_temp_4 avg_temp_16,avg_temp_4 avg_temp_17,avg_temp_9 avg_temp_21,Agricultural Land Mass^2
0,37823.50000000037,-59647.48454922368,772.7982316129538,-7216.539622404782,-24534.878451070857,26385.057806021192,90825.61822619977,-7874.493552517583,-92768.22907571183,54684.292616103005,7735.06455343059,-9004.930119797344,24701.836411314198,99679.0965112065,14954.264163112119,-42024.66376580575,-24659.86275619507,-2020.3262052270352,14721.593867690275,-754.5072294218711,-20627.424987465398,-3383.3626321519273,-988.7853662637557,90632.9750682026,-94198.7281852418,-61443.16064564066,-33057.113155349805,10599.998736487902,15542.65259834921,86045.68268008326,-91556.06881719427,-41239.65814720733,37203.14870888672,27531.165186391143,7227.397202490173,-720.8760729194354,-1500.1407577195725,-38841.31812812491,-32900.02272831323,-43296.91984651376,-18196.470947091755,-6761.864361373495,48074.95179395348,103106.36842875803,-1935.2649329067858,-11102.228885732666,-63912.15919949487,-9960.543471322831,87214.28284198715,-11409.101801678265,-5134.208178501663,10736.15762869518,1295.5398681017589,-7813.7144456000915,6428.258501875655,436.9342293368537,1012.457492126929,14546.293385905201,2137.6099056897006
