,intercept,Agricultural Land Mass,Agricultural Land Mass^2
0,39350.4565213217,14029541.7706412,-14035388.086816901
