,intercept,Agricultural Land Mass,min_temp_4 min_temp_16,min_temp_6 max_temp_16,min_temp_8 min_temp_19,min_temp_16 max_temp_4,min_temp_17 max_temp_6,min_temp_17 avg_temp_9,max_temp_4 avg_temp_16
0,36936.23913043482,443.25709126744425,21820.412240153877,11365.469443434306,3959.9017225221523,-1276.1302830870318,8453.33567729121,336.0416743060712,-17766.66889238314
