,intercept,Agricultural Land Mass,min_temp_4 min_temp_16,min_temp_6 min_temp_16,min_temp_6 max_temp_16,min_temp_6 avg_temp_16,min_temp_8 min_temp_19,min_temp_16 max_temp_4,min_temp_17 max_temp_6,min_temp_17 avg_temp_9,max_temp_4 avg_temp_16,avg_temp_4 avg_temp_16,Agricultural Land Mass^2
0,40288.7173913055,64019.44593351158,188258.29128775798,142610.16761670532,2976.4893444091426,-98976.81117195585,10816.65478184762,-294956.2081843068,12212.361238601952,3416.8824671891666,398147.88286773226,-326614.65753905283,-62905.06241679654
