,intercept,Agricultural Land Mass,min_temp_4 min_temp_16,Agricultural Land Mass^2
0,36956.56521800908,9928794.54164439,19975.469095366894,-9927112.574479206
