,intercept,Agricultural Land Mass,min_temp_4 min_temp_16,min_temp_6 min_temp_16,min_temp_6 max_temp_16,min_temp_6 avg_temp_16,min_temp_8 min_temp_19,min_temp_16 max_temp_4,min_temp_17 max_temp_6,min_temp_17 avg_temp_9,max_temp_4 avg_temp_16,avg_temp_4 avg_temp_16,Agricultural Land Mass^2
0,38611.47826089393,1519782.29403909,733662.2671470429,963748.3912713261,797031.6134802295,-1637054.1917737273,10749.35488068269,-967619.8948282492,11062.646486480215,-171.91499829298297,1617782.06409887,-1469689.598102269,-1517077.9373987785
