,intercept,Agricultural Land Mass,precip_5 max_temp_8,min_temp_4 min_temp_16,min_temp_5 min_temp_16,min_temp_5 min_temp_17,min_temp_5 max_temp_17,min_temp_6 min_temp_8,min_temp_6 min_temp_18,min_temp_6 max_temp_16,min_temp_6 avg_temp_18,min_temp_7 max_temp_16,min_temp_8 min_temp_16,min_temp_9 min_temp_21,min_temp_16 max_temp_3,min_temp_18 max_temp_2,min_temp_19 avg_temp_7,min_temp_20 avg_temp_21,max_temp_8 avg_temp_19,avg_temp_16 avg_temp_18
0,35137.56521739135,2575.8841952586063,-947.4912754561967,17115.959725215733,2045.7863657442472,7576.47481644661,2528.20371047032,4755.60931821808,3835.6435844239963,1480.7563555283793,1877.555391774947,-11154.0888531634,5299.793794719748,7753.888228431987,-21251.815945233055,-1451.2761860660391,-6625.152488612327,1511.8637129098192,-6552.66498623397,17836.904769563538
