,intercept,Agricultural Land Mass,Agricultural Land Mass^2
0,41050.89130485488,12257739.97977992,-12267730.864419485
