,intercept,Agricultural Land Mass,precip_5 max_temp_8,min_temp_4 min_temp_16,min_temp_5 min_temp_17,min_temp_5 max_temp_17,min_temp_6 min_temp_8,min_temp_6 max_temp_16,min_temp_7 max_temp_16,min_temp_8 min_temp_16,min_temp_9 min_temp_21,min_temp_9 max_temp_12,min_temp_9 max_temp_18,min_temp_16 max_temp_3,min_temp_16 max_temp_21,min_temp_19 avg_temp_7,min_temp_20 avg_temp_21,min_temp_21 max_temp_15,max_temp_7 avg_temp_18,max_temp_8 max_temp_19,max_temp_17 avg_temp_5,max_temp_18 avg_temp_6
0,34279.152173913084,1025.5785422672423,-1328.4081163017652,7864.852835023694,4760.154984615167,10153.079927513052,3929.2652151742986,1291.9700292834152,-9189.710308060834,13401.497692256256,3569.866489311108,1663.1217398165168,689.8392149446371,-8897.400466203739,5021.6269714946375,-1908.2353076154059,1902.4352560641144,-2830.758450686557,-881.3896555112879,-4523.256327258327,-2610.8930768527903,2452.8278256871545
