,intercept,precip_5^2,min_temp_4 min_temp_16,min_temp_4 max_temp_21,min_temp_5 max_temp_17,min_temp_7 max_temp_16,min_temp_8 avg_temp_5,min_temp_8 avg_temp_9,min_temp_9 max_temp_12,min_temp_9 max_temp_19,min_temp_16 max_temp_3,min_temp_16 avg_temp_4,min_temp_16 avg_temp_18,min_temp_17 avg_temp_9,min_temp_18 min_temp_19,min_temp_18 max_temp_2,min_temp_20 max_temp_17,min_temp_21 avg_temp_3,max_temp_7 avg_temp_18,max_temp_8 max_temp_19,max_temp_18 avg_temp_6,Agricultural Land Mass^2
0,37886.500000000065,-2417.4395888403446,18077.78845173566,-8838.747416131886,14547.609677531118,-16020.459729604003,1220.0441114669309,7498.721551964231,7790.433242545975,-8714.332718381627,-8078.330702362766,6502.71935768058,2238.5602040667472,5450.152681702606,10413.89698351003,560.8131915777416,-4525.960109844582,6605.833283906299,41.38405502947495,-7267.463040772615,2102.2413775355208,-1207.848486375651
