,intercept,Agricultural Land Mass,Agricultural Land Mass^2
0,39882.26086986327,13535523.234936524,-13542512.171070546
