,intercept,Agricultural Land Mass,Agricultural Land Mass^2
0,38244.67391395821,14763890.174263656,-14769290.585934928
