,intercept,Agricultural Land Mass,min_temp_4 min_temp_16,min_temp_6 min_temp_16,min_temp_6 max_temp_16,min_temp_6 avg_temp_16,min_temp_8 min_temp_19,min_temp_16 max_temp_4,min_temp_17 max_temp_6,min_temp_17 avg_temp_9,max_temp_4 avg_temp_16,avg_temp_4 avg_temp_16,Agricultural Land Mass^2
0,39257.39130434754,71116.52091169357,202866.72312343217,149272.3073615923,-22004.984083360203,-76201.73603640491,6530.491066213258,-320699.7519791593,8468.80728316898,4881.741808903297,443797.35679731105,-360031.3401463259,-69025.53808314793
