,intercept,Agricultural Land Mass,min_temp_4 min_temp_16,min_temp_6 min_temp_16,min_temp_6 max_temp_16,min_temp_6 avg_temp_16,min_temp_8 min_temp_19,min_temp_16 max_temp_4,min_temp_17 max_temp_6,min_temp_17 avg_temp_9,max_temp_4 avg_temp_16,avg_temp_4 avg_temp_16,Agricultural Land Mass^2
0,38872.39130431772,1777325.9834319146,731166.3573111922,960316.6207769226,869776.6776421427,-1714668.2558406715,12166.252548491608,-914445.241406136,9990.446779209833,2839.027432088374,1559590.4581437693,-1450330.8441958805,-1772296.5971620255
