,intercept,Agricultural Land Mass,precip_3 precip_10,precip_4 precip_20,precip_5^2,precip_7 precip_19,precip_9 min_temp_2,precip_9 min_temp_10,precip_10 max_temp_13,precip_12 max_temp_23,precip_13 min_temp_2,precip_16 max_temp_20,precip_20 max_temp_22,precip_21 min_temp_13,precip_21 min_temp_22,precip_22 min_temp_2,min_temp_0 max_temp_2,min_temp_2 min_temp_12,min_temp_3 max_temp_12,min_temp_3 avg_temp_8,min_temp_4 max_temp_21,min_temp_4 avg_temp_7,min_temp_4 avg_temp_14,min_temp_5 max_temp_4,min_temp_6 max_temp_18,min_temp_7 avg_temp_6,min_temp_7 avg_temp_19,min_temp_8 max_temp_4,min_temp_15 max_temp_21,min_temp_17 max_temp_4,min_temp_17 avg_temp_9,min_temp_18 max_temp_2,min_temp_19 avg_temp_18,max_temp_3 max_temp_8,max_temp_4 max_temp_16,max_temp_8 max_temp_19,avg_temp_3 avg_temp_22,avg_temp_12 avg_temp_23,avg_temp_18^2
0,36211.23913043474,849.0307534478516,211.56765569635476,3326.750150958676,-5277.663208818871,-3745.276582953949,2700.6384956883803,-385.98039291074576,1506.903937222846,3095.83542085844,-4024.787198635175,-3612.814035328589,-1609.781805195801,-2575.9361525792997,4199.771744118573,8444.25868797339,-501.9659043181438,-2632.47689881519,2605.8166549888674,6487.544270544333,-1350.1071196175978,-7357.346637632335,8714.680802729572,15180.852875017941,13124.690003625756,-12653.614179895294,-5333.568803121463,5522.481272792226,-2040.6607264907973,2496.8743761173637,10709.238230529283,-784.974018155931,2550.3272296498944,-15534.557257592756,1562.963021996215,-4710.0727802561705,-436.16379895044497,4324.242981639948,6883.085022067284
