,intercept,Agricultural Land Mass,Agricultural Land Mass^2
0,39832.260870027196,14515451.852126567,-14523133.174027335
