,intercept,Agricultural Land Mass,min_temp_4 min_temp_16,min_temp_6 min_temp_16,min_temp_6 max_temp_16,min_temp_6 avg_temp_16,min_temp_8 min_temp_19,min_temp_16 max_temp_4,min_temp_17 max_temp_6,min_temp_17 avg_temp_9,max_temp_4 avg_temp_16,avg_temp_4 avg_temp_16,Agricultural Land Mass^2
0,37688.08695651736,2927119.3920615986,456046.76448167564,884004.6508342819,829614.1527841935,-1616111.5851439594,5163.13681116952,-643958.1717942324,6137.031659867767,8946.57561647623,1042006.2616403915,-912838.6562120857,-2925284.4442497944
