,intercept,Agricultural Land Mass,min_temp_4 min_temp_16,min_temp_6 min_temp_16,min_temp_6 max_temp_16,min_temp_6 avg_temp_16,min_temp_8 min_temp_19,min_temp_16 max_temp_4,min_temp_17 max_temp_6,min_temp_17 avg_temp_9,max_temp_4 avg_temp_16,avg_temp_4 avg_temp_16,Agricultural Land Mass^2
0,33913.10869562008,2806862.145085067,415992.6339238421,1448388.6572769335,1719344.740746121,-3076973.2197501333,3544.8494117148916,-499756.6385742491,5897.5438235059,6142.550012157103,894510.5948404395,-839205.8811738172,-2805488.574659051
