,intercept,Agricultural Land Mass,min_temp_4 min_temp_16,min_temp_8 min_temp_19,min_temp_16 max_temp_4,min_temp_17 max_temp_6,min_temp_17 avg_temp_9,max_temp_4 avg_temp_16
0,37946.065217391304,409.5343371659026,19348.07047646461,10840.630040681432,-9657.599957010807,6708.124700672631,8534.323609143798,-3826.2620034230895
