,intercept,Agricultural Land Mass,min_temp_4 min_temp_16,min_temp_6 min_temp_16,min_temp_6 max_temp_16,min_temp_6 avg_temp_16,min_temp_8 min_temp_19,min_temp_16 max_temp_4,min_temp_17 max_temp_6,min_temp_17 avg_temp_9,max_temp_4 avg_temp_16,avg_temp_4 avg_temp_16,Agricultural Land Mass^2
0,33279.934782651006,1353842.1646346813,574653.8004109779,344111.3111712602,452629.4341280411,-775412.7046546119,5366.136521251775,-464626.8078888636,5026.744595791026,8150.536768258815,1099170.049297124,-1195976.068759166,-1352845.7507326563
