,intercept,Agricultural Land Mass,min_temp_4 min_temp_16,min_temp_6 min_temp_16,min_temp_6 max_temp_16,min_temp_6 avg_temp_16,min_temp_8 min_temp_19,min_temp_16 max_temp_4,min_temp_17 max_temp_6,min_temp_17 avg_temp_9,max_temp_4 avg_temp_16,avg_temp_4 avg_temp_16,Agricultural Land Mass^2
0,40022.60869546292,4050278.1838738797,622888.1366468169,1136067.0488108366,964496.8690039734,-1958570.1352825863,9627.61138964172,-976145.0868343682,9348.813940965858,-55.51144878286047,1506946.6383265688,-1249909.247638171,-4050848.2895915937
