,intercept,Agricultural Land Mass,min_temp_4 min_temp_16,min_temp_6 min_temp_16,min_temp_6 max_temp_16,min_temp_6 avg_temp_16,min_temp_8 min_temp_19,min_temp_16 max_temp_4,min_temp_17 max_temp_6,min_temp_17 avg_temp_9,max_temp_4 avg_temp_16,avg_temp_4 avg_temp_16,Agricultural Land Mass^2
0,38694.69565225451,4155260.6185016767,277171.50796175,1282555.213349452,1457864.256047068,-2642095.440652167,6646.884014675592,-471513.19533801207,9926.977742173443,5914.802204476654,667277.41514651,-523283.40394612483,-4155295.732561685
