,intercept,Agricultural Land Mass,precip_5 max_temp_8,min_temp_4 min_temp_16,min_temp_4 max_temp_21,min_temp_5 min_temp_16,min_temp_5 max_temp_17,min_temp_6 max_temp_16,min_temp_6 max_temp_18,min_temp_6 max_temp_19,min_temp_7 max_temp_16,min_temp_9 max_temp_12,min_temp_9 max_temp_19,min_temp_16 max_temp_3,min_temp_18 min_temp_19,min_temp_19 avg_temp_7,min_temp_20 max_temp_17,min_temp_20 avg_temp_21,min_temp_21 max_temp_15,max_temp_8 max_temp_19,max_temp_18 avg_temp_6
0,39781.369565217385,1370.8418317404708,-5233.771686064349,19014.314328836823,-3934.158638043332,6213.568729378059,18260.91555606783,6361.1544186026795,14013.937197663485,-11310.900981010218,-12175.056502626312,9156.108154790314,-2942.876842732876,-12794.279689751076,9909.383401883799,-4700.189552719274,-1834.5321558419098,-1731.2285698292253,5146.558355912833,-1551.4922906215813,1883.5965418633605
