,intercept,Agricultural Land Mass,min_temp_4 min_temp_16,min_temp_6 min_temp_16,min_temp_6 max_temp_16,min_temp_6 avg_temp_16,min_temp_8 min_temp_19,min_temp_16 max_temp_4,min_temp_17 max_temp_6,min_temp_17 avg_temp_9,max_temp_4 avg_temp_16,avg_temp_4 avg_temp_16,Agricultural Land Mass^2
0,39454.91304348151,2870492.4751259047,663797.1375875156,1308758.9035005437,1092559.3851853148,-2227856.210059868,5109.781693743796,-1051871.445464085,10589.821826071133,718.570070400171,1586763.7506204008,-1313706.4487580522,-2870146.770556299
