,intercept,Agricultural Land Mass,min_temp_4 min_temp_16,min_temp_6 min_temp_16,min_temp_6 max_temp_16,min_temp_6 avg_temp_16,min_temp_8 min_temp_19,min_temp_16 max_temp_4,min_temp_17 max_temp_6,min_temp_17 avg_temp_9,max_temp_4 avg_temp_16,avg_temp_4 avg_temp_16,Agricultural Land Mass^2
0,35595.630435002015,5242735.614676444,170133.77439626615,418233.88478094,436966.2121843578,-823336.550310241,8499.495886432318,-258587.7764283972,6352.49089461462,6755.521831800692,407978.77595594083,-336259.7495195964,-5242630.524828344
