,intercept,min_temp_16,Agricultural Land Mass,precip_5^2,precip_5 max_temp_6,min_temp_4 min_temp_16,min_temp_4 max_temp_21,min_temp_4 avg_temp_3,min_temp_4 avg_temp_17,min_temp_4 avg_temp_21,min_temp_5 min_temp_17,min_temp_6 min_temp_18,min_temp_7 min_temp_16,min_temp_8 min_temp_16,min_temp_8 max_temp_19,min_temp_8 avg_temp_5,min_temp_9 min_temp_21,min_temp_9 max_temp_12,min_temp_9 max_temp_18,min_temp_16 min_temp_17,min_temp_16 max_temp_3,min_temp_16 max_temp_4,min_temp_16 max_temp_5,min_temp_16 max_temp_20,min_temp_16 max_temp_21,min_temp_16 Agricultural Land Mass,min_temp_17 max_temp_6,min_temp_17 avg_temp_6,min_temp_17 avg_temp_9,min_temp_18 min_temp_19,min_temp_18 max_temp_2,min_temp_18 max_temp_6,min_temp_19 avg_temp_7,min_temp_20 avg_temp_16,min_temp_20 avg_temp_21,min_temp_21 max_temp_15,min_temp_21 avg_temp_3,max_temp_4 avg_temp_16,max_temp_7 avg_temp_18,max_temp_8 max_temp_19,max_temp_18 avg_temp_6,avg_temp_9 avg_temp_21,Agricultural Land Mass^2
0,38882.47826086948,-71386.53613955804,1908.908850287706,-38204.74730091128,31628.081348855536,88273.52823356053,-99049.51365987986,113175.0271926451,-62824.40034293639,3759.706696378858,65174.73434331765,-7539.615328257248,5689.019602312264,98096.6007996849,-23646.744896018015,-22507.024617199935,-35820.939218573425,13558.999060045233,9679.06135773284,66470.30921733215,-140559.993747837,3692.261830687683,-42762.1764258311,58369.99468439362,71640.37033260123,-67172.34599830596,-30559.037054952172,-28955.4398850608,6497.616240331865,45334.00910266666,-4027.5715382700077,-14366.838842404282,-23446.57509411854,-38716.645886946346,4977.879691695273,11061.469088751259,-1589.532120703778,38342.13404529642,-7869.000655372411,-14039.237957015855,29252.465044097222,26684.452192745834,653.8927068541008
