,intercept,Agricultural Land Mass,min_temp_4 min_temp_16,Agricultural Land Mass^2
0,37921.02173962489,9084482.16838442,17589.366236946127,-9084191.90145508
