,intercept,Agricultural Land Mass,min_temp_4 min_temp_16,min_temp_6 min_temp_16,min_temp_6 max_temp_16,min_temp_6 avg_temp_16,min_temp_8 min_temp_19,min_temp_16 max_temp_4,min_temp_17 max_temp_6,min_temp_17 avg_temp_9,max_temp_4 avg_temp_16,avg_temp_4 avg_temp_16,Agricultural Land Mass^2
0,36456.065217473275,4731156.745830255,473566.95139553666,1156065.5988114069,1240494.9017066234,-2293816.872967821,6213.369875100466,-640941.1286611866,9103.245371320238,4198.506700339969,1084676.7855445724,-970517.125545625,-4728636.556400024
