,intercept,Agricultural Land Mass,precip_1 max_temp_13,precip_3 precip_10,precip_5 min_temp_16,precip_7 precip_19,precip_9 min_temp_10,precip_10 max_temp_13,precip_12 max_temp_23,precip_16 min_temp_0,precip_16 avg_temp_5,precip_20 max_temp_22,min_temp_0 min_temp_2,min_temp_2 min_temp_12,min_temp_3 max_temp_12,min_temp_3 avg_temp_10,min_temp_4 min_temp_6,min_temp_4 avg_temp_14,min_temp_5 min_temp_21,min_temp_5 max_temp_16,min_temp_5 max_temp_20,min_temp_6 max_temp_18,min_temp_7 min_temp_20,min_temp_8 min_temp_17,min_temp_8 max_temp_20,min_temp_8 max_temp_21,min_temp_9 min_temp_15,min_temp_20 max_temp_7,max_temp_3 max_temp_8,max_temp_5 max_temp_15,max_temp_5 avg_temp_8,max_temp_6 avg_temp_5,max_temp_7 max_temp_17,max_temp_7 avg_temp_19,max_temp_8 max_temp_19,max_temp_14 avg_temp_8,max_temp_14 avg_temp_9,max_temp_16 max_temp_21,max_temp_18 avg_temp_16,avg_temp_3 avg_temp_22,avg_temp_12 avg_temp_23
0,35800.34782608688,1412.8048916712303,-1940.6839516223754,2409.932452413682,-6076.4773021924675,-8260.038833698643,-5343.055229208818,-10554.018571741224,4770.642483350046,1656.6397940626382,-1643.150835306962,4102.613512898171,13104.680761439282,-9696.045211279396,5350.928328632119,96.36184702340944,6780.739449662238,14880.823555009467,268.7569287792698,14654.364272809684,16973.892394679144,14589.717685123356,-4690.715889639902,7306.273508364036,3765.089563713351,6960.0483528398545,9155.25715341141,-7194.861774205966,-7536.643510180538,-10043.593904469843,-4390.385256324593,-6415.5808361097925,-3679.0475227439565,-7188.009801474411,-9467.9125192346,-854.4911676469337,-3763.431046010794,6570.357504499112,1437.3105557634797,-5092.712043697681,4372.842681573445
