,intercept,Agricultural Land Mass,precip_5 max_temp_8,min_temp_4 min_temp_16,min_temp_5 min_temp_17,min_temp_6 min_temp_8,min_temp_6 max_temp_16,min_temp_6 max_temp_18,min_temp_6 avg_temp_6,min_temp_7 max_temp_16,min_temp_7 avg_temp_16,min_temp_8 min_temp_16,min_temp_9 max_temp_12,min_temp_9 max_temp_19,min_temp_16 max_temp_3,min_temp_16 max_temp_21,min_temp_17 max_temp_6,min_temp_17 max_temp_7,min_temp_18 max_temp_2,min_temp_19 avg_temp_7,min_temp_20 avg_temp_21,max_temp_8 max_temp_19,max_temp_17 avg_temp_5,avg_temp_9 avg_temp_21,avg_temp_16 avg_temp_18
0,34717.39130434777,3353.3033815315785,-1593.6086433018042,18068.1650213983,21699.51968754065,8845.514350110509,8054.403726587257,4745.628615416302,-5626.801262551756,-7823.749196966295,-2771.75089913169,3507.9217214730384,6054.188219377163,-4465.612722515479,-25350.74066824532,384.4585722336196,-2324.397775492303,-4530.464031146924,-1159.3593369516636,-4766.8460631095595,2977.5317873723693,-8682.286708432264,-2366.127016578692,6315.917697401253,16951.531528509207
