,intercept,Agricultural Land Mass,min_temp_4 min_temp_16,min_temp_6 min_temp_16,min_temp_6 max_temp_16,min_temp_6 avg_temp_16,min_temp_8 min_temp_19,min_temp_16 max_temp_4,min_temp_17 max_temp_6,min_temp_17 avg_temp_9,max_temp_4 avg_temp_16,avg_temp_4 avg_temp_16,Agricultural Land Mass^2
0,38917.93478271769,1634213.022708317,792252.2991021847,1429714.7590285703,1324894.7040305084,-2585037.2010441315,8316.906746522776,-1062896.066578732,12795.450643429274,778.2387920522524,1720534.387478832,-1559223.1565761822,-1631496.8330415888
