,intercept,min_temp_16,precip_5^2,precip_5 max_temp_6,min_temp_4 min_temp_16,min_temp_4 max_temp_21,min_temp_4 avg_temp_3,min_temp_4 avg_temp_21,min_temp_5 min_temp_17,min_temp_5 max_temp_17,min_temp_6 min_temp_17,min_temp_6 min_temp_18,min_temp_6 max_temp_19,min_temp_6 avg_temp_6,min_temp_7 max_temp_16,min_temp_8 min_temp_16,min_temp_8 min_temp_19,min_temp_8 avg_temp_5,min_temp_9 min_temp_21,min_temp_9 max_temp_12,min_temp_9 max_temp_18,min_temp_16 max_temp_3,min_temp_16 max_temp_4,min_temp_16 max_temp_20,min_temp_16 max_temp_21,min_temp_16 avg_temp_4,min_temp_16 avg_temp_5,min_temp_16 avg_temp_6,min_temp_16 avg_temp_19,min_temp_16 Agricultural Land Mass,min_temp_17 avg_temp_9,min_temp_18 min_temp_19,min_temp_18 max_temp_2,min_temp_18 max_temp_6,min_temp_19 avg_temp_7,min_temp_20 max_temp_17,min_temp_21 max_temp_15,min_temp_21 avg_temp_3,max_temp_7 max_temp_16,max_temp_8 avg_temp_19,max_temp_17 avg_temp_5,max_temp_18 avg_temp_6,avg_temp_9 avg_temp_21,Agricultural Land Mass^2
0,37377.91304347869,-45299.57762269029,-40338.162858896314,31690.844747966734,64421.54150630285,-213131.4375790026,103109.907099943,97601.12234216697,64015.36610972356,8045.528485268604,-54404.346025686595,-1616.1332492890042,13394.4737606473,19891.850675354664,-10508.434140209582,43904.50576071071,12023.2641350404,-28235.96276723191,-42249.09063847185,11299.224056390634,10020.036786810933,-127961.20436687302,55839.90582116326,21318.637768166165,145433.19450226237,7.383586037690097,-17689.011161927716,-45461.04999866573,-63805.353033130756,-3446.1649304531506,23630.92168482769,47609.78611855469,-2100.442804260985,-23537.576649754592,-16815.545820568226,-9820.43975214012,-6432.146721747695,-90.46749143142563,12532.682629060413,-18177.038551513477,-16098.465969729788,13017.840328007005,7108.470530436073,3045.51201020826
