,intercept,Agricultural Land Mass,Agricultural Land Mass^2
0,40325.73913042358,13225328.208058186,-13229125.921380656
