,intercept,Agricultural Land Mass,Agricultural Land Mass^2
0,39820.108695591465,12938597.287549863,-12944956.345300164
