,intercept,Agricultural Land Mass,min_temp_4 min_temp_16,min_temp_6 min_temp_16,min_temp_6 max_temp_16,min_temp_6 avg_temp_16,min_temp_8 min_temp_19,min_temp_16 max_temp_4,min_temp_17 max_temp_6,min_temp_17 avg_temp_9,max_temp_4 avg_temp_16,avg_temp_4 avg_temp_16,Agricultural Land Mass^2
0,37432.456521912,2599609.11036448,674986.5053297882,1036491.2693415281,842645.6771559977,-1740057.1757377677,6932.526104742787,-948920.5642333969,8505.99839649743,4116.000136878393,1543396.0993330472,-1358762.0710226325,-2598191.595200434
