,intercept,Agricultural Land Mass,precip_5 max_temp_6,min_temp_4 min_temp_16,min_temp_4 max_temp_21,min_temp_5 max_temp_17,min_temp_6 min_temp_18,min_temp_6 max_temp_19,min_temp_7 max_temp_16,min_temp_8 avg_temp_9,min_temp_9 max_temp_12,min_temp_9 max_temp_19,min_temp_16 max_temp_3,min_temp_16 avg_temp_4,min_temp_17 max_temp_6,min_temp_17 max_temp_7,min_temp_17 avg_temp_9,min_temp_18 min_temp_19,min_temp_18 max_temp_2,min_temp_18 max_temp_6,min_temp_20 avg_temp_21,min_temp_21 max_temp_15,max_temp_7 avg_temp_18,max_temp_8 max_temp_19,avg_temp_4 avg_temp_17,avg_temp_6 avg_temp_18
0,37275.78260869583,766.7769812253047,-2041.2450067347502,13552.071042475101,-8867.061868573084,19525.194067369514,317.4689179689322,-274.5154393717005,-16526.31612685458,3594.522705727813,7605.5797516150515,-7938.725015469012,-10204.341939485623,13924.556188919227,-1819.0762454729233,-5303.421766196349,3307.998740079854,9019.563304956568,1972.3790471774223,1068.9036938195472,-2527.5164125380707,8366.14899210084,1279.7495560207503,-7408.810841482394,793.9091956693991,8327.912944844526
