,intercept,Agricultural Land Mass,min_temp_4 min_temp_16,min_temp_6 min_temp_16,min_temp_6 max_temp_16,min_temp_6 avg_temp_16,min_temp_8 min_temp_19,min_temp_16 max_temp_4,min_temp_17 max_temp_6,min_temp_17 avg_temp_9,max_temp_4 avg_temp_16,avg_temp_4 avg_temp_16,Agricultural Land Mass^2
0,37290.608695699506,1847450.8598625306,820398.5847322639,1345548.64634092,1132601.440843231,-2289744.4867187026,2041.35396817255,-1173739.1784325328,7875.275171759001,-44.93747375885474,1877506.8820564265,-1646451.9254141748,-1845875.2454928344
