,intercept,Agricultural Land Mass,min_temp_4 min_temp_16,min_temp_6 min_temp_16,min_temp_6 max_temp_16,min_temp_6 avg_temp_16,min_temp_8 min_temp_19,min_temp_16 max_temp_4,min_temp_17 max_temp_6,min_temp_17 avg_temp_9,max_temp_4 avg_temp_16,avg_temp_4 avg_temp_16,Agricultural Land Mass^2
0,38383.71739138457,2302603.018738385,788415.3706471443,1224858.310550463,996674.4456247602,-2047479.4772282757,5641.211682707378,-1129547.8690855596,7851.201143797384,5980.819894265565,1791373.2220616126,-1568527.1347913765,-2300062.154372187
