,intercept,Agricultural Land Mass,min_temp_4 min_temp_16,min_temp_6 min_temp_16,min_temp_6 max_temp_16,min_temp_6 avg_temp_16,min_temp_8 min_temp_19,min_temp_16 max_temp_4,min_temp_17 max_temp_6,min_temp_17 avg_temp_9,max_temp_4 avg_temp_16,avg_temp_4 avg_temp_16,Agricultural Land Mass^2
0,40615.84782614151,2427527.0020117485,689933.3810896554,1336489.9596919003,1250088.5814583967,-2434107.136938668,8052.795898887592,-962895.879775806,8226.608588954557,3879.2216759433804,1565375.6222190752,-1384908.9865984842,-2425856.6701330263
