,intercept,precip_5^2,min_temp_4 min_temp_16,min_temp_4 max_temp_21,min_temp_5 min_temp_16,min_temp_5 max_temp_17,min_temp_6 min_temp_18,min_temp_7 max_temp_16,min_temp_8 avg_temp_5,min_temp_8 avg_temp_9,min_temp_9 max_temp_12,min_temp_9 max_temp_19,min_temp_16 max_temp_3,min_temp_16 avg_temp_18,min_temp_17 max_temp_6,min_temp_18 max_temp_6,min_temp_19 avg_temp_7,min_temp_21 max_temp_15,max_temp_7 avg_temp_18,max_temp_8 max_temp_19,avg_temp_6 avg_temp_18,Agricultural Land Mass^2
0,36224.3260869566,-3435.2597280918303,32337.64998842714,-13449.51812785731,1.4686358670244422,17882.434898678315,1657.560640775267,-25302.10490908743,77.23772546068422,8158.398052970943,9365.61295776896,-8825.372598414458,-13616.038479902882,10835.360646709356,-2443.9369242853136,675.9618659995693,-2387.0611790859507,5410.85473420922,4957.990097355633,-3454.4233708338015,7266.968825448912,-162.42198227026157
