,intercept,Agricultural Land Mass,min_temp_4 min_temp_16,min_temp_6 min_temp_16,min_temp_6 max_temp_16,min_temp_6 avg_temp_16,min_temp_8 min_temp_19,min_temp_16 max_temp_4,min_temp_17 max_temp_6,min_temp_17 avg_temp_9,max_temp_4 avg_temp_16,avg_temp_4 avg_temp_16,Agricultural Land Mass^2
0,33801.26086947836,3713078.244366647,159140.86052520137,366042.0999136667,423653.7301929305,-764648.9969795177,5996.448395363823,-175805.41144214105,5634.286425327632,6089.151603033893,306030.27301929623,-292366.1930863403,-3713558.041921823
