,intercept,Agricultural Land Mass,min_temp_4 min_temp_16,min_temp_6 min_temp_16,min_temp_6 max_temp_16,min_temp_6 avg_temp_16,min_temp_8 min_temp_19,min_temp_16 max_temp_4,min_temp_17 max_temp_6,min_temp_17 avg_temp_9,max_temp_4 avg_temp_16,avg_temp_4 avg_temp_16,Agricultural Land Mass^2
0,40067.69565202811,2386494.999021425,482265.32549214456,1113600.8352027822,1370841.5433808854,-2415984.751648211,6194.0319303685665,-518433.26115401014,9168.282238377966,6779.7903001259565,1010262.3193053633,-993572.4263130121,-2383874.739947341
