,intercept,min_temp_16,Agricultural Land Mass,precip_5^2,precip_5 max_temp_8,min_temp_4 min_temp_16,min_temp_4 min_temp_17,min_temp_4 max_temp_21,min_temp_4 avg_temp_3,min_temp_4 avg_temp_17,min_temp_5 min_temp_17,min_temp_6 min_temp_8,min_temp_6 min_temp_16,min_temp_6 min_temp_18,min_temp_6 max_temp_19,min_temp_6 avg_temp_6,min_temp_6 avg_temp_18,min_temp_7 min_temp_16,min_temp_7 max_temp_16,min_temp_8 min_temp_16,min_temp_8 min_temp_19,min_temp_8 avg_temp_5,min_temp_9 min_temp_21,min_temp_9 max_temp_12,min_temp_9 max_temp_18,min_temp_9 avg_temp_19,min_temp_16^2,min_temp_16 min_temp_17,min_temp_16 min_temp_18,min_temp_16 max_temp_3,min_temp_16 max_temp_5,min_temp_16 max_temp_20,min_temp_16 avg_temp_4,min_temp_16 avg_temp_6,min_temp_16 Agricultural Land Mass,min_temp_17 max_temp_6,min_temp_17 max_temp_7,min_temp_17 avg_temp_6,min_temp_18 min_temp_19,min_temp_18 max_temp_2,min_temp_19 avg_temp_6,min_temp_19 avg_temp_8,min_temp_20 max_temp_17,min_temp_20 avg_temp_16,min_temp_20 avg_temp_21,min_temp_21 max_temp_15,min_temp_21 avg_temp_3,max_temp_4 avg_temp_16,max_temp_17 avg_temp_5,max_temp_18 avg_temp_6,avg_temp_4 avg_temp_17,avg_temp_9 avg_temp_21,Agricultural Land Mass^2
0,34504.934782608776,-42354.528986121724,814.7488025078422,27199.59112802949,-29740.97017659582,116598.65640174395,-21372.170351742752,-38135.91309145013,33406.80781577518,-46411.86058517596,-1959.9170871037577,95049.93651981217,39879.922890262096,-14307.316775489107,1507.6463568600714,-19471.22040317665,-2430.4779994559494,-4042.609379235593,-10534.923462714425,129223.26611557948,-155679.29430617494,-12883.351431054058,13550.626763821145,-6334.720889203538,-10926.54434026286,7371.409470040211,-134809.3175110482,179800.55514796128,-83693.65678220896,-68289.05903274409,-7157.033262528127,-9674.723493326483,3138.336983426076,23523.838654108455,-22902.116421852115,-40698.98020800574,-2229.917615281003,-126.39800690541729,77189.73562914618,-3393.0757788895394,4455.245144470738,-14995.757553265197,-9283.072383733183,-8511.15091868538,26289.28716069341,-30479.760337897165,4425.823121808474,6963.953427139356,4779.014578653888,18399.569567584833,6005.953796173732,25982.129028579016,5100.247727991378
