,intercept,min_temp_7,precip_1 max_temp_13,precip_3 precip_10,precip_5 min_temp_8,precip_5 max_temp_8,precip_5 avg_temp_8,precip_7 precip_19,precip_9 min_temp_10,precip_10 max_temp_13,precip_12 max_temp_23,precip_22 min_temp_2,precip_22 avg_temp_10,min_temp_0 min_temp_2,min_temp_2 min_temp_12,min_temp_3 avg_temp_8,min_temp_4 min_temp_6,min_temp_4 min_temp_16,min_temp_5 min_temp_8,min_temp_5 min_temp_17,min_temp_5 max_temp_20,min_temp_6 min_temp_18,min_temp_6 max_temp_6,min_temp_6 avg_temp_6,min_temp_6 avg_temp_18,min_temp_8 max_temp_21,min_temp_9 min_temp_15,min_temp_15 min_temp_21,min_temp_16 min_temp_21,max_temp_3 avg_temp_8,max_temp_5 max_temp_15,max_temp_6 avg_temp_20,max_temp_7 avg_temp_19,max_temp_8 max_temp_19,max_temp_8 avg_temp_19,max_temp_14 avg_temp_8,avg_temp_3 avg_temp_22,avg_temp_6 avg_temp_18,avg_temp_12 avg_temp_23
0,36515.0000000001,-11390.412178188599,-56.215335344217415,2970.1665641322493,-2368.953881834984,-1072.886509130516,-2013.8395793975592,-785.5508331854868,-4162.766768904942,-6849.547616715899,-2586.239143092106,-3170.0666991772964,-64.33557435203015,2457.0491746079815,-1760.6170466626766,8001.188553573379,5676.67682511961,11903.426438443512,9116.501628802822,8897.3632406677,2101.822946998682,898.9416870013926,851.2435204295407,727.0680936408775,2937.839426851228,6303.096475960731,1269.3385765382109,357.28438162567227,3203.2415426966118,-16971.887668890085,-701.915145463171,3720.494877760119,-1426.6354933784617,-1920.9727873264208,-3264.8535271062688,-1471.56124307532,-7.2027838675447775,4620.002271928189,8825.513506410238
