,intercept,Agricultural Land Mass,precip_5 max_temp_6,min_temp_4 min_temp_16,min_temp_4 max_temp_21,min_temp_5 max_temp_17,min_temp_6 max_temp_18,min_temp_6 max_temp_19,min_temp_7 max_temp_16,min_temp_9 min_temp_21,min_temp_9 max_temp_12,min_temp_9 max_temp_19,min_temp_16 max_temp_3,min_temp_16 avg_temp_4,min_temp_17 max_temp_7,min_temp_18 min_temp_19,min_temp_19 avg_temp_7,min_temp_21 max_temp_15,max_temp_4 avg_temp_16,max_temp_8 max_temp_19,max_temp_18 avg_temp_6,avg_temp_4 avg_temp_17
0,39324.97826086976,2118.5769561592215,-3346.071978934019,16223.787713956495,-9513.707082309662,18474.31719344162,3158.9324341857546,-3516.8546033889425,-9547.867114364884,-141.47842951582078,10468.326167600319,-4653.272065613801,-9350.167292778611,2358.1742974314493,-736.1287124834266,4560.134781731145,-2312.4350315167007,4099.6989222263355,7619.237502293374,-4710.368160591279,10279.468794290484,281.8856978233642
