,intercept,Agricultural Land Mass,min_temp_4 min_temp_16,min_temp_8 min_temp_19,min_temp_16 max_temp_4,min_temp_17 max_temp_6,min_temp_17 avg_temp_9,max_temp_4 avg_temp_16
0,38219.23913043486,54.79614624556187,21320.06128316357,8096.434815460188,-7986.9484269424065,9130.068527449148,5217.02821828446,-3809.2337738019414
