,intercept,Agricultural Land Mass,precip_5 max_temp_8,min_temp_4 min_temp_16,min_temp_4 max_temp_21,min_temp_5 max_temp_17,min_temp_6 avg_temp_18,min_temp_7 max_temp_16,min_temp_8 avg_temp_9,min_temp_9 max_temp_12,min_temp_9 max_temp_19,min_temp_16 max_temp_3,min_temp_16 avg_temp_4,min_temp_17 max_temp_7,min_temp_18 min_temp_19,min_temp_18 max_temp_2,min_temp_20 avg_temp_21,min_temp_21 max_temp_15,max_temp_8 max_temp_19,avg_temp_4 avg_temp_17,avg_temp_6 avg_temp_18,avg_temp_16 avg_temp_18
0,37754.91304347829,389.03875945606666,-1700.6086380554568,19385.397286506595,-12008.244525738697,15988.60200317521,5610.356402627714,-16221.904515154873,10571.909835521219,6058.456643717049,-8041.609657930058,-13616.237167980113,3128.162436814963,-5134.877822824532,10777.168240172083,1861.6866066507648,-2344.4134234044127,6595.578488432625,-13275.896745502341,6623.902783142765,6355.837976306703,6221.2878858094755
