,intercept,Agricultural Land Mass,precip_5^2,min_temp_4 min_temp_16,min_temp_4 max_temp_21,min_temp_5 min_temp_17,min_temp_5 max_temp_17,min_temp_6 min_temp_8,min_temp_6 avg_temp_6,min_temp_6 avg_temp_18,min_temp_7 max_temp_16,min_temp_8 min_temp_19,min_temp_8 avg_temp_5,min_temp_8 avg_temp_9,min_temp_9 max_temp_12,min_temp_9 max_temp_19,min_temp_16 min_temp_18,min_temp_16 max_temp_3,min_temp_16 avg_temp_4,min_temp_17 max_temp_7,min_temp_17 avg_temp_9,min_temp_18 min_temp_19,min_temp_18 max_temp_2,min_temp_19 avg_temp_7,min_temp_21 max_temp_15,max_temp_8 max_temp_19,max_temp_18 avg_temp_6,avg_temp_16 avg_temp_18
0,37594.652173912946,1896.059603745464,-3242.003053847762,10105.72782325302,-6197.324844596623,3549.826515822822,11114.392922184623,2413.758161756878,357.56813059519226,8611.573514738922,-17264.931301761462,1213.8776819627362,376.77488071811365,3504.6770501857172,7474.194881621656,-8857.720502717097,4306.43015910664,-13296.798962180072,16830.679226095035,-5241.501174857076,5427.443867680958,7079.150987596225,-33.73110761118568,-908.3187935095866,3917.149717387761,-9336.709343831148,3665.544913857719,1910.0056030881074
