,intercept,Agricultural Land Mass,min_temp_4 min_temp_16,min_temp_6 min_temp_16,min_temp_6 max_temp_16,min_temp_6 avg_temp_16,min_temp_8 min_temp_19,min_temp_16 max_temp_4,min_temp_17 max_temp_6,min_temp_17 avg_temp_9,max_temp_4 avg_temp_16,avg_temp_4 avg_temp_16,Agricultural Land Mass^2
0,37732.60869563983,2513941.9125362434,490861.4746245608,1093879.5114003427,1187109.951598136,-2185188.328451369,7051.525380705489,-619837.5532413936,8170.003172758861,5138.598940540547,1073060.4487943978,-989436.8648039083,-2510848.6740650847
