,intercept,Agricultural Land Mass,min_temp_4 min_temp_16,min_temp_6 min_temp_16,min_temp_6 max_temp_16,min_temp_6 avg_temp_16,min_temp_8 min_temp_19,min_temp_16 max_temp_4,min_temp_17 max_temp_6,min_temp_17 avg_temp_9,max_temp_4 avg_temp_16,avg_temp_4 avg_temp_16,Agricultural Land Mass^2
0,37311.804347642326,3280623.5625779205,585679.7786190239,1140584.5400166623,1252194.8421276882,-2299610.388403963,6974.822528142853,-695747.479902646,8313.826259559728,5599.128687607722,1277102.907848766,-1211338.7311535801,-3277730.168784128
