,intercept,Agricultural Land Mass,precip_5 max_temp_6,min_temp_4 min_temp_16,min_temp_4 max_temp_21,min_temp_4 avg_temp_3,min_temp_5 max_temp_17,min_temp_6 max_temp_18,min_temp_6 max_temp_19,min_temp_7 max_temp_16,min_temp_8 avg_temp_9,min_temp_9 max_temp_12,min_temp_9 max_temp_19,min_temp_16 max_temp_3,min_temp_16 avg_temp_4,min_temp_17 max_temp_6,min_temp_17 max_temp_7,min_temp_17 avg_temp_9,min_temp_18 min_temp_19,min_temp_18 max_temp_2,min_temp_21 max_temp_15,max_temp_8 max_temp_19,max_temp_17 avg_temp_5,max_temp_18 avg_temp_6,avg_temp_4 avg_temp_17
0,37584.80434782604,1522.7186539242264,-2303.6245870638727,7314.7987150212575,-12608.356726358974,2516.0268087276313,17722.233640102757,9409.172567675925,-7957.116804794217,-8229.158758527918,10726.064904549416,4071.7103144952816,-11520.21611818373,-17839.737206405174,21321.15392017341,-330.4096955619332,-8678.099207071667,6408.225210378732,16523.442119785956,3200.6291997938692,6076.563028716867,-12917.02997628188,1031.668193870676,1069.8012866469116,2305.0967854176247
