,intercept,Agricultural Land Mass,precip_5^2,min_temp_4 max_temp_21,min_temp_5 max_temp_17,min_temp_6 max_temp_19,min_temp_7 max_temp_16,min_temp_8 avg_temp_9,min_temp_9 max_temp_12,min_temp_9 max_temp_19,min_temp_16 max_temp_3,min_temp_16 max_temp_4,min_temp_16 avg_temp_4,min_temp_17 avg_temp_9,min_temp_18 min_temp_19,min_temp_18 max_temp_2,min_temp_21 max_temp_15,min_temp_21 avg_temp_3,max_temp_4 avg_temp_16,max_temp_8 max_temp_19,max_temp_18 avg_temp_6,avg_temp_4 avg_temp_17,avg_temp_6 avg_temp_18
0,38206.15217391315,1516.3397603414278,-1274.8961462307732,-11054.309269403875,16235.841104708114,-5822.448238275338,-18884.08616185231,8260.970048989326,4903.0320432396475,-5677.936720990491,-15404.516116936076,12357.019514072419,12500.719923248991,1084.1917640057231,6292.928898649339,-564.44205687185,6675.419849373841,1481.2865247173631,9528.760173875611,-7157.510322103683,3037.9002692680037,1830.0950971199495,10457.752826424678
