,intercept,precip_5 max_temp_6,min_temp_4 min_temp_16,min_temp_4 max_temp_21,min_temp_5 min_temp_16,min_temp_5 max_temp_17,min_temp_6 min_temp_18,min_temp_6 max_temp_19,min_temp_6 avg_temp_18,min_temp_7 max_temp_16,min_temp_8 min_temp_16,min_temp_8 avg_temp_9,min_temp_9 max_temp_12,min_temp_9 max_temp_19,min_temp_16 max_temp_3,min_temp_17 avg_temp_9,min_temp_18 min_temp_19,min_temp_18 max_temp_2,min_temp_21 avg_temp_3,max_temp_4 avg_temp_16,max_temp_7 max_temp_16,max_temp_7 avg_temp_18,max_temp_8 max_temp_19
0,38137.630434782644,-5925.325704201818,15454.121757407169,-5205.442526040102,5343.307112648766,16886.016541717578,2132.3249487076814,-1093.7868907017294,5634.59233896061,-28546.909836548024,13922.275407999783,3358.81196770787,7186.071244548433,-7064.79139282936,-20111.067652842594,3964.3701232031726,4320.279703721734,705.3288290955387,5007.663442367414,8699.356275474334,9849.885831869742,232.8529357752293,-7216.148113489488
