,intercept,Agricultural Land Mass,precip_5 max_temp_8,min_temp_4 min_temp_16,min_temp_4 max_temp_21,min_temp_5 max_temp_17,min_temp_6 max_temp_16,min_temp_7 max_temp_16,min_temp_8 min_temp_16,min_temp_8 avg_temp_9,min_temp_16 max_temp_3,min_temp_16 max_temp_20,min_temp_16 avg_temp_4,min_temp_17 max_temp_7,min_temp_17 avg_temp_9,min_temp_18 min_temp_19,min_temp_18 max_temp_2,min_temp_18 max_temp_6,min_temp_20 max_temp_17,min_temp_21 max_temp_15,max_temp_8 max_temp_19,avg_temp_6 avg_temp_18
0,38554.39130434791,296.7278323065367,-5082.164467823582,34339.792057249804,-13986.96237934111,17127.930014619837,7483.246773437254,-28790.015630897684,11291.45124441052,1363.2241147992531,-21127.290602346653,23.30370315889488,5246.722591283889,-1251.3368767202794,1243.85246171088,3222.049302965565,-682.6640672494718,1272.8841572517047,1358.7734881537538,9725.980320521896,-6105.857395359157,11348.167545151531
