,intercept,Agricultural Land Mass,min_temp_4 min_temp_16,min_temp_6 max_temp_16,min_temp_8 min_temp_19,min_temp_16 max_temp_4,min_temp_17 max_temp_6,min_temp_17 avg_temp_9,max_temp_4 avg_temp_16
0,36889.891304347795,1252.1103265293953,19406.422560182637,54.4423599717487,6178.197192190806,-4471.40502592435,8815.78276219916,6244.483899981204,-4721.3240031053865
