,intercept,Agricultural Land Mass,min_temp_4 min_temp_16,min_temp_6 min_temp_16,min_temp_6 max_temp_16,min_temp_6 avg_temp_16,min_temp_8 min_temp_19,min_temp_16 max_temp_4,min_temp_17 max_temp_6,min_temp_17 avg_temp_9,max_temp_4 avg_temp_16,avg_temp_4 avg_temp_16,Agricultural Land Mass^2
0,39808.673913208324,2898939.2479812875,672940.2464965364,632023.2527719804,351011.4433500199,-871056.7048603679,9979.315242862862,-919005.8348797784,8346.591139475047,2886.1181639480833,1519259.3312180443,-1351000.080554426,-2897435.8965722076
