,intercept,Agricultural Land Mass,Agricultural Land Mass^2
0,39395.80434782665,230258.40378651177,-238336.2933046932
