,intercept,Agricultural Land Mass,min_temp_4 min_temp_16,min_temp_6 min_temp_16,min_temp_6 max_temp_16,min_temp_6 avg_temp_16,min_temp_8 min_temp_19,min_temp_16 max_temp_4,min_temp_17 max_temp_6,min_temp_17 avg_temp_9,max_temp_4 avg_temp_16,avg_temp_4 avg_temp_16,Agricultural Land Mass^2
0,34372.21739129403,2628164.2145683477,498857.8113125106,936585.986954457,796414.1026524953,-1606433.4256356067,2428.7758073204277,-756289.790681702,6096.418157973789,1826.0523424720839,1179083.6182791963,-1003760.3023242549,-2627859.2083975608
