,intercept,Agricultural Land Mass,precip_5^2,min_temp_4 max_temp_21,min_temp_5 max_temp_17,min_temp_6 max_temp_18,min_temp_6 avg_temp_18,min_temp_7 max_temp_16,min_temp_8 avg_temp_9,min_temp_16 max_temp_3,min_temp_16 max_temp_4,min_temp_16 avg_temp_4,min_temp_17 avg_temp_9,min_temp_18 min_temp_19,min_temp_19 avg_temp_7,min_temp_20 avg_temp_21,min_temp_21 max_temp_15,max_temp_7 avg_temp_18,max_temp_8 max_temp_19,max_temp_18 avg_temp_6,avg_temp_4 avg_temp_17,avg_temp_16 avg_temp_18
0,34869.521739130454,636.6955793478902,-706.2117701008444,-4425.153524353624,10123.181960862225,582.7223786788346,5998.903519485655,-15751.203014730798,9643.608748075758,-14191.65667682922,3968.671854001525,16850.036376474913,3511.931140529929,15104.345521266525,-6361.838166930752,-7508.45461585251,6923.350148322754,592.9284938351275,-7524.667046376236,1801.23035231753,3067.7993286410547,5273.93632628411
