,intercept,Agricultural Land Mass,min_temp_4 min_temp_16,min_temp_6 min_temp_16,min_temp_6 max_temp_16,min_temp_6 avg_temp_16,min_temp_8 min_temp_19,min_temp_16 max_temp_4,min_temp_17 max_temp_6,min_temp_17 avg_temp_9,max_temp_4 avg_temp_16,avg_temp_4 avg_temp_16,Agricultural Land Mass^2
0,35980.82608695735,65605.51139478007,113408.99761861777,124599.06945201254,38631.47153958021,-137852.07153205265,6592.42988146757,-188234.5570819344,9897.780464404152,6616.0063385758995,251770.81885280108,-194405.15269748698,-64889.236684583884
