,intercept,Agricultural Land Mass,precip_5 max_temp_8,min_temp_4 min_temp_16,min_temp_4 avg_temp_3,min_temp_4 avg_temp_21,min_temp_5 min_temp_16,min_temp_5 min_temp_17,min_temp_6 min_temp_8,min_temp_6 max_temp_16,min_temp_6 max_temp_18,min_temp_6 max_temp_19,min_temp_6 avg_temp_6,min_temp_7 max_temp_16,min_temp_9 max_temp_12,min_temp_16 max_temp_3,min_temp_16 max_temp_21,min_temp_17 avg_temp_9,min_temp_19 avg_temp_7,min_temp_20 avg_temp_21
0,36218.52173913049,1688.006549186869,-3496.349342286625,8404.50961880123,-2682.157028400916,2420.3715931080574,15579.222097675452,13653.98535837045,1903.3327073907294,6093.002337108866,4368.987718808876,347.00973349131084,910.3209480495195,-8863.533976694376,6167.065292352748,-7994.386588658438,684.7501716489624,-3845.8554997882165,-7226.954239565479,1014.7037607816379
