,intercept,Agricultural Land Mass,Agricultural Land Mass^2
0,40910.565217545365,12361830.395926455,-12365233.996984469
