,intercept,Agricultural Land Mass,Agricultural Land Mass^2
0,37911.326087545414,13445289.604733795,-13450921.011215834
