,intercept,Agricultural Land Mass,min_temp_4 min_temp_16,Agricultural Land Mass^2
0,39600.73913044,174545.53531113348,23866.887572459575,-173896.0957034833
