,intercept,Agricultural Land Mass,min_temp_4 min_temp_16,Agricultural Land Mass^2
0,35630.43478293647,10387150.124113757,15473.1892082339,-10388056.829707239
