,intercept,Agricultural Land Mass,precip_5 max_temp_8,min_temp_4 min_temp_16,min_temp_4 max_temp_21,min_temp_5 max_temp_17,min_temp_6 max_temp_18,min_temp_7 max_temp_16,min_temp_8 min_temp_16,min_temp_8 min_temp_19,min_temp_9 max_temp_12,min_temp_9 max_temp_19,min_temp_16 max_temp_3,min_temp_17 max_temp_6,min_temp_17 max_temp_7,min_temp_17 max_temp_9,min_temp_18 max_temp_2,min_temp_19 avg_temp_7,min_temp_21 max_temp_15,max_temp_4 avg_temp_16,max_temp_8 max_temp_19,max_temp_18 avg_temp_6,avg_temp_4 avg_temp_17,avg_temp_16 avg_temp_18
0,41078.97826086964,524.7184781439585,-5852.775517198742,5826.202267843428,-45.81840411491556,17849.586874517034,5894.937050081974,-13517.63629088099,6963.973795633443,12844.361213904816,12965.93262441696,-6948.145611783328,-14008.95993447967,-400.78919615082094,-577.980951109402,1806.5995138883586,-2258.3431530279317,-3799.1371810303694,942.8248668510281,0.563508967049015,-13730.027604296436,2865.2970299458925,5899.352756059236,16974.52623579828
