,intercept,Agricultural Land Mass,min_temp_4 min_temp_16,min_temp_6 min_temp_16,min_temp_6 max_temp_16,min_temp_6 avg_temp_16,min_temp_8 min_temp_19,min_temp_16 max_temp_4,min_temp_17 max_temp_6,min_temp_17 avg_temp_9,max_temp_4 avg_temp_16,avg_temp_4 avg_temp_16,Agricultural Land Mass^2
0,40008.08695659392,1755886.8478372057,842129.2343581441,1301258.334428083,1093030.5880833734,-2219679.8657947634,7135.0418356585815,-1175984.940040536,10877.876916397767,2189.3626433941645,1899673.463740367,-1681437.585125411,-1753345.761697213
