,intercept,min_temp_4 min_temp_16,min_temp_6 max_temp_16,min_temp_8 min_temp_19,min_temp_17 max_temp_6,min_temp_17 avg_temp_9,max_temp_4 avg_temp_16,Agricultural Land Mass^2
0,36447.65217391308,16921.71630109005,-420.7719754688643,4565.67715151886,6980.696711602138,8280.977476248447,-8469.434246359922,-187.21859221183144
