,intercept,Agricultural Land Mass,precip_5 max_temp_8,min_temp_4 min_temp_16,min_temp_5 min_temp_16,min_temp_5 min_temp_17,min_temp_5 max_temp_17,min_temp_6 min_temp_18,min_temp_6 max_temp_18,min_temp_6 avg_temp_18,min_temp_7 max_temp_16,min_temp_8 min_temp_16,min_temp_9 min_temp_21,min_temp_9 max_temp_12,min_temp_16 max_temp_3,min_temp_16 max_temp_21,min_temp_18 max_temp_2,min_temp_19 avg_temp_7,min_temp_20 avg_temp_21,min_temp_21 max_temp_15,max_temp_8 max_temp_19,max_temp_8 avg_temp_19,avg_temp_16 avg_temp_18
0,37476.89130434771,2358.4689158123783,-4153.795134963011,7657.4325178302015,3158.369100943601,2352.709738911767,7123.231689954289,7301.482878681111,1345.5059621489656,362.66374894967277,-11283.394944336671,17489.252702590522,666.9024768043971,4285.377143673955,-14147.456418097498,4504.250022797706,724.6723777590804,-2249.427266021706,3740.1885669672242,-927.2999436776606,-2799.1755671922033,-3140.7052524568176,4541.530496129317
