,intercept,Agricultural Land Mass,Agricultural Land Mass^2
0,38852.739130906666,13500134.562486421,-13504588.86135931
