,intercept,precip_5 max_temp_8,min_temp_4 min_temp_16,min_temp_4 max_temp_21,min_temp_5 min_temp_17,min_temp_6 max_temp_19,min_temp_7 max_temp_16,min_temp_8 avg_temp_5,min_temp_9 min_temp_21,min_temp_9 max_temp_12,min_temp_16 max_temp_3,min_temp_17 max_temp_6,min_temp_17 max_temp_9,min_temp_18 min_temp_19,min_temp_18 max_temp_2,min_temp_19 avg_temp_7,min_temp_20 avg_temp_21,min_temp_21 max_temp_15,max_temp_4 avg_temp_16,max_temp_7 avg_temp_18,max_temp_8 max_temp_19,max_temp_18 avg_temp_6,avg_temp_16 avg_temp_18
0,36554.3043478261,-7684.022035200042,12258.475806721466,-861.179590212898,12802.554835461004,-40.58008260408394,-12989.77959293428,12963.318607787167,-1272.2677048577211,7743.634795445096,-12241.653622837486,-10974.521521612613,6981.760453770099,13461.051522357086,-1662.1971586766883,-4606.508165146057,-898.2839062467119,7125.656872054375,778.2849869370413,1303.9801655774029,-10551.790959599368,7810.411671806674,9509.540937512686
