,intercept,precip_1 max_temp_13,precip_3 precip_10,precip_5 min_temp_16,precip_5 max_temp_22,precip_7 precip_19,precip_9 min_temp_2,precip_9 min_temp_10,precip_10 max_temp_13,precip_12 max_temp_23,precip_16 min_temp_0,precip_16 max_temp_20,precip_21 min_temp_13,min_temp_4 min_temp_16,min_temp_4 avg_temp_14,min_temp_5 min_temp_15,min_temp_5 avg_temp_16,min_temp_5 avg_temp_17,min_temp_5 avg_temp_21,min_temp_6^2,min_temp_6 min_temp_8,min_temp_6 min_temp_18,min_temp_6 max_temp_17,min_temp_7 min_temp_19,min_temp_7 min_temp_20,min_temp_7 avg_temp_19,min_temp_8 max_temp_21,min_temp_9 min_temp_15,min_temp_9 min_temp_21,min_temp_16 min_temp_21,min_temp_17 max_temp_2,max_temp_3 max_temp_8,max_temp_5 max_temp_15,max_temp_8 max_temp_19,max_temp_8 avg_temp_19,avg_temp_12 avg_temp_23
0,36536.000000000015,-2572.8496079192937,2998.5375462562333,-806.9520693434076,-5617.349474749892,-3901.951524819453,217.13916205918318,-3213.748096375935,-8508.383447922786,3744.1883756647517,1226.7607851633043,-460.4877197458622,59.022986391355666,16535.736453081492,9.017202724771066,9175.669320436082,1416.4155770379462,12788.95759783234,1228.1711453825117,8422.939228654966,3806.4967357799255,1616.5873589152284,1084.7949572265293,-3982.472677133133,-2805.13691308261,-5309.4112692759645,7931.348850179138,730.2092340289221,5600.4935101629335,3296.696578471911,-1889.2831556407411,-7083.086104349618,-13109.894904045077,-5643.012936607261,-1304.1643280452238,4294.736793060003
