,intercept,Agricultural Land Mass,precip_5 max_temp_8,min_temp_4 min_temp_16,min_temp_5 max_temp_17,min_temp_6 max_temp_19,min_temp_7 max_temp_16,min_temp_8 min_temp_16,min_temp_8 min_temp_19,min_temp_8 avg_temp_9,min_temp_9 min_temp_21,min_temp_9 max_temp_12,min_temp_16 max_temp_3,min_temp_18 max_temp_2,min_temp_20 max_temp_17,min_temp_21 max_temp_15,max_temp_4 avg_temp_16,max_temp_8 max_temp_19,max_temp_18 avg_temp_6,avg_temp_4 avg_temp_17,avg_temp_16 avg_temp_18
0,39674.739130434944,2569.0948125002374,-8045.22456075636,13857.181154553151,27087.568460326023,-2977.928594387493,-30878.743271798274,7672.021992082855,9155.523441026176,2566.68477847641,-14334.649409764406,11231.598256706593,-11581.113231411746,-1488.819627022598,-182.2370422621781,13025.489527659762,4004.862306047097,-6315.341759100198,1227.327408667965,1069.9737180208429,18202.678561004024
