,intercept,precip_5 max_temp_8,min_temp_4 min_temp_16,min_temp_4 max_temp_21,min_temp_5 min_temp_16,min_temp_5 min_temp_17,min_temp_5 max_temp_17,min_temp_6 max_temp_16,min_temp_6 avg_temp_18,min_temp_7 max_temp_16,min_temp_8 min_temp_16,min_temp_9 max_temp_12,min_temp_9 max_temp_19,min_temp_16 max_temp_3,min_temp_17 avg_temp_9,min_temp_18 min_temp_19,min_temp_18 max_temp_2,min_temp_20 max_temp_17,min_temp_21 avg_temp_3,max_temp_4 avg_temp_16,max_temp_8 max_temp_19,avg_temp_16 avg_temp_18,Agricultural Land Mass^2
0,38171.282608695605,-5533.25920248119,9600.111555295423,-4726.745328357595,7192.10731641728,4472.9969551011745,14599.390713926703,3707.752141289561,8533.710097264895,-26420.963825846316,5826.459134724683,4402.9624961494355,-5127.283794755133,-4539.617022566078,2536.430191401498,5080.161245583283,-2103.0793665113933,-608.9993067968763,3252.874830416629,9934.843955454711,-3412.2044439140127,219.117162278012,-499.0454379559722
