,intercept,Agricultural Land Mass,precip_5 max_temp_8,min_temp_4 min_temp_16,min_temp_5 min_temp_16,min_temp_5 max_temp_17,min_temp_6 min_temp_8,min_temp_6 min_temp_18,min_temp_6 avg_temp_6,min_temp_6 avg_temp_17,min_temp_6 avg_temp_18,min_temp_7 max_temp_16,min_temp_8 min_temp_16,min_temp_9 max_temp_12,min_temp_9 max_temp_19,min_temp_16 max_temp_3,min_temp_19 avg_temp_7,min_temp_20 avg_temp_16,min_temp_20 avg_temp_21,max_temp_8 max_temp_19,avg_temp_4 avg_temp_17
0,37345.04347826085,88.84560468911981,-3606.6039145768873,22735.69363706418,15261.390598385102,8628.552389211496,1683.7717876652544,5572.861381650597,247.7082598000745,473.6113594279741,3515.856093111738,-20450.289083276915,14491.995125914405,2350.494096251557,-107.84475904489085,-24952.75016591928,-1467.8089779277807,8230.151553718084,2328.759377947667,-9379.387233345436,-2445.2660252154433
