,intercept,Agricultural Land Mass,Agricultural Land Mass^2
0,40216.826086609224,13784049.415172108,-13789604.034961792
