,intercept,Agricultural Land Mass,precip_5 max_temp_8,min_temp_4 min_temp_16,min_temp_4 max_temp_21,min_temp_5 max_temp_17,min_temp_6 max_temp_19,min_temp_7 max_temp_16,min_temp_8 avg_temp_9,min_temp_9 max_temp_19,min_temp_16 max_temp_3,min_temp_17 avg_temp_9,min_temp_18 min_temp_19,min_temp_20 avg_temp_21,min_temp_21 max_temp_15,max_temp_4 avg_temp_16,max_temp_7 avg_temp_18,max_temp_8 max_temp_19,max_temp_18 avg_temp_6,avg_temp_16 avg_temp_18
0,34902.71739130427,3693.1970855257678,-1654.2425539271517,6453.494470854329,-7106.297713477951,13860.220413380675,-5727.722419787728,-26597.20445788966,16739.845986688313,-2657.320449736074,-20877.728395514856,1356.898907632612,12751.54554772444,-4252.254002124138,11305.025829695458,25511.34790830496,760.2673358314192,-8708.792866969732,5301.100778747945,9311.773040822954
