,intercept,precip_5 max_temp_8,min_temp_4 min_temp_16,min_temp_4 max_temp_21,min_temp_5 max_temp_17,min_temp_6 max_temp_18,min_temp_7 max_temp_16,min_temp_8 min_temp_16,min_temp_8 min_temp_19,min_temp_8 avg_temp_9,min_temp_9 max_temp_12,min_temp_9 max_temp_19,min_temp_16 max_temp_3,min_temp_17 avg_temp_9,min_temp_18 min_temp_19,min_temp_19 avg_temp_7,min_temp_20 max_temp_17,min_temp_21 avg_temp_3,max_temp_4 avg_temp_16,max_temp_8 max_temp_19,Agricultural Land Mass^2
0,37469.86956521752,-7110.606678133494,11339.688812050585,-7468.637360115054,18414.229185098262,6923.661936014152,-20130.488929642244,15190.42925291022,284.03547147688744,235.2048512219399,6433.884006503505,-4017.9522014419035,-16112.689347631498,5692.412017688962,10763.732727327602,-8582.389845179496,-300.44758602634806,3518.3398400721703,14707.22847284041,-5246.308402538939,-79.83841991287045
