,intercept,Agricultural Land Mass,min_temp_4 min_temp_16,min_temp_8 min_temp_19,min_temp_17 max_temp_6,min_temp_17 avg_temp_9,max_temp_4 avg_temp_16
0,41306.217391304344,399.33232626944766,21167.672143356558,7558.391063331514,12487.12557777257,5371.338619182886,-13377.788820140951
