,intercept,precip_5^2,min_temp_4 max_temp_21,min_temp_5 max_temp_17,min_temp_6 max_temp_18,min_temp_6 max_temp_19,min_temp_7 max_temp_16,min_temp_8 avg_temp_9,min_temp_9 max_temp_12,min_temp_9 max_temp_19,min_temp_16 max_temp_3,min_temp_16 avg_temp_4,min_temp_16 avg_temp_18,min_temp_17 max_temp_6,min_temp_17 avg_temp_9,min_temp_18 min_temp_19,min_temp_18 max_temp_2,min_temp_20 avg_temp_21,min_temp_21 max_temp_15,max_temp_7 avg_temp_18,max_temp_8 max_temp_19,max_temp_18 avg_temp_6,Agricultural Land Mass^2
0,38206.717391304475,-1590.0783313476718,-21.01523032675386,17150.85264990375,5790.3110024594,-4279.031352275768,-24385.21196694098,7367.814226897145,11613.437335266834,-12777.37041370988,-3276.434722984359,14834.099601500682,9549.77721849268,-6400.183243824262,6079.20782816046,4574.023837989965,-2017.4182430567657,-5247.746734951332,5627.3765918315075,6791.525671106636,-3733.5297127474687,4579.269604732875,-600.0241847043683
