,intercept,Agricultural Land Mass,precip_5^2,min_temp_4 min_temp_16,min_temp_4 max_temp_21,min_temp_5 max_temp_17,min_temp_7 max_temp_16,min_temp_8 avg_temp_9,min_temp_9 max_temp_12,min_temp_9 max_temp_19,min_temp_16 max_temp_3,min_temp_16 avg_temp_4,min_temp_17 avg_temp_9,min_temp_18 min_temp_19,min_temp_18 max_temp_2,min_temp_20 max_temp_17,min_temp_21 max_temp_15,max_temp_4 avg_temp_16,max_temp_8 max_temp_19,max_temp_16 avg_temp_6,max_temp_18 avg_temp_6,avg_temp_6 avg_temp_18,avg_temp_16 avg_temp_18
0,36183.82608695659,585.1833687671741,-3181.4716861373136,1242.3073017106954,-9802.443647891872,15116.589102421278,-20127.219167453663,5519.043378768363,7513.947322683573,-6102.341642236507,-16351.73174156899,27477.986846219064,1793.35378604667,7351.799984309741,2374.24618818718,-705.6910627406922,4850.285386261688,3627.7174542984735,-6457.291604146456,586.7724235165133,4233.16002212985,3554.4709800799565,2517.946645980156
