,intercept,Agricultural Land Mass,precip_5 min_temp_16,precip_5 max_temp_22,precip_7 precip_19,precip_9 min_temp_10,precip_10 max_temp_13,precip_13 min_temp_2,precip_20 max_temp_22,precip_22 min_temp_2,precip_22 min_temp_9,min_temp_0 max_temp_2,min_temp_3 max_temp_12,min_temp_3 avg_temp_8,min_temp_4 min_temp_6,min_temp_4 avg_temp_14,min_temp_4 avg_temp_16,min_temp_5 min_temp_15,min_temp_5 min_temp_16,min_temp_5 min_temp_17,min_temp_5 max_temp_20,min_temp_5 avg_temp_16,min_temp_6 max_temp_18,min_temp_7 avg_temp_5,min_temp_7 avg_temp_6,min_temp_7 avg_temp_19,min_temp_8 min_temp_17,min_temp_8 max_temp_21,min_temp_9 min_temp_21,max_temp_3 max_temp_8,max_temp_5 max_temp_15,max_temp_8 max_temp_19,max_temp_9 avg_temp_8,avg_temp_12 avg_temp_23
0,37555.67391304339,665.4193827601257,-4965.4413563743765,-1545.9894744435496,-1511.2175543357314,-5259.112358672833,-6856.37090979004,275.9795855885529,1554.597067549507,-6453.6353414377,502.8519701426534,618.7172125345143,3031.8382877347717,5188.585642089427,3319.817965174125,455.15419851869837,11095.609338925049,5950.851307420892,2416.3940209623056,10332.428704568263,3641.7145145026834,1158.8574950738978,9118.268982759475,-281.74079571626555,-266.3825087404399,-9599.320326299287,5374.488227921284,7222.446448046724,5796.909664565947,-12630.380853143684,-5143.993211001367,-5820.021420125706,-1686.6941381412018,4076.0232800954695
