,intercept,Agricultural Land Mass,min_temp_4 min_temp_16,min_temp_6 min_temp_16,min_temp_6 max_temp_16,min_temp_6 avg_temp_16,min_temp_8 min_temp_19,min_temp_16 max_temp_4,min_temp_17 max_temp_6,min_temp_17 avg_temp_9,max_temp_4 avg_temp_16,avg_temp_4 avg_temp_16,Agricultural Land Mass^2
0,38496.78260864152,2418356.0585446646,820778.1510146883,1447946.7966007264,1320782.4411167554,-2592220.6073143273,3672.060833577151,-1123748.7869100412,5318.907740432327,10790.688526067412,1819299.2410666004,-1636802.8119030434,-2416537.2537328023
