,intercept,Agricultural Land Mass,min_temp_4 min_temp_16,min_temp_6 min_temp_16,min_temp_6 max_temp_16,min_temp_6 avg_temp_16,min_temp_8 min_temp_19,min_temp_16 max_temp_4,min_temp_17 max_temp_6,min_temp_17 avg_temp_9,max_temp_4 avg_temp_16,avg_temp_4 avg_temp_16,Agricultural Land Mass^2
0,39946.760869659236,1705669.6278654279,705689.6154225764,739377.5594002188,437261.47634727013,-1050131.0021613636,10697.404885732149,-989757.5896372605,9368.104441915279,4254.713768766817,1614668.2492343164,-1421888.8292283523,-1703811.0941091802
