,intercept,Agricultural Land Mass,min_temp_4 min_temp_16,min_temp_6 min_temp_16,min_temp_6 max_temp_16,min_temp_6 avg_temp_16,min_temp_8 min_temp_19,min_temp_16 max_temp_4,min_temp_17 max_temp_6,min_temp_17 avg_temp_9,max_temp_4 avg_temp_16,avg_temp_4 avg_temp_16,Agricultural Land Mass^2
0,41619.69565235782,2366514.519217812,900005.2473338563,1392813.493503185,1307156.1819833736,-2545778.711728433,7024.052849778597,-1163496.1762160792,10309.9267120862,3908.698618944916,1978236.2546457339,-1818405.1675923308,-2363454.550350051
