,intercept,min_temp_16,precip_5^2,precip_5 max_temp_6,min_temp_4 min_temp_16,min_temp_4 min_temp_17,min_temp_4 max_temp_21,min_temp_4 avg_temp_3,min_temp_4 avg_temp_17,min_temp_4 avg_temp_21,min_temp_5 min_temp_16,min_temp_5 min_temp_17,min_temp_5 max_temp_17,min_temp_6 min_temp_8,min_temp_6 min_temp_16,min_temp_6 min_temp_17,min_temp_6 min_temp_18,min_temp_6 max_temp_19,min_temp_6 avg_temp_6,min_temp_6 avg_temp_16,min_temp_6 avg_temp_17,min_temp_7 max_temp_16,min_temp_8 min_temp_16,min_temp_8 min_temp_19,min_temp_8 max_temp_19,min_temp_8 avg_temp_9,min_temp_9 min_temp_21,min_temp_9 max_temp_12,min_temp_9 max_temp_19,min_temp_16 min_temp_17,min_temp_16 min_temp_18,min_temp_16 max_temp_3,min_temp_16 max_temp_5,min_temp_16 max_temp_20,min_temp_16 avg_temp_7,min_temp_16 Agricultural Land Mass,min_temp_17 min_temp_18,min_temp_17 max_temp_6,min_temp_17 max_temp_7,min_temp_17 avg_temp_9,min_temp_18 min_temp_19,min_temp_18 max_temp_2,min_temp_19 avg_temp_8,min_temp_20 avg_temp_16,min_temp_21 avg_temp_3,max_temp_4 avg_temp_16,max_temp_6 max_temp_16,max_temp_7 avg_temp_18,max_temp_8 avg_temp_19,max_temp_16 avg_temp_6,max_temp_17 avg_temp_5,max_temp_18 avg_temp_6,avg_temp_4 avg_temp_17,avg_temp_9 avg_temp_21,Agricultural Land Mass^2
0,38456.45652174012,-84937.86033377181,-29325.44816499259,21424.281120680713,61388.620175527205,-18683.956853935484,8347.783201675757,65930.47164809566,-37272.36928583404,-48134.30178333981,15130.170428306998,61451.32992621333,880.4761989730715,121627.39529286175,49747.206367232204,-60504.06934494593,-22079.483230073816,9041.119608765117,-46727.261807303046,31137.054744574405,11504.831658801779,-7068.816852261532,121968.97837035767,-106800.03465060942,-46324.763169306716,-40710.282809254706,-15841.875268598107,13532.216485203826,-5850.329852380491,77661.61076428184,-59815.50939468509,-116778.50527715163,-40974.215719709515,55591.466065436245,-26.35076636108946,-34076.52821170223,1760.530448113388,-24705.996104895316,-119.14037870014499,37421.64613926265,80932.86287194282,-3984.3438494258035,-2131.8342931602047,-24850.241550091992,24132.77189961883,15051.336616676756,69.57721479963011,-15069.57833145207,-13278.016935916248,6076.102656315253,-25320.682366993875,24318.089778796217,5835.908328333237,22507.7169196691,4409.218407150863
