,intercept,Agricultural Land Mass,Agricultural Land Mass^2
0,39333.195652353825,12343460.204104675,-12347976.216079367
