,intercept,Agricultural Land Mass,precip_5^2,precip_5 max_temp_6,min_temp_4 min_temp_16,min_temp_4 max_temp_21,min_temp_4 avg_temp_3,min_temp_4 avg_temp_21,min_temp_5 max_temp_17,min_temp_6 min_temp_17,min_temp_6 min_temp_18,min_temp_6 max_temp_16,min_temp_6 max_temp_19,min_temp_7 max_temp_16,min_temp_8 max_temp_19,min_temp_8 avg_temp_5,min_temp_8 avg_temp_9,min_temp_9 min_temp_21,min_temp_9 max_temp_12,min_temp_9 max_temp_19,min_temp_16 max_temp_3,min_temp_16 max_temp_20,min_temp_16 max_temp_21,min_temp_16 avg_temp_4,min_temp_16 avg_temp_6,min_temp_16 avg_temp_19,min_temp_17 max_temp_7,min_temp_18 min_temp_19,min_temp_18 max_temp_2,min_temp_18 max_temp_6,min_temp_19 avg_temp_6,min_temp_20 max_temp_17,min_temp_20 avg_temp_16,min_temp_21 max_temp_15,max_temp_7 avg_temp_18,max_temp_8 avg_temp_19,max_temp_17 avg_temp_5,max_temp_18 avg_temp_6,avg_temp_9 avg_temp_21,Agricultural Land Mass^2
0,38922.63043478317,450.2554060366855,-21409.948601069183,16495.341948844212,120266.82732304587,-221601.71631994811,112444.90821125462,44095.1241058672,21078.526069952713,-70.36514638775674,-2399.4553655141513,-14363.636596011256,6491.962785484751,47.25440680971652,12806.679853674439,-33009.546332616235,33489.835806193936,-13252.517739967823,14662.53325310889,-10259.920538188286,-139818.0420188839,57283.33839489856,200124.2341851759,40467.31221224703,-31315.122326835764,-199795.6385601662,-13816.818125173746,67082.18047108075,-722.0674209563715,-35644.2117337998,3090.1307607378303,-14500.429962485712,-7683.923338576793,-8704.09969831015,-839.3620938459333,-7330.69901317107,16695.00142346357,19206.142674311486,959.1002096663564,49.340551943856084
