,intercept,Agricultural Land Mass,min_temp_4 min_temp_16,min_temp_6 min_temp_16,min_temp_6 max_temp_16,min_temp_6 avg_temp_16,min_temp_8 min_temp_19,min_temp_16 max_temp_4,min_temp_17 max_temp_6,min_temp_17 avg_temp_9,max_temp_4 avg_temp_16,avg_temp_4 avg_temp_16,Agricultural Land Mass^2
0,39855.06521739028,755248.8349942247,858939.6288209461,1360688.7316410644,1154927.7906636866,-2340184.057808183,8739.459048561122,-1217934.9048144186,10804.792201186678,3172.6452108390213,1973778.7677805005,-1738357.9243565353,-751918.1447714715
