,intercept,Agricultural Land Mass,min_temp_4 min_temp_16,min_temp_6 min_temp_16,min_temp_6 max_temp_16,min_temp_6 avg_temp_16,min_temp_8 min_temp_19,min_temp_16 max_temp_4,min_temp_17 max_temp_6,min_temp_17 avg_temp_9,max_temp_4 avg_temp_16,avg_temp_4 avg_temp_16,Agricultural Land Mass^2
0,41892.717391301434,51943.98027014983,174781.27611025752,202595.98895103225,-83835.68538776772,-38891.63706091222,7909.62713457729,-408231.47894905123,11328.189138459524,4916.105744106283,459522.01951975806,-293162.4259610366,-49995.632548474765
