,intercept,Agricultural Land Mass,Agricultural Land Mass^2
0,39863.73913130101,14660443.063219963,-14664905.955009557
