,intercept,Agricultural Land Mass,min_temp_4 min_temp_16,min_temp_6 min_temp_16,min_temp_6 max_temp_16,min_temp_6 avg_temp_16,min_temp_8 min_temp_19,min_temp_16 max_temp_4,min_temp_17 max_temp_6,min_temp_17 avg_temp_9,max_temp_4 avg_temp_16,avg_temp_4 avg_temp_16,Agricultural Land Mass^2
0,36834.41304347881,41281.331953864385,175820.4452082494,151420.11420177398,-36224.487051571705,-58474.3315859207,5047.394780404427,-302665.4458960174,8687.66122684931,-45.057863255959845,403300.1456522677,-312430.52443573164,-40554.493731807524
