,intercept,Agricultural Land Mass,min_temp_4 min_temp_16,min_temp_6 min_temp_16,min_temp_6 max_temp_16,min_temp_6 avg_temp_16,min_temp_8 min_temp_19,min_temp_16 max_temp_4,min_temp_17 max_temp_6,min_temp_17 avg_temp_9,max_temp_4 avg_temp_16,avg_temp_4 avg_temp_16,Agricultural Land Mass^2
0,39727.10869571256,1935580.1522606616,681408.1825399619,1410136.9873184762,1375731.7348471468,-2632819.415331669,4579.018573120847,-924828.2545533514,10454.78481813574,3313.901341720448,1491857.3888601393,-1340726.8878914139,-1933602.3603876133
