,intercept,Agricultural Land Mass,min_temp_4 min_temp_16,Agricultural Land Mass^2
0,41865.56521726281,10904532.91916616,21569.013164037664,-10903297.223339368
