,intercept,Agricultural Land Mass,precip_0 precip_8,precip_0 min_temp_23,precip_2 min_temp_9,precip_2 min_temp_16,precip_3 min_temp_16,precip_5 precip_17,precip_5 precip_22,precip_7 max_temp_1,precip_7 avg_temp_1,precip_8 precip_9,precip_8 precip_11,precip_10 precip_20,precip_11 min_temp_22,precip_13 precip_18,precip_13 max_temp_13,precip_16 precip_19,precip_18 precip_22,precip_18 min_temp_10,precip_19 precip_23,precip_20 min_temp_12,precip_21 precip_22,precip_21 min_temp_14,precip_23 min_temp_1,precip_23 min_temp_13,precip_23 avg_temp_10,min_temp_1 max_temp_1,min_temp_2 min_temp_14,min_temp_4 min_temp_8,min_temp_5 min_temp_16,min_temp_5 min_temp_17,min_temp_5 avg_temp_17,min_temp_6 max_temp_17,min_temp_6 avg_temp_17,min_temp_8 min_temp_17,min_temp_10 min_temp_22,min_temp_14 avg_temp_11,min_temp_19 max_temp_10,min_temp_23 avg_temp_11,min_temp_23 avg_temp_23,max_temp_0 avg_temp_11,avg_temp_0^2,avg_temp_0 avg_temp_11
0,38351.021739130505,3445.5330578142316,-2898.335049539522,-219.0951898059661,788.3316467829751,3852.6652038787242,3741.8738972228566,-976.7975011047995,-2080.8568826604806,-4319.168416997837,-1648.7484903726631,-3077.8033931455684,-537.1025343796111,332.1657757731083,-5559.997716251177,-308.8897106492461,-1603.8944462716727,-8683.590125851331,-1227.6462389962758,1685.1443986869497,-720.1963419328143,-677.2629070672059,1925.4898301222872,3227.524337186234,599.8584903411928,1505.7200022265645,-3444.3505844417846,4162.860621157374,1082.918986130112,4621.176537804007,4280.029571547227,1939.9953475110813,12262.544544341437,3327.2209939380004,1353.3791481678509,7970.2447840800605,1183.372504208685,235.75856703973156,-3359.0776163556466,-277.7623244053294,-3438.5687608428607,3689.6940869839946,5230.469216373979,1409.3198015224048
