,intercept,precip_0 precip_23,precip_1 min_temp_0,precip_2 min_temp_21,precip_3 min_temp_2,precip_3 min_temp_15,precip_3 min_temp_21,precip_4 precip_6,precip_4 precip_10,precip_4 min_temp_16,precip_5 min_temp_13,precip_6 avg_temp_13,precip_10 avg_temp_12,precip_11^2,precip_11 precip_16,precip_11 precip_17,precip_11 precip_20,precip_11 precip_21,precip_11 min_temp_22,precip_17 min_temp_11,precip_23 min_temp_10,precip_23 min_temp_14,precip_23 avg_temp_10,min_temp_1 min_temp_10,min_temp_1 max_temp_1,min_temp_1 avg_temp_1,min_temp_2 min_temp_10,min_temp_2 min_temp_22,min_temp_4 min_temp_16,min_temp_4 max_temp_23,min_temp_5 min_temp_16,min_temp_5 min_temp_17,min_temp_6 min_temp_18,min_temp_10 avg_temp_12,min_temp_13 avg_temp_13,min_temp_14 min_temp_22,min_temp_16 min_temp_18,min_temp_17 min_temp_18,min_temp_18^2,min_temp_18 max_temp_4,min_temp_18 Agricultural Land Mass,max_temp_7 max_temp_8,max_temp_7 max_temp_19,max_temp_8 max_temp_19,max_temp_8 max_temp_20
0,34706.82608695652,-5682.874689929171,-655.3801307721649,3072.0851680195956,1469.8327061562604,1508.9940049635024,1646.8390592635935,408.70845949440763,692.4690324442181,425.5576037589031,1735.571456317058,732.7080445870528,409.34425515342633,-183.10338137392347,-903.9795112226202,-1756.2506651861622,-642.1362373871941,-2788.719324514766,-2900.505993984874,280.3415016833265,-716.8493736173402,-2115.476497382018,-603.5258127118761,2084.7680195508838,4985.755527092818,988.1559661115858,-2121.062273169735,-1378.7214615464393,258.84547070162176,4342.903600586633,5177.561402751574,11318.604089001266,6276.779410509359,404.22366980349864,4050.2549342231473,-65.99545477860602,1920.8820899082784,1185.3744294357903,9.776577312940269,1188.314906074918,1385.0112543311502,-1514.122237320304,-745.8940796938358,-248.3605230831473,-2181.6914551955574
