,intercept,Agricultural Land Mass,min_temp_4 min_temp_16,min_temp_6 min_temp_16,min_temp_6 max_temp_16,min_temp_6 avg_temp_16,min_temp_8 min_temp_19,min_temp_16 max_temp_4,min_temp_17 max_temp_6,min_temp_17 avg_temp_9,max_temp_4 avg_temp_16,avg_temp_4 avg_temp_16,Agricultural Land Mass^2
0,42016.673913124665,1515582.5495517673,766046.7914765977,1091284.492435373,903586.1702205599,-1847995.811421971,7224.862018985189,-1053939.386103539,9802.839537169008,5418.784060105358,1745986.785748611,-1556068.806306374,-1513418.3116661147
