,intercept,Agricultural Land Mass,min_temp_4 min_temp_16,min_temp_8 min_temp_19,min_temp_16 max_temp_4,min_temp_17 max_temp_6,min_temp_17 avg_temp_9,max_temp_4 avg_temp_16
0,41018.89130434784,535.9223120927684,23239.980954427683,6376.91465449325,-6533.93600343115,11419.300741995876,6007.570931487946,-7894.852469412497
