,intercept,Agricultural Land Mass,precip_5 max_temp_8,min_temp_4 min_temp_16,min_temp_5 min_temp_16,min_temp_5 min_temp_17,min_temp_5 max_temp_17,min_temp_6 max_temp_16,min_temp_6 max_temp_18,min_temp_7 max_temp_16,min_temp_8 min_temp_16,min_temp_9 min_temp_21,min_temp_9 max_temp_12,min_temp_16 max_temp_3,min_temp_16 max_temp_21,min_temp_19 avg_temp_7,min_temp_20 avg_temp_21,max_temp_7 avg_temp_18,max_temp_8 max_temp_19,max_temp_17 avg_temp_5,max_temp_18 avg_temp_6
0,31870.260869565234,613.6034806235256,-2210.9963811828165,8453.88077442276,570.3693393810164,10465.85971292064,8341.903716390661,1875.995903124968,401.8411474237991,-3168.0712940230937,14882.582579764407,276.60710226793486,1596.5883261164895,-12782.604688423053,2354.1516500876987,-4422.157043615457,1550.0876924637491,-3372.1261311777344,-947.4686649424941,-5609.024003642387,3959.997285149334
