,intercept,Agricultural Land Mass,min_temp_4 min_temp_16,Agricultural Land Mass^2
0,38956.782608952926,9815983.302924443,18431.286765967645,-9816214.863116574
