,intercept,min_temp_16,precip_5^2,precip_5 max_temp_6,min_temp_4 min_temp_16,min_temp_4 max_temp_21,min_temp_4 avg_temp_3,min_temp_4 avg_temp_17,min_temp_4 avg_temp_21,min_temp_5 min_temp_17,min_temp_6 min_temp_8,min_temp_6 avg_temp_17,min_temp_7 max_temp_16,min_temp_7 avg_temp_16,min_temp_8 max_temp_19,min_temp_8 avg_temp_9,min_temp_9 min_temp_21,min_temp_9 max_temp_12,min_temp_9 max_temp_18,min_temp_16^2,min_temp_16 min_temp_17,min_temp_16 max_temp_3,min_temp_16 max_temp_5,min_temp_16 Agricultural Land Mass,min_temp_17 max_temp_6,min_temp_17 max_temp_7,min_temp_18 min_temp_19,min_temp_18 max_temp_2,min_temp_19 avg_temp_7,min_temp_20 max_temp_17,min_temp_20 avg_temp_21,min_temp_21 max_temp_15,min_temp_21 avg_temp_3,max_temp_4 avg_temp_16,max_temp_7 avg_temp_18,max_temp_8 max_temp_19,max_temp_8 avg_temp_19,max_temp_17 avg_temp_5,max_temp_18 avg_temp_6,avg_temp_9 avg_temp_21,avg_temp_16 avg_temp_18,Agricultural Land Mass^2
0,34740.99999999997,-27799.44649266604,-2509.664630963628,-2457.854698967301,98200.76044194987,-39197.38228816565,27980.03542415998,-38620.49986137169,-13093.218478633127,17857.28649023508,30455.539879740132,-11040.144381068614,-224.33384346214527,-2536.73845384397,1677.2527587381994,-18225.987973605123,894.5014490089125,8323.58984493164,-13995.427822023776,-47708.784572188655,113314.01423526756,-62220.90758912809,-4880.20223341787,-37885.38578402654,-21046.043534369044,-10002.259903363813,1999.35875175108,213.25013666175076,-965.2680768554912,-8487.917443382614,6057.025093008449,-23348.757150084974,14409.933875174387,7912.136365284818,2074.2263257714426,-7846.519233022378,-13380.085011027732,-4149.02374951988,3904.068743616263,52047.08863894374,21428.168617763156,4163.320964727843
