,intercept,Agricultural Land Mass,min_temp_4 min_temp_16,min_temp_6 min_temp_16,min_temp_6 max_temp_16,min_temp_6 avg_temp_16,min_temp_8 min_temp_19,min_temp_16 max_temp_4,min_temp_17 max_temp_6,min_temp_17 avg_temp_9,max_temp_4 avg_temp_16,avg_temp_4 avg_temp_16,Agricultural Land Mass^2
0,39679.52173914553,2903472.3817716585,813529.4953479969,1085491.4059391702,801280.6526580495,-1722247.51975123,5601.123128291794,-1153258.6119768173,9273.67351601633,3689.4451392262317,1867346.7718134166,-1642378.8725723836,-2901191.268085924
