,intercept,Agricultural Land Mass,min_temp_4 min_temp_16,min_temp_6 min_temp_16,min_temp_6 max_temp_16,min_temp_6 avg_temp_16,min_temp_8 min_temp_19,min_temp_16 max_temp_4,min_temp_17 max_temp_6,min_temp_17 avg_temp_9,max_temp_4 avg_temp_16,avg_temp_4 avg_temp_16,Agricultural Land Mass^2
0,36561.45652182112,3212006.3441213546,644015.9113657606,541013.255932959,77666.98660717614,-470322.07823836454,4492.12413983965,-1024537.5767935867,5253.131598715111,-2739.9350525894497,1555195.574258627,-1288197.9645533315,-3211307.147222394
