,intercept,Agricultural Land Mass,precip_1 max_temp_13,precip_4 precip_20,precip_5 avg_temp_9,precip_9 min_temp_2,precip_10 max_temp_13,precip_12 max_temp_23,precip_13 min_temp_2,precip_16 min_temp_0,precip_20 max_temp_22,precip_21 min_temp_13,precip_22 min_temp_2,min_temp_0 max_temp_2,min_temp_3 max_temp_12,min_temp_3 avg_temp_8,min_temp_3 avg_temp_10,min_temp_4 max_temp_15,min_temp_4 avg_temp_14,min_temp_5 min_temp_15,min_temp_5 min_temp_17,min_temp_6 max_temp_18,min_temp_7 avg_temp_6,min_temp_8 min_temp_17,min_temp_8 max_temp_21,min_temp_9 min_temp_15,min_temp_17 min_temp_18,min_temp_17 max_temp_2,min_temp_17 max_temp_4,min_temp_20 max_temp_7,max_temp_3 max_temp_8,max_temp_4 max_temp_16,max_temp_5 max_temp_15,max_temp_6 avg_temp_19,max_temp_6 avg_temp_20,max_temp_8 max_temp_19,max_temp_9 max_temp_21,max_temp_16 max_temp_21,max_temp_16 avg_temp_21,avg_temp_2 avg_temp_20,avg_temp_3 avg_temp_22,avg_temp_12 avg_temp_23,avg_temp_18^2
0,32495.93478260867,24.11693722956233,-3983.4605302168607,3011.166458580696,387.42712028606275,3839.387511687814,-635.418171208071,126.71355013029576,-137.18502401270763,-102.6131865286381,347.14742890133596,-1196.4509401374742,-1041.3491583676957,-5123.51111689904,-930.5199185989861,11356.448296436127,694.8950512679068,-177.68361901055448,1448.5804723482916,1805.0510011533609,12855.040009945982,3189.6247627349167,-3746.6340500003726,665.4449904491327,2894.815907009264,7281.8316399484565,516.879748503019,-7019.011892606169,4389.126076741045,-4114.711714202649,-6574.680968310753,3443.4517366100313,-7019.5527332461115,-99.26701148186194,-64.65562461318201,-5035.964251405987,3096.72483371641,484.4314316202472,4853.78711399846,-2513.598258509773,-9762.050123246509,8495.022132033557,4749.430620903032
