,intercept,Agricultural Land Mass,min_temp_4 min_temp_16,Agricultural Land Mass^2
0,39647.23913069323,10287586.440576972,22339.33873800054,-10285736.104190053
