,intercept,Agricultural Land Mass,min_temp_4 min_temp_16,min_temp_6 min_temp_16,min_temp_6 max_temp_16,min_temp_6 avg_temp_16,min_temp_8 min_temp_19,min_temp_16 max_temp_4,min_temp_17 max_temp_6,min_temp_17 avg_temp_9,max_temp_4 avg_temp_16,avg_temp_4 avg_temp_16,Agricultural Land Mass^2
0,38129.108695599985,2488784.096171564,267252.56878024066,1080460.2184228909,1236320.9307432175,-2237330.629674843,4913.713094911135,-388464.3335679463,7590.526137413635,8815.865501698656,608991.7257210662,-525440.6544482044,-2487633.643708383
