,intercept,precip_5 max_temp_8,min_temp_4 min_temp_16,min_temp_4 max_temp_21,min_temp_5 max_temp_17,min_temp_6 max_temp_19,min_temp_8 avg_temp_9,min_temp_9 max_temp_12,min_temp_9 max_temp_19,min_temp_16 max_temp_3,min_temp_16 avg_temp_4,min_temp_18 min_temp_19,min_temp_18 max_temp_2,min_temp_19 avg_temp_7,min_temp_20 avg_temp_21,min_temp_21 max_temp_15,max_temp_6 max_temp_16,max_temp_8 max_temp_19,max_temp_18 avg_temp_6,avg_temp_4 avg_temp_17,avg_temp_6 avg_temp_18,Agricultural Land Mass^2
0,37927.02173913032,-3265.2882813003052,979.5174029503974,-15258.929835197005,14194.037306331395,-2729.800354091683,7489.756962031909,4039.0323033914724,-7213.5785872777315,-11622.115509580106,24956.354953570317,21313.13122772761,7389.989842716125,-7726.726625503959,-1614.447165477439,4378.474279339796,-16005.761567537002,-14800.808114648666,8467.595556482247,7626.101378880956,4666.758759321249,-1008.4500770983585
