,intercept,Agricultural Land Mass,Agricultural Land Mass^2
0,40831.586957164545,14111678.190112583,-14115838.971281094
