,intercept,Agricultural Land Mass,min_temp_4 min_temp_16,min_temp_6 min_temp_16,min_temp_6 max_temp_16,min_temp_6 avg_temp_16,min_temp_8 min_temp_19,min_temp_16 max_temp_4,min_temp_17 max_temp_6,min_temp_17 avg_temp_9,max_temp_4 avg_temp_16,avg_temp_4 avg_temp_16,Agricultural Land Mass^2
0,37639.97826085217,2910096.3640595935,401153.2005910925,1381807.718070693,1613747.7024751725,-2893010.6893587685,6923.852263492238,-508746.76210742164,10891.042857868013,4235.012905385442,857929.5712645466,-788473.541963881,-2908542.918873151
