,intercept,Agricultural Land Mass,Agricultural Land Mass^2
0,37944.84782554602,12943076.92332525,-12947540.284576895
