,intercept,Agricultural Land Mass,Agricultural Land Mass^2
0,37625.2608703284,11424437.033469172,-11430411.58980489
