,intercept,Agricultural Land Mass,precip_5^2,precip_5 max_temp_8,min_temp_4 max_temp_21,min_temp_4 avg_temp_3,min_temp_5 max_temp_17,min_temp_6 max_temp_18,min_temp_6 max_temp_19,min_temp_7 max_temp_16,min_temp_8 avg_temp_9,min_temp_9 max_temp_19,min_temp_16 max_temp_3,min_temp_16 max_temp_4,min_temp_16 avg_temp_4,min_temp_17 max_temp_6,min_temp_18 min_temp_19,min_temp_20 max_temp_17,min_temp_21 max_temp_15,max_temp_4 avg_temp_16,max_temp_8 max_temp_19,max_temp_18 avg_temp_6,avg_temp_16 avg_temp_18
0,37660.1304347827,1449.3368259997676,-4826.221972848921,-5.593157703766812,-10113.837227525046,4764.232822542547,13734.159355627206,7426.146778153283,-5962.723389981825,-21958.76773282626,13872.061631961249,-1365.1535930594341,-20345.222387951075,6827.073119663108,15302.267019150824,-1346.1218214524579,13204.963345931845,701.0018981487519,9802.971669183458,9376.5744361583,-9615.240282703153,2523.9138165472773,2184.4290234242876
