,intercept,precip_0 precip_16,precip_0 precip_23,precip_0 avg_temp_23,precip_1 precip_5,precip_3 precip_10,precip_3 min_temp_3,precip_3 min_temp_9,precip_5 min_temp_2,precip_6 min_temp_23,precip_7 precip_11,precip_7 precip_22,precip_7 min_temp_11,precip_9 precip_10,precip_9 min_temp_2,precip_11 precip_14,precip_11 max_temp_23,precip_11 avg_temp_12,precip_12 precip_17,precip_13 precip_21,precip_13 min_temp_2,precip_15 min_temp_15,precip_18 precip_21,precip_19 precip_21,precip_20 precip_21,precip_20 min_temp_12,min_temp_0 min_temp_8,min_temp_0 min_temp_15,min_temp_0 min_temp_21,min_temp_1 avg_temp_1,min_temp_2 min_temp_23,min_temp_5 min_temp_8,min_temp_5 min_temp_16,min_temp_5 min_temp_17,min_temp_8 min_temp_9,min_temp_8 min_temp_17,min_temp_8 min_temp_20,min_temp_13 avg_temp_13,min_temp_14 avg_temp_0,min_temp_22^2,max_temp_6 Agricultural Land Mass
0,31433.673913043473,-1113.188200426687,-1792.6723423224846,-1601.1527426087114,867.4847176188425,383.2423714186009,1665.7504430697966,793.9234947315766,863.2279176910479,-808.0515742334203,-509.39345979174965,2634.441189240616,-1420.0154536353264,2561.560614632971,1096.1576197628215,-121.15588139180738,-851.4302774140036,-1560.2040257877547,1013.8910234078944,450.19032486544404,1166.1919864523538,1577.2255131479092,450.9631006682605,504.70078274367717,1075.7933106972534,-600.1551871292046,-1331.4787508748034,-2316.405262394816,-107.07031668730687,3019.633286433264,-270.80597218202047,1799.969289354787,858.9698351180591,2875.674932399311,4118.948085959014,3241.1410201544363,1856.0955891477752,2531.8545408513623,-578.657132079539,-94.162485155422,53.28253177998221
