,intercept,Agricultural Land Mass,min_temp_4 min_temp_16,min_temp_6 min_temp_16,min_temp_6 max_temp_16,min_temp_6 avg_temp_16,min_temp_8 min_temp_19,min_temp_16 max_temp_4,min_temp_17 max_temp_6,min_temp_17 avg_temp_9,max_temp_4 avg_temp_16,avg_temp_4 avg_temp_16,Agricultural Land Mass^2
0,36698.130434817336,3946787.251201098,273145.184012111,1158216.4154804114,1566295.799795603,-2673030.01304244,5746.635850937527,-274791.9052395942,7968.054945798761,6741.0808551989885,550780.2111728278,-548083.5132657962,-3947464.8221632326
