,intercept,Agricultural Land Mass,min_temp_4 min_temp_16,min_temp_6 min_temp_16,min_temp_6 max_temp_16,min_temp_6 avg_temp_16,min_temp_8 min_temp_19,min_temp_16 max_temp_4,min_temp_17 max_temp_6,min_temp_17 avg_temp_9,max_temp_4 avg_temp_16,avg_temp_4 avg_temp_16,Agricultural Land Mass^2
0,39304.10869562036,2657609.938718422,412531.61347175995,1192160.1533848313,1339673.1532310024,-2449307.2409993666,6411.9133109393715,-520739.181201391,11289.339303804796,5931.425554994277,888548.4633844031,-820727.0826860826,-2653417.6913544987
