,intercept,Agricultural Land Mass,min_temp_4 min_temp_16,min_temp_6 min_temp_16,min_temp_6 max_temp_16,min_temp_6 avg_temp_16,min_temp_8 min_temp_19,min_temp_16 max_temp_4,min_temp_17 max_temp_6,min_temp_17 avg_temp_9,max_temp_4 avg_temp_16,avg_temp_4 avg_temp_16,Agricultural Land Mass^2
0,33841.71739139482,3989177.2004825654,522136.14440972806,886679.195820881,783162.4385151396,-1560894.4495842245,2007.3565157641908,-760752.9817435759,5829.451190300941,3187.060290836661,1273324.5499861299,-1111415.5148598403,-3988878.800243763
