,intercept,Agricultural Land Mass,Agricultural Land Mass^2
0,39428.02173923285,13873280.078120798,-13877098.408651303
