,intercept,precip_5^2,min_temp_4 min_temp_16,min_temp_4 max_temp_21,min_temp_5 max_temp_17,min_temp_6 min_temp_18,min_temp_6 avg_temp_18,min_temp_7 max_temp_16,min_temp_8 avg_temp_9,min_temp_9 max_temp_12,min_temp_9 max_temp_19,min_temp_16 max_temp_3,min_temp_16 avg_temp_4,min_temp_16 avg_temp_18,min_temp_17 max_temp_6,min_temp_17 max_temp_7,min_temp_17 avg_temp_9,min_temp_18 min_temp_19,min_temp_18 max_temp_2,min_temp_20 avg_temp_21,min_temp_21 max_temp_15,max_temp_8 max_temp_19,avg_temp_6 avg_temp_18,Agricultural Land Mass^2
0,36117.195652173956,-1540.5636397092117,7275.277740813135,-5662.713303558424,19005.684376698468,2480.3011678006774,1488.1708446307623,-17505.05085101889,3662.5255534263356,4890.4559310342465,-4626.949715944258,-11056.965603237299,16851.869095220816,5274.846533125204,-1700.122662517098,-3312.544877343214,2518.0282050318956,10728.361266129243,981.1017914422736,-2666.8226383662354,8009.048577712173,-8794.326715736162,4780.105920473476,-896.3338889850486
