,intercept,Agricultural Land Mass,min_temp_4 min_temp_16,min_temp_6 min_temp_16,min_temp_6 max_temp_16,min_temp_6 avg_temp_16,min_temp_8 min_temp_19,min_temp_16 max_temp_4,min_temp_17 max_temp_6,min_temp_17 avg_temp_9,max_temp_4 avg_temp_16,avg_temp_4 avg_temp_16,Agricultural Land Mass^2
0,36508.91304385159,4519678.337214107,365479.6739731778,862556.62580003,929927.8651588827,-1712026.8872315916,4225.818410999509,-479642.4326925746,8183.998904335293,5502.286558547036,808128.8722229317,-728228.9905354946,-4518481.4885499375
