,intercept,Agricultural Land Mass,Agricultural Land Mass^2
0,39347.108695911316,13608386.08899386,-13613342.16794247
