,intercept,Agricultural Land Mass,min_temp_4 min_temp_16,Agricultural Land Mass^2
0,37134.52173981411,10764799.144844789,19213.7747357679,-10764344.763884243
