,intercept,Agricultural Land Mass,min_temp_4 min_temp_16,min_temp_6 min_temp_16,min_temp_6 max_temp_16,min_temp_6 avg_temp_16,min_temp_8 min_temp_19,min_temp_16 max_temp_4,min_temp_17 max_temp_6,min_temp_17 avg_temp_9,max_temp_4 avg_temp_16,avg_temp_4 avg_temp_16,Agricultural Land Mass^2
0,38038.82608685376,1331378.6521948944,606253.5825422867,1169148.002307041,925085.8582570389,-1930153.6621440167,6132.450262457982,-971399.62012735,7677.268413354719,3170.9035166464046,1432094.6608866146,-1176854.1808453973,-1329554.9313595828
