,intercept,min_temp_4 min_temp_16,min_temp_8 min_temp_19,min_temp_16 max_temp_4,min_temp_17 max_temp_6,min_temp_17 avg_temp_9,max_temp_4 avg_temp_16,Agricultural Land Mass^2
0,38667.2826086957,14392.008692112722,9027.563095841919,-5448.489797653483,11415.46953135037,6602.503769364838,-3022.7578830858124,-402.5413737574832
