,intercept,min_temp_7,Agricultural Land Mass,precip_5 min_temp_16,precip_7 precip_19,precip_9 min_temp_2,precip_9 min_temp_10,precip_10 max_temp_13,precip_21 min_temp_13,precip_21 min_temp_22,precip_22 min_temp_2,min_temp_0 max_temp_2,min_temp_2 min_temp_12,min_temp_3 avg_temp_8,min_temp_4 min_temp_5,min_temp_4 min_temp_6,min_temp_4 min_temp_16,min_temp_4 avg_temp_16,min_temp_5 min_temp_17,min_temp_5 max_temp_20,min_temp_5 avg_temp_6,min_temp_6 max_temp_6,min_temp_7 avg_temp_19,min_temp_8 min_temp_17,min_temp_9 min_temp_15,min_temp_9 min_temp_17,min_temp_9 max_temp_12,min_temp_16 min_temp_21,min_temp_18 max_temp_6,min_temp_18 avg_temp_6,min_temp_20 max_temp_9,max_temp_3 max_temp_8,max_temp_6 avg_temp_18,avg_temp_12 avg_temp_23
0,37280.478260869466,-3008.6358527025786,50.512896937367586,-6192.289389940667,-804.8342011323201,-561.9751915380946,-4150.6052871020565,-3494.6977218070356,773.508040816693,263.6164802342935,-2954.639537562065,-806.399274968081,-406.2818775344828,6118.534201609612,3857.0330843455768,1097.6611165133738,1896.3570477282724,9743.557157077317,4540.667232949777,9270.835749011836,5153.89344605839,3943.1480769248765,-13710.452446359935,10812.168885629731,1540.6319325545626,3855.329279376508,-1298.9632118200532,10333.482721291613,362.2235977998674,704.3668390305439,-3462.40654320312,-18320.728259306645,2776.330554478883,7078.920934308107
