,intercept,Agricultural Land Mass,precip_5 max_temp_8,min_temp_4 min_temp_16,min_temp_5 min_temp_16,min_temp_5 min_temp_17,min_temp_5 max_temp_17,min_temp_6 min_temp_8,min_temp_6 max_temp_19,min_temp_7 max_temp_16,min_temp_8 min_temp_16,min_temp_8 max_temp_19,min_temp_9 max_temp_12,min_temp_9 max_temp_19,min_temp_16 max_temp_3,min_temp_18 max_temp_2,min_temp_20 avg_temp_16,min_temp_20 avg_temp_21,max_temp_7 avg_temp_18,max_temp_8 max_temp_19,max_temp_8 avg_temp_19,max_temp_18 avg_temp_6
0,36833.93478260864,1083.7468635299565,-5127.265915941887,7667.304896691432,8488.133387388558,9720.798401037076,3389.9739045832275,6871.118795191536,2121.579575489021,-8542.927154515672,9184.003574116268,4305.014975132754,6368.14651443471,2626.9062712638392,-8443.763836631648,-3442.5566429920445,147.39406036327588,2969.5060685490134,-594.1588491158197,-5673.547747999299,-8326.300808252565,2750.902479645261
