,intercept,Agricultural Land Mass,precip_5^2,min_temp_4 min_temp_17,min_temp_4 max_temp_21,min_temp_5 max_temp_17,min_temp_6 max_temp_19,min_temp_7 max_temp_16,min_temp_8 avg_temp_9,min_temp_9 max_temp_12,min_temp_9 max_temp_19,min_temp_16 max_temp_3,min_temp_16 avg_temp_4,min_temp_17 avg_temp_9,min_temp_18 min_temp_19,min_temp_18 max_temp_2,min_temp_20 avg_temp_21,min_temp_21 max_temp_15,min_temp_21 avg_temp_3,max_temp_8 max_temp_19,max_temp_18 avg_temp_6
0,36222.130434782615,1168.768740173155,-2568.3963422412776,1148.0687714529909,-5940.640838272863,13213.947502629928,-961.6781902352736,-14898.480984256099,8199.63833171386,5700.027520616505,-9237.327039930306,-9143.97058373304,23038.50146313282,2147.100674134402,8056.9250600332225,593.6316700115841,-305.2120209686562,3300.0009174754005,1881.9641249038232,-4013.066102833757,5533.4832789353495
