,intercept,Agricultural Land Mass,min_temp_4 min_temp_16,min_temp_6 min_temp_16,min_temp_6 max_temp_16,min_temp_6 avg_temp_16,min_temp_8 min_temp_19,min_temp_16 max_temp_4,min_temp_17 max_temp_6,min_temp_17 avg_temp_9,max_temp_4 avg_temp_16,avg_temp_4 avg_temp_16,Agricultural Land Mass^2
0,37833.21739131216,863865.6732816028,700920.1405625878,786817.799253954,766882.2744867322,-1460113.639877863,11545.543878818251,-803130.1540109923,9956.052377942908,2657.322263547345,1493229.248024531,-1437702.1412625415,-860433.0226072571
