,intercept,Agricultural Land Mass,min_temp_4 min_temp_16,min_temp_6 min_temp_16,min_temp_6 max_temp_16,min_temp_6 avg_temp_16,min_temp_8 min_temp_19,min_temp_16 max_temp_4,min_temp_17 max_temp_6,min_temp_17 avg_temp_9,max_temp_4 avg_temp_16,avg_temp_4 avg_temp_16,Agricultural Land Mass^2
0,33550.60869568407,2903875.109053527,350180.16230135184,666232.0052705852,668505.5334551957,-1254980.8109967029,1358.512139245786,-455410.9197372915,6204.97150737924,1735.7425447921364,779204.7131108119,-712041.2366695895,-2903108.259568268
