,intercept,min_temp_16,precip_5^2,precip_5 max_temp_6,min_temp_4 min_temp_16,min_temp_4 max_temp_21,min_temp_4 avg_temp_3,min_temp_4 avg_temp_21,min_temp_5 min_temp_17,min_temp_6 min_temp_8,min_temp_6 min_temp_18,min_temp_6 avg_temp_17,min_temp_8 min_temp_16,min_temp_8 min_temp_19,min_temp_8 max_temp_19,min_temp_8 avg_temp_5,min_temp_8 avg_temp_9,min_temp_9 min_temp_21,min_temp_9 max_temp_12,min_temp_16^2,min_temp_16 min_temp_17,min_temp_16 max_temp_3,min_temp_16 max_temp_4,min_temp_16 max_temp_20,min_temp_16 max_temp_21,min_temp_16 avg_temp_4,min_temp_16 avg_temp_5,min_temp_16 avg_temp_6,min_temp_16 Agricultural Land Mass,min_temp_17 max_temp_6,min_temp_17 avg_temp_6,min_temp_17 avg_temp_9,min_temp_18 min_temp_19,min_temp_19 avg_temp_7,min_temp_19 avg_temp_8,min_temp_20 max_temp_17,min_temp_20 avg_temp_21,min_temp_21 avg_temp_3,max_temp_4 avg_temp_16,max_temp_7 max_temp_16,max_temp_7 avg_temp_18,max_temp_17 avg_temp_5,max_temp_18 avg_temp_6,avg_temp_8 avg_temp_19,Agricultural Land Mass^2
0,39542.60869565229,-67563.90441841348,-37850.802426761235,36357.30200311773,64845.486141347246,-238488.129020941,134292.83089021407,92072.5254607378,56953.656109606905,6166.479125999777,-10503.844549927167,-15730.226894207099,210967.1717558693,-6133.887089020079,-37978.30154717458,-3367.7723227165425,-71364.72558387929,-36044.91100735137,9444.071148595773,-93135.59958086553,24139.653282457726,-158579.72930367,29152.959985333193,53581.24318105618,160593.34788892776,5936.744478318956,-32758.614416926204,-751.8058116975574,-123503.92503706858,-56929.24525906461,-15512.27539293766,106173.93362432755,35755.07167684318,-2310.2718468503376,-17627.50274602878,-13901.977051927202,-2276.1080066127206,-3428.3138858660454,9413.722936862072,20562.110336744754,-31327.693500235342,-3644.4469117264994,37861.75124247512,-4460.30209433105,5210.001538718537
