,intercept,Agricultural Land Mass,min_temp_4 min_temp_16,min_temp_6 min_temp_16,min_temp_6 max_temp_16,min_temp_6 avg_temp_16,min_temp_8 min_temp_19,min_temp_16 max_temp_4,min_temp_17 max_temp_6,min_temp_17 avg_temp_9,max_temp_4 avg_temp_16,avg_temp_4 avg_temp_16,Agricultural Land Mass^2
0,36852.08695652128,8365.02306734711,143498.24711284455,101165.74503486035,-1324.6907501888231,-72721.88679010316,6281.673084047865,-201239.67021200055,8564.524315480798,9766.704434902214,291714.3129311635,-250088.13994258354,-5039.8402373787185
