,intercept,Agricultural Land Mass,precip_4 precip_20,precip_5 max_temp_8,precip_5 max_temp_22,precip_7 precip_19,precip_9 min_temp_10,precip_10 max_temp_13,precip_12 max_temp_23,precip_16 min_temp_0,precip_21 min_temp_13,precip_22 min_temp_2,min_temp_3 max_temp_12,min_temp_3 avg_temp_8,min_temp_4 min_temp_16,min_temp_4 avg_temp_16,min_temp_5 max_temp_16,min_temp_5 avg_temp_17,min_temp_6 avg_temp_18,min_temp_7 min_temp_19,min_temp_8 min_temp_17,min_temp_8 max_temp_20,min_temp_8 max_temp_21,min_temp_9 min_temp_21,min_temp_9 max_temp_12,min_temp_16 min_temp_21,min_temp_18 max_temp_20,min_temp_19 max_temp_8,min_temp_19 avg_temp_7,max_temp_3 avg_temp_8,max_temp_5 max_temp_15,max_temp_14 avg_temp_8,avg_temp_3 avg_temp_22,avg_temp_6 avg_temp_18
0,38604.99999999976,3757.6483966814735,5509.305339603242,-1577.6788143833282,-4747.17761015528,-6793.4537367631465,-4514.588114390488,-11371.102838686893,493.46033792115986,3676.8776132590124,661.4424671121491,-7932.854336681012,5615.670532280238,1569.305177263565,4102.5874327835245,7364.275990729931,5697.382352960775,11273.875542727346,12755.041033389718,-4165.40965172674,5768.158679949763,1967.4393390712917,6815.149525562647,41.10200541772698,6150.968150026846,4704.887335971194,641.0862449998054,-5154.762782592344,-1159.1523713743468,-6605.673954797091,-8020.541107231269,-276.59509568289786,-3485.979830365345,1.1572468655627428
