,intercept,Agricultural Land Mass,precip_3 precip_10,precip_5 max_temp_22,precip_7 precip_19,precip_9 min_temp_10,precip_10 max_temp_13,precip_16 avg_temp_5,precip_21 min_temp_13,precip_22 avg_temp_10,min_temp_0 min_temp_2,min_temp_3 max_temp_12,min_temp_3 avg_temp_8,min_temp_4 min_temp_16,min_temp_4 max_temp_21,min_temp_4 avg_temp_14,min_temp_5 min_temp_15,min_temp_5 min_temp_16,min_temp_5 max_temp_17,min_temp_6 max_temp_17,min_temp_6 max_temp_18,min_temp_7 avg_temp_6,min_temp_8 min_temp_9,min_temp_8 max_temp_21,min_temp_9 min_temp_21,min_temp_20 max_temp_7,max_temp_3 max_temp_8,max_temp_5 max_temp_15,max_temp_7 avg_temp_19,max_temp_8 max_temp_19,max_temp_9 avg_temp_8,max_temp_18 avg_temp_17,max_temp_21 avg_temp_16,avg_temp_3 avg_temp_22,avg_temp_12 avg_temp_23
0,36715.21739130442,3003.97400307744,5007.437526743022,-1615.2242365461261,-6388.016899637956,-1141.3892035729887,-8992.106349602975,-239.53264017155246,2011.1211840571193,-645.6444290980892,273.0378234720185,4441.525225029944,1200.7637736541417,8379.162874479502,2050.903614396778,2769.82226302171,11902.915979415915,7692.419676015849,10122.354187349463,2371.6788793877245,9082.54102563179,-3557.457144106875,1640.5105471656695,7547.85895812687,4322.498781358115,-516.0257240320228,-4321.774471784691,-15145.099449834714,-6830.975509112899,-453.61082228612145,-4882.78285354851,441.8180949320668,287.5175275570417,-1142.0361533591488,3107.1651231453898
