,intercept,Agricultural Land Mass,Agricultural Land Mass^2
0,41664.130434737264,13772000.439294463,-13774219.363101041
