,intercept,Agricultural Land Mass,Agricultural Land Mass^2
0,41579.869565599074,15208096.645695621,-15213170.127567895
