,intercept,precip_1 max_temp_13,precip_5^2,precip_7 precip_19,precip_9 min_temp_2,precip_12 max_temp_23,precip_20 max_temp_22,precip_21 min_temp_13,precip_21 min_temp_22,precip_22 min_temp_9,precip_22 avg_temp_10,min_temp_0 max_temp_2,min_temp_2 min_temp_12,min_temp_3 max_temp_12,min_temp_3 avg_temp_8,min_temp_4 avg_temp_14,min_temp_5 min_temp_21,min_temp_5 max_temp_4,min_temp_5 max_temp_17,min_temp_6 max_temp_18,min_temp_7 avg_temp_6,min_temp_8 max_temp_9,min_temp_15 min_temp_19,min_temp_16 max_temp_22,min_temp_17 max_temp_2,min_temp_18 max_temp_9,min_temp_19 avg_temp_18,max_temp_3 avg_temp_8,max_temp_5 max_temp_15,max_temp_7 avg_temp_19,max_temp_8 max_temp_19,max_temp_17 avg_temp_4,max_temp_17 avg_temp_5,avg_temp_7 avg_temp_19,avg_temp_7 avg_temp_20,avg_temp_12 avg_temp_23,avg_temp_18^2,Agricultural Land Mass^2
0,38477.02173913044,-4035.62597166507,-2786.45135902958,-2645.3494659303738,6461.023607903138,4585.75902888279,-2333.544561355503,-1657.1374855070762,231.36853313125965,5940.95333671716,-2090.4682522096045,-1958.0272577031203,-143.71810793743919,8354.151797295614,5603.2385196730465,8707.570145026459,2483.6582441753767,5117.323182349442,16519.932315541486,9550.019123697,-5140.6918956529935,4721.387333511,3482.713767750858,5403.65682763875,-1806.8956559997846,1473.5091222424517,2165.543373783082,-21635.8159599386,-4364.525766355321,-8919.21645688225,-1089.9705361200683,3442.569173928114,248.20685232218682,-123.00042573989921,-2255.480902753072,4041.7008019313494,3036.8667444650137,-1683.6760466254175
