,intercept,Agricultural Land Mass,min_temp_4 min_temp_16,min_temp_6 min_temp_16,min_temp_6 max_temp_16,min_temp_6 avg_temp_16,min_temp_8 min_temp_19,min_temp_16 max_temp_4,min_temp_17 max_temp_6,min_temp_17 avg_temp_9,max_temp_4 avg_temp_16,avg_temp_4 avg_temp_16,Agricultural Land Mass^2
0,35982.93478252654,2654159.4285773854,477640.23965135694,1126483.5080336342,1178525.3951747005,-2205939.5665120226,7641.951820759254,-664661.7900419782,9380.627693120437,3808.8182958482316,1103545.789457029,-972348.4707969949,-2651784.446229158
