,intercept,Agricultural Land Mass,precip_5 max_temp_6,min_temp_4 min_temp_16,min_temp_4 max_temp_21,min_temp_5 max_temp_17,min_temp_6 max_temp_18,min_temp_6 max_temp_19,min_temp_6 avg_temp_18,min_temp_7 max_temp_16,min_temp_8 min_temp_16,min_temp_9 min_temp_21,min_temp_9 max_temp_12,min_temp_9 max_temp_19,min_temp_16 max_temp_3,min_temp_16 avg_temp_4,min_temp_17 min_temp_18,min_temp_17 avg_temp_9,min_temp_18 min_temp_19,min_temp_18 max_temp_2,min_temp_20 avg_temp_21,min_temp_21 max_temp_15,max_temp_4 avg_temp_16,max_temp_8 max_temp_19
0,38596.521739130374,119.52023289287163,-3487.839568934694,436.3261117674021,-1900.8293335722879,21442.583527260053,6955.939961122934,-1714.5330000560814,4256.203789156046,-21214.018506539913,14450.235560372523,2926.7832086423214,7036.575034697595,-4115.1355719469175,-7937.412892000951,12028.917349386169,562.5714151891156,1372.9069622813956,6607.188522632076,-1513.8745642097372,-5385.5113857037395,1725.998196034459,3529.222406746154,-6768.999404698491
