,intercept,Agricultural Land Mass,precip_5 max_temp_8,min_temp_4 avg_temp_16,min_temp_4 avg_temp_21,min_temp_5 min_temp_16,min_temp_5 max_temp_17,min_temp_6 min_temp_8,min_temp_6 max_temp_16,min_temp_7 max_temp_16,min_temp_8 min_temp_16,min_temp_8 avg_temp_5,min_temp_8 avg_temp_9,min_temp_9 max_temp_12,min_temp_16 max_temp_3,min_temp_17 min_temp_18,min_temp_18 max_temp_2,min_temp_19 avg_temp_7,min_temp_20 avg_temp_21,max_temp_7 avg_temp_18,max_temp_8 max_temp_19,max_temp_18 avg_temp_6
0,32811.260869565165,420.25017695131385,-4834.963078199563,9520.81475273109,172.22525317955532,11054.886323055625,6375.204469622661,3808.0009550249642,499.81917191102065,-4216.066912731012,11884.568661760202,437.46696228634886,1138.2402715674252,1553.3469067648728,-13317.025864691559,-234.435189498392,-860.6685133812327,-1581.3566111610776,7704.870429018856,-4389.2259848657695,-7702.205002026895,3172.3133973030904
