,intercept,Agricultural Land Mass,min_temp_4 min_temp_16,min_temp_6 min_temp_16,min_temp_6 max_temp_16,min_temp_6 avg_temp_16,min_temp_8 min_temp_19,min_temp_16 max_temp_4,min_temp_17 max_temp_6,min_temp_17 avg_temp_9,max_temp_4 avg_temp_16,avg_temp_4 avg_temp_16,Agricultural Land Mass^2
0,38573.63043475912,2967778.9185882173,682325.779982199,1194631.9865402519,883997.6930427281,-1890192.4495920157,5430.90553682256,-1084660.6502578754,6968.704869693689,3630.921218272385,1606100.6228354336,-1325939.026371259,-2967247.861186383
