,intercept,Agricultural Land Mass,min_temp_4 min_temp_16,min_temp_6 min_temp_16,min_temp_6 max_temp_16,min_temp_8 min_temp_19,min_temp_16 max_temp_4,min_temp_17 max_temp_6,min_temp_17 avg_temp_9
0,39707.73913043485,1253.6311867057977,28352.844764577716,6486.242287330407,-1988.1684354844808,8100.017709544608,-21974.415842671977,12026.283813062915,4264.252949931806
