,intercept,Agricultural Land Mass,min_temp_4 min_temp_16,min_temp_6 min_temp_16,min_temp_6 max_temp_16,min_temp_6 avg_temp_16,min_temp_8 min_temp_19,min_temp_16 max_temp_4,min_temp_17 max_temp_6,min_temp_17 avg_temp_9,max_temp_4 avg_temp_16,avg_temp_4 avg_temp_16,Agricultural Land Mass^2
0,41359.95652176498,1602337.3372427681,777814.0888167508,1789623.3910815413,1665340.2184461548,-3254006.2854605988,7315.283798286204,-1221463.0386352364,6978.410211435014,4494.764992380656,1870055.9957616094,-1557646.9669423194,-1600449.5873399607
