,intercept,Agricultural Land Mass,min_temp_4 min_temp_16,min_temp_6 min_temp_16,min_temp_6 max_temp_16,min_temp_6 avg_temp_16,min_temp_8 min_temp_19,min_temp_16 max_temp_4,min_temp_17 max_temp_6,min_temp_17 avg_temp_9,max_temp_4 avg_temp_16,avg_temp_4 avg_temp_16,Agricultural Land Mass^2
0,34562.54347826026,68503.96079191365,108667.76933596616,115506.94975078944,90577.09029952466,-191805.59543937858,3865.4314186383904,-121541.35988010731,8480.359411032186,5788.652325803662,195648.55265022098,-184812.81647697138,-69545.98273664618
