,intercept,Agricultural Land Mass,min_temp_4 min_temp_16,min_temp_4 max_temp_21,min_temp_5 min_temp_16,min_temp_5 max_temp_17,min_temp_6 max_temp_19,min_temp_6 avg_temp_18,min_temp_7 max_temp_16,min_temp_8 avg_temp_9,min_temp_9 max_temp_12,min_temp_9 max_temp_19,min_temp_16 max_temp_3,min_temp_16 max_temp_20,min_temp_16 avg_temp_4,min_temp_17 max_temp_7,min_temp_17 avg_temp_9,min_temp_18 min_temp_19,min_temp_18 max_temp_2,min_temp_21 max_temp_15,min_temp_21 avg_temp_3,max_temp_4 avg_temp_16,max_temp_8 max_temp_19,max_temp_18 avg_temp_6,avg_temp_6 avg_temp_18
0,37539.02173913048,1141.548624509485,11623.100600814658,-10063.272430646493,3541.961086033984,17329.552847451458,-1555.725739592746,2723.4463373590584,-12305.593131579373,5849.774189320189,5099.844393662959,-6726.791368518203,-18200.707117751146,-2339.515917078569,9017.051050531367,-8359.098676675738,6640.903104657507,11892.000339012884,713.295022781754,4242.46694949295,3160.0257944328814,12087.236916543543,-9726.662654990778,3962.782137300019,924.4291621035287
