,intercept,Agricultural Land Mass,Agricultural Land Mass^2
0,36510.869564775654,11385615.88008605,-11389493.063501034
