,intercept,Agricultural Land Mass,precip_5^2,min_temp_4 min_temp_16,min_temp_4 max_temp_21,min_temp_5 max_temp_17,min_temp_6 max_temp_18,min_temp_6 avg_temp_6,min_temp_7 max_temp_16,min_temp_8 min_temp_16,min_temp_8 min_temp_19,min_temp_8 avg_temp_5,min_temp_8 avg_temp_9,min_temp_9 max_temp_12,min_temp_9 max_temp_19,min_temp_16 max_temp_3,min_temp_17 max_temp_6,min_temp_18 min_temp_19,min_temp_18 max_temp_2,min_temp_19 avg_temp_7,min_temp_20 max_temp_17,min_temp_21 max_temp_15,min_temp_21 avg_temp_3,max_temp_8 max_temp_19,max_temp_18 avg_temp_6,avg_temp_16 avg_temp_18
0,36370.6739130435,2771.7230546866735,-6595.392012256684,19466.846539325015,-891.7466494913828,16513.382914229125,2542.631484158825,-81.03558718508953,-16395.404108849107,143.80870173093322,5535.05541427817,3113.9566051667193,3875.3552776890774,9703.653857014993,-6988.447336448981,-13050.215997532463,-2044.6634975050222,10463.201736145564,-2360.9306886093714,-7106.370511002598,-2214.8935948508083,6456.953437236716,420.43020811673506,-4465.649956186731,2631.5691973346898,10163.725502076111
