,intercept,Agricultural Land Mass,min_temp_4 min_temp_16,min_temp_6 min_temp_16,min_temp_6 max_temp_16,min_temp_6 avg_temp_16,min_temp_8 min_temp_19,min_temp_16 max_temp_4,min_temp_17 max_temp_6,min_temp_17 avg_temp_9,max_temp_4 avg_temp_16,avg_temp_4 avg_temp_16,Agricultural Land Mass^2
0,38403.82608695886,87542.76480406341,127718.82434770603,73697.56296972334,105065.86761276584,-179748.10786509025,4372.324201897382,-72478.5909725568,11031.947005562895,4564.872613999968,179710.62425551258,-222021.27836532588,-88396.51984856208
