,intercept,Agricultural Land Mass,min_temp_4 min_temp_16,Agricultural Land Mass^2
0,39606.434783349905,10650224.79262726,20130.226681373766,-10648074.518946713
