,intercept,Agricultural Land Mass,min_temp_4 min_temp_16,min_temp_6 min_temp_16,min_temp_6 max_temp_16,min_temp_6 avg_temp_16,min_temp_8 min_temp_19,min_temp_16 max_temp_4,min_temp_17 max_temp_6,min_temp_17 avg_temp_9,max_temp_4 avg_temp_16,avg_temp_4 avg_temp_16,Agricultural Land Mass^2
0,36769.56521749063,3976089.9885618333,484911.3073230402,1160147.8088275804,1244003.5186267793,-2303632.698120181,6558.065882602726,-678231.9461684449,7905.356920138733,7791.0781705862,1134017.7172438926,-999879.4178177447,-3975436.715319953
