,intercept,min_temp_7,Agricultural Land Mass,precip_1 max_temp_13,precip_3 precip_10,precip_5 min_temp_16,precip_7 precip_19,precip_9 min_temp_2,precip_9 min_temp_10,precip_10 max_temp_13,precip_12 max_temp_23,precip_13 min_temp_2,precip_16 min_temp_0,precip_16 max_temp_20,precip_22 min_temp_2,precip_22 avg_temp_10,min_temp_2 min_temp_12,min_temp_4 min_temp_16,min_temp_4 avg_temp_16,min_temp_5 min_temp_15,min_temp_5 min_temp_17,min_temp_5 max_temp_16,min_temp_6 min_temp_18,min_temp_6 max_temp_16,min_temp_8 min_temp_17,min_temp_8 max_temp_21,min_temp_9 min_temp_15,min_temp_9 min_temp_21,max_temp_3 avg_temp_8,max_temp_5 max_temp_15,max_temp_7 avg_temp_19,max_temp_8 max_temp_19,max_temp_8 avg_temp_19,max_temp_16 max_temp_21,avg_temp_12 avg_temp_23
0,36722.78260869558,-2019.6611681030172,1500.9848384676395,-2311.084246893529,7110.925995273643,-3590.8860155461734,-2867.658717541154,-471.82167337954127,-4322.539431267262,-13563.061840171942,903.0453994950481,8.378860234477939,1140.9048640373976,-1955.6112006228248,-3126.150396262335,-430.93146681029157,-3925.547937137841,4577.889591797202,2064.968040691969,7800.269129964546,9681.874796307588,3112.8959097969764,7090.251093349786,3423.5467813036134,11703.932051230779,7188.76058560193,4701.323457641546,5005.817819665733,-1608.694361638748,-16604.890238983164,-3370.429679706513,-570.5248865465253,-8337.206497958907,2761.651225241946,8277.031729002852
