,intercept,Agricultural Land Mass,min_temp_4 min_temp_16,min_temp_6 min_temp_16,min_temp_6 max_temp_16,min_temp_6 avg_temp_16,min_temp_8 min_temp_19,min_temp_16 max_temp_4,min_temp_17 max_temp_6,min_temp_17 avg_temp_9,max_temp_4 avg_temp_16,avg_temp_4 avg_temp_16,Agricultural Land Mass^2
0,37834.10869566119,4056158.2884659027,421967.1962312514,1055867.1764897236,1200746.8175737795,-2183340.954412383,6452.698184995648,-523724.71584839036,7807.1773690867785,6249.468866915553,924527.3057938223,-855881.5720913376,-4053680.760706109
