,intercept,min_temp_16,precip_5^2,precip_5 max_temp_8,min_temp_4 min_temp_16,min_temp_4 min_temp_17,min_temp_4 max_temp_21,min_temp_4 avg_temp_3,min_temp_4 avg_temp_17,min_temp_5 min_temp_16,min_temp_6 min_temp_8,min_temp_6 min_temp_16,min_temp_6 min_temp_17,min_temp_6 min_temp_18,min_temp_6 max_temp_19,min_temp_6 avg_temp_16,min_temp_7 min_temp_16,min_temp_7 avg_temp_16,min_temp_8 min_temp_16,min_temp_8 min_temp_19,min_temp_8 avg_temp_9,min_temp_9 min_temp_21,min_temp_9 max_temp_12,min_temp_9 max_temp_19,min_temp_16^2,min_temp_16 min_temp_17,min_temp_16 max_temp_3,min_temp_16 max_temp_5,min_temp_16 max_temp_20,min_temp_16 max_temp_21,min_temp_16 avg_temp_4,min_temp_16 avg_temp_7,min_temp_16 Agricultural Land Mass,min_temp_17 min_temp_18,min_temp_17 max_temp_6,min_temp_17 max_temp_7,min_temp_17 avg_temp_9,min_temp_18 min_temp_19,min_temp_18 max_temp_2,min_temp_18 max_temp_6,min_temp_19 avg_temp_8,min_temp_20 max_temp_17,min_temp_20 avg_temp_16,min_temp_20 avg_temp_21,min_temp_21 max_temp_15,min_temp_21 avg_temp_3,max_temp_4 avg_temp_16,max_temp_8 avg_temp_19,max_temp_17 avg_temp_5,max_temp_18 avg_temp_6,avg_temp_7 avg_temp_16,Agricultural Land Mass^2
0,36993.52173913114,-84318.88883396839,6805.437340514485,-7631.5329715214775,93526.24941173097,-56868.840725018345,-41918.24288965949,54335.31952332753,-18115.794585553023,45235.803167813014,106937.31395116923,4167.552955026105,-29285.590421547255,-31640.25605452115,3761.6768056406922,1153.3609873422486,-14906.582653857538,-112.11715562261013,255108.5373343761,-182133.27018261675,-92216.10617226217,-8156.0191143125485,6217.4296263536,-6061.70365835398,-91062.12934323866,78651.42844859205,-85520.47001583743,-27179.410599275212,31587.90651140428,-3146.866948276729,1759.997260171616,-16.222070334866146,-53953.9400899273,-12839.670839109524,-9465.135751854554,-6188.414290125577,104528.39899417246,115837.10853202046,-985.9666480803531,-31863.002952507242,-10460.105468259062,-11796.261760767808,-39782.3111167868,34798.87929041683,-33267.0130604848,29477.400198113337,11329.4892921458,-3171.2158679708145,-1078.5856577607212,21956.01566640916,-4258.941944075762,2906.8737694432857
