,intercept,Agricultural Land Mass,precip_5 max_temp_8,min_temp_4 min_temp_16,min_temp_4 avg_temp_21,min_temp_5 min_temp_17,min_temp_5 max_temp_17,min_temp_6 max_temp_16,min_temp_7 min_temp_16,min_temp_7 max_temp_16,min_temp_8 min_temp_16,min_temp_9 min_temp_21,min_temp_9 max_temp_12,min_temp_16 max_temp_3,min_temp_18 max_temp_2,min_temp_19 avg_temp_7,min_temp_20 avg_temp_21,max_temp_6 max_temp_16,max_temp_8 avg_temp_19,max_temp_18 avg_temp_6,avg_temp_16 avg_temp_18
0,36290.152173913164,1145.4187194385759,-1513.6258893416307,15181.678805245081,3743.874442112128,1264.2950111705534,10092.265400538245,4485.0241379545705,-9633.583708902634,-11804.529455388254,17505.596595817722,5938.522345285705,-1497.1614484328832,-19545.0040961816,-1998.537318507747,-287.74004182284165,1390.2990895232897,5073.585322403133,-5630.023564742293,2872.624825992086,8370.368797236033
