,intercept,Agricultural Land Mass,min_temp_4 min_temp_16,min_temp_6 min_temp_16,min_temp_6 max_temp_16,min_temp_6 avg_temp_16,min_temp_8 min_temp_19,min_temp_16 max_temp_4,min_temp_17 max_temp_6,min_temp_17 avg_temp_9,max_temp_4 avg_temp_16,avg_temp_4 avg_temp_16,Agricultural Land Mass^2
0,38982.847826101344,218132.27913047824,759141.3164421803,688710.8406876663,480690.87777516193,-1063811.9966928745,14244.939163674646,-954818.3837312498,10259.994382185227,2135.85582939593,1683775.0133012538,-1562876.958301588,-214689.94076562955
