,intercept,Agricultural Land Mass,precip_5 max_temp_8,min_temp_4 min_temp_16,min_temp_5 min_temp_16,min_temp_5 min_temp_17,min_temp_5 max_temp_17,min_temp_6 min_temp_8,min_temp_6 max_temp_16,min_temp_6 max_temp_18,min_temp_6 avg_temp_18,min_temp_7 max_temp_16,min_temp_9 max_temp_12,min_temp_16 max_temp_3,min_temp_18 min_temp_19,min_temp_18 max_temp_2,min_temp_19 avg_temp_7,min_temp_20 avg_temp_16,min_temp_20 avg_temp_21,max_temp_8 max_temp_19,avg_temp_16 avg_temp_18
0,36843.5217391305,111.58357741922403,-3675.5366609904736,12953.089410552082,10539.294297637156,6727.4782513117125,2483.0769207959406,2772.720506775895,1093.5951472975648,5203.4450732460455,1624.944215521003,-3748.155415559254,3536.0450602448955,-13481.55193307296,5025.566699965555,-1326.6937911395787,-9409.881748790625,566.8706469147307,4359.182188540098,-605.9413683136567,2156.773889933399
