,intercept,Agricultural Land Mass,min_temp_4 min_temp_16,min_temp_6 min_temp_16,min_temp_6 max_temp_16,min_temp_6 avg_temp_16,min_temp_8 min_temp_19,min_temp_16 max_temp_4,min_temp_17 max_temp_6,min_temp_17 avg_temp_9,max_temp_4 avg_temp_16,avg_temp_4 avg_temp_16,Agricultural Land Mass^2
0,37742.10869506833,5902848.612634722,252827.71039574873,1026057.8931108209,1127317.6543402572,-2067561.2847353013,4526.269846269503,-422377.69886363455,6465.411441097197,7475.487675623498,617163.8777898407,-490291.82656460116,-5902776.7824051995
