,intercept,Agricultural Land Mass,min_temp_4 min_temp_16,min_temp_6 min_temp_16,min_temp_6 max_temp_16,min_temp_6 avg_temp_16,min_temp_8 min_temp_19,min_temp_16 max_temp_4,min_temp_17 max_temp_6,min_temp_17 avg_temp_9,max_temp_4 avg_temp_16,avg_temp_4 avg_temp_16,Agricultural Land Mass^2
0,38820.28260869986,72485.7707209276,73640.46313622179,171541.96464016993,16367.435459292796,-149218.2896730663,10563.426056396898,-227219.62894603258,9967.112827631776,8581.179344420383,242988.64081980698,-123810.41574448523,-70557.99656053532
