,intercept,Agricultural Land Mass,min_temp_4 min_temp_16,min_temp_6 min_temp_16,min_temp_6 max_temp_16,min_temp_6 avg_temp_16,min_temp_8 min_temp_19,min_temp_16 max_temp_4,min_temp_17 max_temp_6,min_temp_17 avg_temp_9,max_temp_4 avg_temp_16,avg_temp_4 avg_temp_16,Agricultural Land Mass^2
0,35729.10869559619,3108228.313451724,690100.1061909065,633728.2425798448,403971.70591588836,-934199.3076484756,8119.525824069285,-885652.2694777459,7109.055886550557,4002.328879312425,1509182.2544316165,-1384338.6892759886,-3106385.5026463624
