,intercept,Agricultural Land Mass,precip_5^2,precip_5 max_temp_8,min_temp_4 min_temp_16,min_temp_4 max_temp_21,min_temp_5 max_temp_17,min_temp_6 avg_temp_18,min_temp_7 max_temp_16,min_temp_8 min_temp_16,min_temp_9 max_temp_12,min_temp_9 max_temp_19,min_temp_16 max_temp_3,min_temp_16 avg_temp_4,min_temp_17 max_temp_7,min_temp_17 avg_temp_9,min_temp_18 min_temp_19,min_temp_19 avg_temp_7,min_temp_20 max_temp_17,min_temp_21 max_temp_15,max_temp_8 max_temp_19,max_temp_18 avg_temp_6,avg_temp_6 avg_temp_18
0,38060.065217391464,2439.126652321416,-1584.4025285116847,-1120.0291428372552,2715.2582514664437,-6615.535126284402,16958.994414174365,7127.75759737135,-13007.966955863008,9555.763712306954,5797.213311442469,-10001.935654639185,-17676.61898064821,25835.744200750552,-3396.9327167628358,10928.901744147366,4479.588477808657,-2750.4182589142374,-475.2025180522537,904.157167757993,-2306.849797772365,2106.000903564207,2979.113260759828
