,intercept,Agricultural Land Mass,min_temp_4 min_temp_16,min_temp_6 min_temp_16,min_temp_6 max_temp_16,min_temp_6 avg_temp_16,min_temp_8 min_temp_19,min_temp_16 max_temp_4,min_temp_17 max_temp_6,min_temp_17 avg_temp_9,max_temp_4 avg_temp_16,avg_temp_4 avg_temp_16,Agricultural Land Mass^2
0,40249.5217390944,2023622.400420943,825464.732181324,1440620.6189702777,1320364.4098366944,-2585023.0553030893,5275.576875626668,-1141887.1485513053,10717.436718369268,3546.975783887594,1869534.4604290125,-1659095.5353730614,-2021959.9644158578
