,intercept,Agricultural Land Mass,min_temp_4 min_temp_16,min_temp_6 min_temp_16,min_temp_6 max_temp_16,min_temp_6 avg_temp_16,min_temp_8 min_temp_19,min_temp_16 max_temp_4,min_temp_17 max_temp_6,min_temp_17 avg_temp_9,max_temp_4 avg_temp_16,avg_temp_4 avg_temp_16,Agricultural Land Mass^2
0,37501.65217416634,4391543.975720161,250226.11807077267,1044145.8858222471,1117251.6286452613,-2070377.2149179545,3209.104577667551,-410301.1443017716,8349.649655895984,5982.946795147141,595114.8383375172,-477584.71794681094,-4391529.047184451
