,intercept,precip_5 max_temp_8,min_temp_4 min_temp_16,min_temp_4 max_temp_21,min_temp_5 max_temp_17,min_temp_7 max_temp_16,min_temp_8 min_temp_16,min_temp_8 min_temp_19,min_temp_8 avg_temp_9,min_temp_9 max_temp_12,min_temp_9 max_temp_19,min_temp_16 max_temp_3,min_temp_17 max_temp_7,min_temp_17 avg_temp_9,min_temp_18 min_temp_19,min_temp_18 max_temp_2,min_temp_20 max_temp_17,min_temp_20 avg_temp_16,min_temp_21 max_temp_15,max_temp_4 avg_temp_16,max_temp_6 max_temp_16,max_temp_8 max_temp_19,max_temp_18 avg_temp_6,avg_temp_6 avg_temp_18
0,38091.130434782644,-3975.35862167378,25228.802628530553,-12787.574522118475,17086.755883866677,-24173.848327086125,2817.3742919927345,3679.8177865867697,1423.7959118721712,10410.805773724273,-5026.016778022726,-11719.672467997825,-1931.8192242286834,88.62433310698924,2325.1726871953038,435.1307219972568,1123.590186050033,82.30117950458413,5947.430355778522,6252.006896792174,4912.451063256888,-5078.294790162375,4201.1723953245955,5440.769508583012
