,intercept,Agricultural Land Mass,precip_1 max_temp_13,precip_5^2,precip_7 precip_19,precip_9 min_temp_2,precip_9 min_temp_10,precip_12 max_temp_23,precip_16 min_temp_0,precip_20 max_temp_22,precip_21 min_temp_13,precip_22 min_temp_9,min_temp_0 min_temp_2,min_temp_0 max_temp_2,min_temp_3 max_temp_12,min_temp_3 avg_temp_8,min_temp_4 avg_temp_14,min_temp_5 max_temp_4,min_temp_5 max_temp_17,min_temp_6 max_temp_18,min_temp_7 avg_temp_6,min_temp_8 min_temp_19,min_temp_8 max_temp_9,min_temp_15 min_temp_19,min_temp_16 max_temp_4,min_temp_17 max_temp_2,min_temp_18 max_temp_6,min_temp_19 avg_temp_18,min_temp_21 avg_temp_5,max_temp_3 avg_temp_8,max_temp_5 max_temp_15,max_temp_6 avg_temp_19,max_temp_7 avg_temp_19,max_temp_8 max_temp_19,max_temp_14 avg_temp_9,avg_temp_7 avg_temp_20,avg_temp_12 avg_temp_23
0,35823.67391304345,2313.7939083483448,-769.2295167642785,-3248.0998729511625,-3114.740992785078,5403.144772970973,-2761.904714848115,6507.200084113462,991.1069434598654,1454.4390587881771,-1855.3867407809084,4261.064818204114,-4109.533304404974,-5139.0489424943935,5894.0751631971525,3307.5203729217224,12312.970178777188,5994.567295433181,18448.12280188565,10853.60602099482,-3332.6441147965684,7964.877323709531,5677.260474773718,3912.650176199222,7830.884172812378,-3992.4816723209956,-1931.4812086476206,6336.302089945632,576.5654512746424,-19208.32924982493,-8339.385344556766,-3806.514937669664,-15648.968436900668,-1228.7170444441545,1972.3130709233849,-882.0419125998196,4985.963932496532
