,intercept,Agricultural Land Mass,min_temp_4 min_temp_16,min_temp_6 min_temp_16,min_temp_6 max_temp_16,min_temp_6 avg_temp_16,min_temp_8 min_temp_19,min_temp_16 max_temp_4,min_temp_17 max_temp_6,min_temp_17 avg_temp_9,max_temp_4 avg_temp_16,avg_temp_4 avg_temp_16,Agricultural Land Mass^2
0,35671.41304341184,1833470.606827317,529958.4210477284,1062201.247627148,1002791.4919078843,-1939193.3808848746,3118.2638373660916,-766355.7509891185,7615.561560399981,789.1991157956243,1236504.1755391676,-1077184.0557068202,-1831503.0923902069
