,intercept,Agricultural Land Mass,min_temp_4 min_temp_16,min_temp_6 min_temp_16,min_temp_6 max_temp_16,min_temp_6 avg_temp_16,min_temp_8 min_temp_19,min_temp_16 max_temp_4,min_temp_17 max_temp_6,min_temp_17 avg_temp_9,max_temp_4 avg_temp_16,avg_temp_4 avg_temp_16,Agricultural Land Mass^2
0,36839.49999999729,76377.5556651881,137109.30814865982,86521.09172875338,49092.585107849554,-119287.47473786358,6415.347997130724,-146572.8534964024,7531.027793806334,7169.2927716889535,247557.29997940973,-244963.72615995363,-75203.9522092313
