,intercept,Agricultural Land Mass,Agricultural Land Mass^2
0,38082.34782687935,14531753.39644354,-14536234.097799214
