,intercept,Agricultural Land Mass,min_temp_4 min_temp_16,min_temp_6 min_temp_16,min_temp_6 max_temp_16,min_temp_6 avg_temp_16,min_temp_8 min_temp_19,min_temp_16 max_temp_4,min_temp_17 max_temp_6,min_temp_17 avg_temp_9,max_temp_4 avg_temp_16,avg_temp_4 avg_temp_16,Agricultural Land Mass^2
0,38539.60869567738,2727798.168120458,438526.4247410811,1126836.2201777538,1237237.1672339884,-2275414.0291633066,4185.80717302563,-546068.7591365891,10987.346703340887,5102.831095311209,928945.1949115088,-865521.5859076991,-2726092.1691955505
