,intercept,Agricultural Land Mass,min_temp_4 min_temp_16,min_temp_6 max_temp_16,min_temp_6 avg_temp_16,min_temp_8 min_temp_19,min_temp_17 max_temp_6,min_temp_17 avg_temp_9,max_temp_4 avg_temp_16
0,35673.652173913055,492.2694205281105,20710.14535351691,9310.988004520255,1574.1692495037062,2482.6687549960693,8437.706953830508,2608.301088949452,-18744.99916764471
