,intercept,Agricultural Land Mass,Agricultural Land Mass^2
0,39446.84782604771,13741982.987436177,-13745502.49808534
