,intercept,Agricultural Land Mass,min_temp_4 min_temp_16,min_temp_6 min_temp_16,min_temp_6 max_temp_16,min_temp_6 avg_temp_16,min_temp_8 min_temp_19,min_temp_16 max_temp_4,min_temp_17 max_temp_6,min_temp_17 avg_temp_9,max_temp_4 avg_temp_16,avg_temp_4 avg_temp_16,Agricultural Land Mass^2
0,38984.956521683074,1455217.6830224008,694077.4020656182,1284151.868684331,1097884.1863560919,-2218638.576795187,3627.2490693772083,-1048898.7221131125,7890.247559497774,9306.563390213832,1637824.571037255,-1395547.0298587233,-1453583.4159049727
