,intercept,Agricultural Land Mass,min_temp_4 min_temp_16,min_temp_6 min_temp_16,min_temp_6 max_temp_16,min_temp_6 avg_temp_16,min_temp_8 min_temp_19,min_temp_16 max_temp_4,min_temp_17 max_temp_6,min_temp_17 avg_temp_9,max_temp_4 avg_temp_16,avg_temp_4 avg_temp_16,Agricultural Land Mass^2
0,35013.60869540989,2949282.7161872564,312528.40400826593,635334.8193397454,759210.3861587772,-1358067.1243430683,8029.697463757339,-328120.903879828,5573.017228042146,8082.893729629775,653952.385349184,-642746.8574868588,-2949118.2912012376
