,intercept,Agricultural Land Mass,min_temp_4 min_temp_16,min_temp_6 min_temp_16,min_temp_6 max_temp_16,min_temp_6 avg_temp_16,min_temp_8 min_temp_19,min_temp_16 max_temp_4,min_temp_17 max_temp_6,min_temp_17 avg_temp_9,max_temp_4 avg_temp_16,avg_temp_4 avg_temp_16,Agricultural Land Mass^2
0,39621.97826086708,76343.50594628237,162450.3362850918,223896.2175561511,-45968.409647311666,-95642.93188536678,6329.505964302382,-407814.36382465245,7677.543702639718,7057.056502876368,455685.01375499094,-273543.7777044534,-75726.32923836581
