,intercept,Agricultural Land Mass,min_temp_4 min_temp_16,Agricultural Land Mass^2
0,37190.26086983913,11428286.171417104,17240.088767024266,-11428365.383098226
