,intercept,Agricultural Land Mass,min_temp_4 min_temp_16,min_temp_6 min_temp_16,min_temp_6 max_temp_16,min_temp_6 avg_temp_16,min_temp_8 min_temp_19,min_temp_16 max_temp_4,min_temp_17 max_temp_6,min_temp_17 avg_temp_9,max_temp_4 avg_temp_16,avg_temp_4 avg_temp_16,Agricultural Land Mass^2
0,39229.3695653966,3228284.6640166794,630673.6082779338,961393.1554129843,674819.1175581613,-1488447.801551965,7630.686701735365,-978317.3758444223,6689.440838765382,5283.875870529341,1474024.002852097,-1237831.9719912594,-3226193.0374146164
