,intercept,Agricultural Land Mass,min_temp_4 min_temp_16,min_temp_6 min_temp_16,min_temp_6 max_temp_16,min_temp_6 avg_temp_16,min_temp_8 min_temp_19,min_temp_16 max_temp_4,min_temp_17 max_temp_6,min_temp_17 avg_temp_9,max_temp_4 avg_temp_16,avg_temp_4 avg_temp_16,Agricultural Land Mass^2
0,38743.478261112614,3859964.9414602323,490985.50968439033,1114944.0484397672,1360770.2469045115,-2408449.010691105,6839.700004367415,-527626.3518419269,8861.17448204222,9620.043497935389,1063714.8345365191,-1047470.6897982068,-3859129.2347870036
