,intercept,Agricultural Land Mass,Agricultural Land Mass^2
0,32835.28260855136,9632545.33455907,-9637415.311783994
