,intercept,Agricultural Land Mass,min_temp_4 min_temp_16,min_temp_6 min_temp_16,min_temp_6 max_temp_16,min_temp_6 avg_temp_16,min_temp_8 min_temp_19,min_temp_16 max_temp_4,min_temp_17 max_temp_6,min_temp_17 avg_temp_9,max_temp_4 avg_temp_16,avg_temp_4 avg_temp_16,Agricultural Land Mass^2
0,36268.80434782618,76948.0774331388,105732.59981932612,94891.17998793849,75201.806600248,-157645.22546626854,6170.0722354576,-113867.8941988918,6420.3535661829055,9392.198293836078,178607.4196155077,-173009.86043111281,-76995.50196781091
