,intercept,Agricultural Land Mass,min_temp_4 min_temp_16,Agricultural Land Mass^2
0,41597.50000055474,9632002.559332345,22481.3589275415,-9629928.696765311
