,intercept,Agricultural Land Mass,min_temp_4 min_temp_16,min_temp_6 min_temp_16,min_temp_6 max_temp_16,min_temp_6 avg_temp_16,min_temp_8 min_temp_19,min_temp_16 max_temp_4,min_temp_17 max_temp_6,min_temp_17 avg_temp_9,max_temp_4 avg_temp_16,avg_temp_4 avg_temp_16,Agricultural Land Mass^2
0,36558.6956520549,3349937.610022596,478344.9876010647,1243050.8472473684,1347887.112887581,-2482678.667491416,5843.555326465398,-667560.2509418321,7657.805398705911,4624.988094213029,1112980.2162759649,-977244.3031626212,-3349421.510923401
