,intercept,Agricultural Land Mass,min_temp_4 min_temp_16,Agricultural Land Mass^2
0,41701.130435534775,9755873.0841507,22092.00288020663,-9754910.644564701
