,intercept,Agricultural Land Mass,Agricultural Land Mass^2
0,39482.36956597996,14285420.173489636,-14289928.547843589
