,intercept,Agricultural Land Mass,min_temp_4 min_temp_16,Agricultural Land Mass^2
0,40620.869565756206,11559567.586340612,21747.394207483965,-11557166.916694062
