,intercept,Agricultural Land Mass,min_temp_4 min_temp_16,min_temp_6 min_temp_16,min_temp_6 max_temp_16,min_temp_6 avg_temp_16,min_temp_8 min_temp_19,min_temp_16 max_temp_4,min_temp_17 max_temp_6,min_temp_17 avg_temp_9,max_temp_4 avg_temp_16,avg_temp_4 avg_temp_16,Agricultural Land Mass^2
0,37229.108695676194,2493529.3800260997,530829.0922774497,1198599.3482500159,1273294.7570128916,-2361745.965854679,7743.628497750343,-692470.6064664237,10397.982578054989,4209.328818342432,1171710.8260857626,-1071215.7102691014,-2490322.6460843934
