,intercept,Agricultural Land Mass,min_temp_4 min_temp_16,min_temp_6 min_temp_16,min_temp_8 min_temp_19,min_temp_16 max_temp_4,min_temp_17 max_temp_6,min_temp_17 avg_temp_9,max_temp_4 avg_temp_16
0,40449.434782608696,1139.2577866545232,28684.870767456723,6627.502805684039,5674.332649454439,-16582.860611544143,11272.532786464853,4174.231388444583,-7910.161070456661
