,intercept,Agricultural Land Mass,precip_5 max_temp_8,min_temp_4 min_temp_16,min_temp_4 max_temp_21,min_temp_4 avg_temp_3,min_temp_5 min_temp_17,min_temp_6 avg_temp_17,min_temp_7 max_temp_16,min_temp_8 min_temp_19,min_temp_8 avg_temp_9,min_temp_9 min_temp_21,min_temp_9 max_temp_12,min_temp_9 max_temp_19,min_temp_16 max_temp_3,min_temp_16 max_temp_21,min_temp_16 avg_temp_4,min_temp_17 max_temp_6,min_temp_17 max_temp_7,min_temp_17 avg_temp_9,min_temp_18 min_temp_19,min_temp_18 max_temp_2,min_temp_20 max_temp_17,min_temp_21 max_temp_15,min_temp_21 avg_temp_3,max_temp_4 avg_temp_16,max_temp_7 max_temp_16,max_temp_8 avg_temp_19,max_temp_17 avg_temp_5,max_temp_18 avg_temp_6
0,37875.67391304372,988.1107044974034,-3070.7533556059316,1082.0703759753608,-78801.59026746111,72761.33665311191,40630.65031730466,-810.4434628460393,-16324.478231117188,4267.04403321048,909.216852062705,-19655.48523328881,7079.232676490749,-5437.030240489498,-109386.16602189222,60087.49076060586,34547.468766537786,-18441.428680456935,-9251.18122266199,27688.95286610048,14650.82230269001,-1152.6543527928254,-10409.15845344039,7717.577744014655,13492.404165966378,20406.939020175592,3474.045460157273,-11575.10357795125,-9495.211103915011,14206.050091950261
