,intercept,Agricultural Land Mass^2
0,40315.67391304349,-5874.723019393628
