,intercept,Agricultural Land Mass,min_temp_4 min_temp_16,min_temp_6 min_temp_16,min_temp_6 max_temp_16,min_temp_8 min_temp_19,min_temp_16 max_temp_4,min_temp_17 max_temp_6,min_temp_17 avg_temp_9,max_temp_4 avg_temp_16,avg_temp_4 avg_temp_16
0,39035.04347826096,2069.2692588299797,46745.83247153105,19462.461268609277,-9282.680601331294,10083.927592349637,-57870.31505730633,9547.256071581438,5486.086715884011,46768.700208848684,-36636.90551434644
