,intercept,Agricultural Land Mass,min_temp_4 min_temp_16,min_temp_6 min_temp_16,min_temp_6 max_temp_16,min_temp_6 avg_temp_16,min_temp_8 min_temp_19,min_temp_16 max_temp_4,min_temp_17 max_temp_6,min_temp_17 avg_temp_9,max_temp_4 avg_temp_16,avg_temp_4 avg_temp_16,Agricultural Land Mass^2
0,39696.2608695631,4383940.257741162,400664.83628160175,1058770.40016445,1197549.4245929907,-2172095.0760692446,4085.2630526402004,-529307.9226429089,10069.91655564395,6655.32839174242,901883.5235142779,-810184.0749665794,-4382669.018230048
