,intercept,Agricultural Land Mass,min_temp_4 min_temp_16,min_temp_6 min_temp_16,min_temp_6 max_temp_16,min_temp_6 avg_temp_16,min_temp_8 min_temp_19,min_temp_16 max_temp_4,min_temp_17 max_temp_6,min_temp_17 avg_temp_9,max_temp_4 avg_temp_16,avg_temp_4 avg_temp_16,Agricultural Land Mass^2
0,35141.15217411751,2825737.8967739954,654142.1188349549,555249.0821543364,190561.373809547,-614527.298321403,6170.327047830172,-940383.8350947072,5007.300396695266,-1780.7907123384769,1505648.8394384023,-1314471.4790131892,-2824665.3827326596
