,intercept,Agricultural Land Mass,min_temp_4 min_temp_16,min_temp_6 min_temp_16,min_temp_6 max_temp_16,min_temp_6 avg_temp_16,min_temp_8 min_temp_19,min_temp_16 max_temp_4,min_temp_17 max_temp_6,min_temp_17 avg_temp_9,max_temp_4 avg_temp_16,avg_temp_4 avg_temp_16,Agricultural Land Mass^2
0,40873.56521747696,1907166.4110564883,634435.4017613465,1298581.673147319,1059263.4099178158,-2180008.3279596833,5436.644350276521,-1027178.2280324881,7907.668294315085,4579.943433442615,1505986.334666915,-1230612.5107113435,-1905739.09754056
