,intercept,Agricultural Land Mass,min_temp_4 min_temp_16,Agricultural Land Mass^2
0,37065.195652074464,9290097.646365346,17734.865682680756,-9289255.831894185
