,intercept,Agricultural Land Mass,min_temp_4 min_temp_16,min_temp_6 min_temp_16,min_temp_6 max_temp_16,min_temp_6 avg_temp_16,min_temp_8 min_temp_19,min_temp_16 max_temp_4,min_temp_17 max_temp_6,min_temp_17 avg_temp_9,max_temp_4 avg_temp_16,avg_temp_4 avg_temp_16,Agricultural Land Mass^2
0,38352.17391310045,3628687.922000773,788710.0147427791,600189.9411759682,301132.5600882592,-790243.3023386684,9546.264659360282,-1006340.3010832459,8971.293263820993,1966.1348531286224,1707828.7366049804,-1579810.684663443,-3625166.2050255626
