,intercept,Agricultural Land Mass,precip_5^2,min_temp_4 min_temp_16,min_temp_4 max_temp_21,min_temp_5 max_temp_17,min_temp_7 max_temp_16,min_temp_8 avg_temp_9,min_temp_9 min_temp_21,min_temp_9 max_temp_12,min_temp_9 max_temp_19,min_temp_16 max_temp_3,min_temp_17 max_temp_6,min_temp_17 avg_temp_9,min_temp_18 min_temp_19,min_temp_19 avg_temp_7,min_temp_21 max_temp_15,min_temp_21 avg_temp_3,max_temp_4 avg_temp_16,max_temp_7 avg_temp_18,max_temp_8 max_temp_19,max_temp_18 avg_temp_6
0,37269.565217391246,1525.813080827094,-5177.966922960588,28481.20636663111,-13683.924141561325,7118.723512684626,-11342.1981849561,6900.554700211554,5563.936091344259,1379.5183028797057,-7227.119401111118,-17443.56659481447,-353.51906672971063,6159.081232204871,16025.926344131709,-6245.023927396499,1514.5779007114902,5157.677500300487,5745.230318883308,804.1794100009757,-7512.456753791393,7654.946458398601
