,intercept,min_temp_16,precip_5^2,precip_5 max_temp_6,precip_5 max_temp_8,min_temp_4 min_temp_16,min_temp_4 min_temp_17,min_temp_4 max_temp_21,min_temp_4 avg_temp_3,min_temp_4 avg_temp_21,min_temp_5 min_temp_17,min_temp_5 max_temp_17,min_temp_6 min_temp_17,min_temp_6 min_temp_18,min_temp_6 max_temp_19,min_temp_6 avg_temp_6,min_temp_6 avg_temp_17,min_temp_7 max_temp_16,min_temp_8 min_temp_16,min_temp_8 max_temp_19,min_temp_8 avg_temp_5,min_temp_8 avg_temp_9,min_temp_9 min_temp_21,min_temp_9 max_temp_12,min_temp_9 max_temp_18,min_temp_16 max_temp_3,min_temp_16 max_temp_4,min_temp_16 max_temp_18,min_temp_16 max_temp_20,min_temp_16 max_temp_21,min_temp_16 avg_temp_4,min_temp_16 avg_temp_5,min_temp_16 avg_temp_6,min_temp_16 avg_temp_19,min_temp_16 Agricultural Land Mass,min_temp_17 avg_temp_9,min_temp_18 min_temp_19,min_temp_18 max_temp_2,min_temp_18 max_temp_6,min_temp_19 avg_temp_8,min_temp_20 max_temp_17,min_temp_21 max_temp_15,max_temp_7 max_temp_16,max_temp_7 avg_temp_18,max_temp_8 avg_temp_19,max_temp_17 avg_temp_5,max_temp_18 avg_temp_6,Agricultural Land Mass^2
0,39225.782608695445,-20398.81322622975,-28692.22694290348,34194.313992192314,-6384.3531043812345,114755.46782731602,99.60710611050926,-264409.63037659,154922.24587953597,57608.09782512003,20031.041461983696,7250.21037176113,-20981.55055656852,-3897.234054383261,19722.78046531668,30852.12385958748,-43371.796097712904,5630.4573436527435,117372.83649024612,-16294.593278349163,-15560.098074316047,-31986.49318097085,-30289.367682075255,14293.081551558082,7459.534263945439,-173323.1524216626,26560.98841538587,24073.83205001323,43322.43320083432,213820.4502576936,18363.58241312816,-39602.80284376045,-132308.73480306935,-148432.00056598044,-3188.6875161921816,53868.029692112366,67094.44168665416,-3627.602712868128,-19826.046963898432,-20393.80658780508,-18787.517034887816,-555.1037098150933,8870.906111810391,-29993.464971714147,-1431.1149421560945,18391.701485772308,28207.108090655653,215.53804405754838
