,intercept,Agricultural Land Mass,Agricultural Land Mass^2
0,36961.45652186389,12746075.20276675,-12750605.942792412
