,intercept,Agricultural Land Mass,min_temp_4 min_temp_16,Agricultural Land Mass^2
0,39318.0217391241,180233.0975300582,20629.91958449716,-179706.26653194107
