,intercept,Agricultural Land Mass,min_temp_4 min_temp_16,min_temp_6 min_temp_16,min_temp_6 max_temp_16,min_temp_6 avg_temp_16,min_temp_8 min_temp_19,min_temp_16 max_temp_4,min_temp_17 max_temp_6,min_temp_17 avg_temp_9,max_temp_4 avg_temp_16,avg_temp_4 avg_temp_16,Agricultural Land Mass^2
0,37476.41304347085,3107917.106152743,449546.1255566959,1305035.6246660606,1457962.40624785,-2663765.8571994416,4822.6296946101165,-597659.3165185108,6949.398156930795,7110.517394657074,1012182.8387380135,-910960.4873199915,-3106888.6622657306
