,intercept,Agricultural Land Mass,min_temp_4 min_temp_16,min_temp_6 min_temp_16,min_temp_6 max_temp_16,min_temp_6 avg_temp_16,min_temp_8 min_temp_19,min_temp_16 max_temp_4,min_temp_17 max_temp_6,min_temp_17 avg_temp_9,max_temp_4 avg_temp_16,avg_temp_4 avg_temp_16,Agricultural Land Mass^2
0,39807.50000000365,69376.39449080774,205731.31377715687,175953.45095878234,-6130.839518941781,-117374.74171621448,6744.820769393983,-322617.04139621306,8204.636304238938,5353.218707748529,438178.84993221896,-357343.8145480761,-68091.58311247308
