,intercept,Agricultural Land Mass,Agricultural Land Mass^2
0,39886.95652175234,254195.72264487465,-260856.60439239952
