,intercept,Agricultural Land Mass,min_temp_4 min_temp_16,min_temp_6 min_temp_16,min_temp_6 max_temp_16,min_temp_6 avg_temp_16,min_temp_8 min_temp_19,min_temp_16 max_temp_4,min_temp_17 max_temp_6,min_temp_17 avg_temp_9,max_temp_4 avg_temp_16,avg_temp_4 avg_temp_16,Agricultural Land Mass^2
0,40088.86956523649,4066800.1745671006,547147.3651561885,1248150.0108853048,1239984.2818191776,-2355774.6286905548,4573.2281200545285,-762415.4121883345,10401.996681383462,1421.100210900132,1214422.574437779,-1068794.7019053183,-4067107.266933668
