,intercept,Agricultural Land Mass,precip_1 max_temp_13,precip_3 precip_10,precip_4 precip_20,precip_5 min_temp_8,precip_7 precip_19,precip_9 min_temp_10,precip_10 max_temp_13,precip_21 min_temp_13,precip_22 min_temp_2,min_temp_0 min_temp_2,min_temp_4 min_temp_16,min_temp_4 avg_temp_16,min_temp_4 avg_temp_21,min_temp_5 min_temp_15,min_temp_5 min_temp_17,min_temp_5 avg_temp_21,min_temp_6 min_temp_18,min_temp_6 max_temp_16,min_temp_7 min_temp_20,min_temp_7 avg_temp_19,min_temp_8 min_temp_17,min_temp_8 max_temp_21,min_temp_9 min_temp_15,min_temp_18 max_temp_20,max_temp_3 avg_temp_8,max_temp_5 max_temp_15,max_temp_8 max_temp_19,max_temp_8 avg_temp_19,max_temp_16 max_temp_21,avg_temp_3 avg_temp_22,avg_temp_7 avg_temp_19,avg_temp_12 avg_temp_23
0,37128.06521739131,84.29558287359966,-2376.386432281899,1946.9488218888744,3478.8797380995425,-5516.931655870535,-4016.1925459257745,-3109.7774614374766,-7758.879266873374,256.2665662430492,-1309.7698448586582,1061.0973706862142,7830.692681358254,5895.979743512851,2825.9131346629015,9637.839258700158,9605.926465854709,6218.532908714405,8242.378828224208,7778.085931969041,-2799.6481619437604,-1067.385351187572,5376.499070111732,3369.0389190970213,4760.715773160603,422.56891219694546,-3320.0686603917798,-18262.395563135502,-1679.3432558642585,-4210.942987512703,2170.919453839696,-3753.4722674303503,-5220.9627158978365,6209.46710536716
