,intercept,Agricultural Land Mass,min_temp_4 min_temp_16,min_temp_6 min_temp_16,min_temp_6 max_temp_16,min_temp_6 avg_temp_16,min_temp_8 min_temp_19,min_temp_16 max_temp_4,min_temp_17 max_temp_6,min_temp_17 avg_temp_9,max_temp_4 avg_temp_16,avg_temp_4 avg_temp_16,Agricultural Land Mass^2
0,38647.76086966447,4310485.05136072,401166.2443118116,1270636.4708299073,1435054.9392836415,-2612091.6427616477,4708.528791411699,-515734.38278533623,7431.94309140739,6661.574427991647,859017.0188478527,-789656.9342824301,-4308862.302495427
