,intercept,Agricultural Land Mass,precip_4 precip_20,precip_5 max_temp_22,precip_7 precip_19,precip_9 min_temp_10,precip_10 max_temp_13,precip_12 max_temp_23,precip_16 min_temp_0,precip_21 min_temp_13,precip_21 min_temp_22,precip_22 min_temp_2,precip_22 avg_temp_10,min_temp_0 max_temp_2,min_temp_2 min_temp_12,min_temp_3 avg_temp_8,min_temp_4 min_temp_16,min_temp_4 min_temp_20,min_temp_4 avg_temp_14,min_temp_4 avg_temp_16,min_temp_5 min_temp_8,min_temp_5 max_temp_16,min_temp_5 avg_temp_16,min_temp_5 avg_temp_17,min_temp_6 max_temp_17,min_temp_6 max_temp_18,min_temp_8 min_temp_9,min_temp_8 min_temp_17,min_temp_9 min_temp_21,min_temp_9 max_temp_12,min_temp_15 max_temp_21,max_temp_3 max_temp_8,max_temp_5 max_temp_15,max_temp_7 avg_temp_19,max_temp_9 avg_temp_8,max_temp_16 max_temp_21,avg_temp_12 avg_temp_23
0,34699.97826086967,546.12084285775,5181.5467522695335,-6519.116592062025,-5069.113205627717,-3539.228678286552,-9178.945419040852,1479.0658443492566,1104.1328999489515,1577.6077544380569,-1035.3733904737967,-3489.0880444223367,-725.6719225964497,867.2820112903237,-520.2882907957583,2665.030576686785,3594.1266968384025,1396.2988841375143,5137.963089691611,6028.379900952073,5580.955732889365,1057.9131702444197,6339.392157529944,8193.302045024933,71.25333225934867,14594.017294216459,3384.447820500785,96.26120979565347,1968.8847289484556,7392.124212529445,4020.8968606856474,-7859.953385177022,-12711.171690988664,-13038.855910238299,-2317.75473474654,2919.0519646741677,1007.4411173582323
