,intercept,Agricultural Land Mass,min_temp_4 min_temp_16,min_temp_6 min_temp_16,min_temp_6 max_temp_16,min_temp_6 avg_temp_16,min_temp_8 min_temp_19,min_temp_16 max_temp_4,min_temp_17 max_temp_6,min_temp_17 avg_temp_9,max_temp_4 avg_temp_16,avg_temp_4 avg_temp_16,Agricultural Land Mass^2
0,39896.608695741015,3143614.646081029,862455.3957362478,1214197.2666843852,1126951.7579776829,-2196925.1410956075,8033.34491660969,-1090351.7960129343,9923.989613857582,6021.064969570082,1902855.0954881657,-1766162.6333277784,-3142884.2450600746
