,intercept,Agricultural Land Mass,min_temp_4 min_temp_16,min_temp_6 min_temp_16,min_temp_6 max_temp_16,min_temp_6 avg_temp_16,min_temp_8 min_temp_19,min_temp_16 max_temp_4,min_temp_17 max_temp_6,min_temp_17 avg_temp_9,max_temp_4 avg_temp_16,avg_temp_4 avg_temp_16,Agricultural Land Mass^2
0,34703.45652179402,2037485.3712726166,513752.03012921393,1023848.2424300014,1229034.974783482,-2178448.0279497895,6957.029440758661,-513893.81895741756,8679.832024613459,3666.095572555836,1033535.4030340103,-1050086.2034035746,-2034931.3365680235
