,intercept,precip_5 max_temp_8,min_temp_4 min_temp_16,min_temp_4 avg_temp_3,min_temp_5 min_temp_17,min_temp_5 max_temp_17,min_temp_6 min_temp_18,min_temp_6 max_temp_16,min_temp_6 avg_temp_18,min_temp_7 max_temp_16,min_temp_8 min_temp_16,min_temp_9 min_temp_21,min_temp_9 max_temp_18,min_temp_16 max_temp_3,min_temp_17 min_temp_18,min_temp_18 max_temp_2,min_temp_19 avg_temp_7,min_temp_20 avg_temp_21,max_temp_8 avg_temp_19
0,34005.08695652171,-1208.750925823406,20497.778005123964,-869.6767140075182,3144.304098207739,5324.9319207891185,4986.923626025841,9837.48481768493,41.49855352622635,-14870.886860321374,11870.636994248402,3239.788518338077,1816.1521226510486,-13921.475080517264,2040.1627818953218,-2047.8015284110327,-3648.7679729951597,2240.4143180478395,-5249.608792203888
