,intercept,Agricultural Land Mass,min_temp_4 min_temp_16,min_temp_6 min_temp_16,min_temp_6 max_temp_16,min_temp_6 avg_temp_16,min_temp_8 min_temp_19,min_temp_16 max_temp_4,min_temp_17 max_temp_6,min_temp_17 avg_temp_9,max_temp_4 avg_temp_16,avg_temp_4 avg_temp_16,Agricultural Land Mass^2
0,39745.36956534704,2190783.1956812334,450493.7691502334,1064987.8079068167,1148604.8217047846,-2119765.1816395093,6155.212918098934,-587798.5868888035,9805.965840305016,5372.391692104964,984611.7972532692,-893920.2360748148,-2189396.910821189
