,intercept,Agricultural Land Mass,min_temp_4 min_temp_16,min_temp_6 min_temp_16,min_temp_6 max_temp_16,min_temp_6 avg_temp_16,min_temp_8 min_temp_19,min_temp_16 max_temp_4,min_temp_17 max_temp_6,min_temp_17 avg_temp_9,max_temp_4 avg_temp_16,avg_temp_4 avg_temp_16,Agricultural Land Mass^2
0,40783.91304353537,3005071.478688488,712370.9036803885,1082127.671380051,805806.9359233337,-1732216.1898666734,8282.156262279083,-1075863.1144262548,8670.417122431145,4938.476153152439,1684459.4476157033,-1433307.0952670053,-3004571.9994468847
