,intercept,Agricultural Land Mass,min_temp_4 min_temp_16,min_temp_6 min_temp_16,min_temp_6 max_temp_16,min_temp_6 avg_temp_16,min_temp_8 min_temp_19,min_temp_16 max_temp_4,min_temp_17 max_temp_6,min_temp_17 avg_temp_9,max_temp_4 avg_temp_16,avg_temp_4 avg_temp_16,Agricultural Land Mass^2
0,39446.999999921914,4528303.286642162,396449.8187338064,1167959.3250593455,1364700.7565561142,-2455529.8844799837,6133.685167536158,-484528.99570740305,9555.364779646792,4881.031914599469,850827.5805234787,-795193.3665632921,-4524971.450970575
