,intercept,Agricultural Land Mass,precip_5 max_temp_6,min_temp_4 min_temp_16,min_temp_4 max_temp_21,min_temp_4 avg_temp_3,min_temp_5 max_temp_17,min_temp_6 max_temp_19,min_temp_6 avg_temp_18,min_temp_7 max_temp_16,min_temp_8 avg_temp_9,min_temp_9 max_temp_19,min_temp_16 max_temp_3,min_temp_17 max_temp_6,min_temp_17 avg_temp_9,min_temp_18 min_temp_19,min_temp_20 avg_temp_21,min_temp_21 max_temp_15,min_temp_21 avg_temp_3,max_temp_7 avg_temp_18,max_temp_8 max_temp_19,max_temp_18 avg_temp_6,avg_temp_4 avg_temp_17,avg_temp_6 avg_temp_18
0,35602.80434782609,934.9699720510533,-3237.4116694692266,32270.491069662025,-18452.484234949356,131.2369113501722,14497.973821378344,-6570.893192562958,1037.6166099921436,-9177.565671222763,7111.728543908482,-211.39387909450085,-17908.3180572734,-2615.0340221062775,3602.2647058573048,8860.056129486007,-731.3310240555537,8664.33005699791,2231.0152464383964,45.37187421001823,-10593.045862699917,10968.940725125383,4345.0106739352905,556.2725253942688
