,intercept,precip_5 max_temp_8,min_temp_4 min_temp_16,min_temp_4 max_temp_21,min_temp_5 min_temp_16,min_temp_5 max_temp_17,min_temp_6 min_temp_18,min_temp_6 avg_temp_18,min_temp_7 max_temp_16,min_temp_8 min_temp_16,min_temp_9 max_temp_12,min_temp_9 max_temp_19,min_temp_16 max_temp_3,min_temp_16 avg_temp_4,min_temp_17 avg_temp_9,min_temp_19 avg_temp_7,min_temp_21 avg_temp_3,max_temp_7 max_temp_16,max_temp_7 avg_temp_18,max_temp_8 max_temp_19,avg_temp_16 avg_temp_18
0,40211.95652173908,-5335.451908763354,21956.133098988365,-3219.6437683201334,6166.5528204247985,11901.21364440787,366.7145784106975,12035.264021126899,-20286.783842446886,4950.034626802746,8395.997199873122,-6374.834386444411,-26984.484276421186,8315.582626210587,7218.637327309107,-4665.100351043425,403.83772819748197,1361.0754152323177,1171.4730821891858,-3385.5502387400866,11907.755442465706
