,intercept,Agricultural Land Mass,min_temp_4 min_temp_16,min_temp_6 min_temp_16,min_temp_6 max_temp_16,min_temp_6 avg_temp_16,min_temp_8 min_temp_19,min_temp_16 max_temp_4,min_temp_17 max_temp_6,min_temp_17 avg_temp_9,max_temp_4 avg_temp_16,avg_temp_4 avg_temp_16,Agricultural Land Mass^2
0,37768.63043473126,1464037.0363786248,616268.9358444818,1279948.2223471252,1032783.9091057498,-2138474.066474022,7360.337970979824,-1038936.8326571223,7865.448431031032,3679.078508695902,1520064.2892418364,-1218615.6165458623,-1462552.5655849867
