,intercept,Agricultural Land Mass,precip_5 max_temp_8,min_temp_4 min_temp_16,min_temp_5 min_temp_16,min_temp_5 min_temp_17,min_temp_6 min_temp_8,min_temp_6 min_temp_18,min_temp_7 max_temp_16,min_temp_8 avg_temp_9,min_temp_9 max_temp_12,min_temp_16 min_temp_17,min_temp_16 max_temp_3,min_temp_19 avg_temp_7,min_temp_20 avg_temp_16,min_temp_20 avg_temp_21,max_temp_8 max_temp_19,avg_temp_9 avg_temp_21
0,39256.54347826086,2141.611523751674,-4683.601629368063,16620.26254568544,20545.084162896383,8536.484623605455,8655.350256706852,876.6770428107233,-5781.641039297408,-1068.0893485483564,3585.1166424321727,2332.7179593700184,-23264.061870027937,-4559.858196863581,4549.536014139973,4721.091156609601,-3345.472574788565,-1148.289929385911
