,intercept,Agricultural Land Mass,min_temp_4 min_temp_16,min_temp_6 min_temp_16,min_temp_6 max_temp_16,min_temp_6 avg_temp_16,min_temp_8 min_temp_19,min_temp_16 max_temp_4,min_temp_17 max_temp_6,min_temp_17 avg_temp_9,max_temp_4 avg_temp_16,avg_temp_4 avg_temp_16,Agricultural Land Mass^2
0,36613.630434956576,5720364.772756161,486699.61359651876,1016670.7470647817,1068574.1621412076,-1991094.1039831492,4922.2981157011245,-641803.313127019,7526.766047843769,5260.222014301637,1086754.1059482102,-983947.7986747497,-5718087.097461063
