,intercept,Agricultural Land Mass,min_temp_4 min_temp_16,min_temp_6 min_temp_16,min_temp_6 max_temp_16,min_temp_6 avg_temp_16,min_temp_8 min_temp_19,min_temp_16 max_temp_4,min_temp_17 max_temp_6,min_temp_17 avg_temp_9,max_temp_4 avg_temp_16,avg_temp_4 avg_temp_16,Agricultural Land Mass^2
0,38504.369565298264,2742932.184257497,614410.2570566892,908717.5468434409,902218.5480108776,-1715717.7458399683,8881.151920049133,-763550.0087829103,8729.355721952112,4420.025003484126,1361554.7950458925,-1261846.5807426926,-2742958.6566523034
