,intercept,Agricultural Land Mass,precip_5^2,min_temp_5 min_temp_16,min_temp_5 max_temp_17,min_temp_6 max_temp_19,min_temp_6 avg_temp_18,min_temp_7 max_temp_16,min_temp_8 avg_temp_5,min_temp_8 avg_temp_9,min_temp_9 max_temp_12,min_temp_9 max_temp_19,min_temp_16 min_temp_18,min_temp_16 max_temp_3,min_temp_16 max_temp_4,min_temp_16 avg_temp_4,min_temp_17 max_temp_6,min_temp_18 min_temp_19,min_temp_18 max_temp_2,min_temp_20 avg_temp_21,min_temp_21 max_temp_15,max_temp_7 avg_temp_18,max_temp_18 avg_temp_6
0,36836.10869565212,1564.540605297759,-2590.994646198213,2768.289298391359,18262.699081356724,-3783.6900697215624,3967.295529743786,-22065.36332204953,26.206920184338653,3305.6426331630405,11444.510491691313,-6607.770562720419,2585.409324662031,-5720.024737617997,14734.957944793108,4844.316073568839,-627.4809513262925,1333.9964394173192,-1220.1824962121966,-3457.3463658790297,4499.880629344238,3854.73208206146,6419.0724502055755
