,intercept,Agricultural Land Mass,precip_5 max_temp_6,min_temp_4 min_temp_16,min_temp_4 max_temp_21,min_temp_5 max_temp_17,min_temp_6 min_temp_18,min_temp_7 max_temp_16,min_temp_8 avg_temp_9,min_temp_9 max_temp_12,min_temp_9 max_temp_19,min_temp_16 min_temp_18,min_temp_16 max_temp_3,min_temp_16 avg_temp_4,min_temp_17 max_temp_6,min_temp_18 min_temp_19,min_temp_18 max_temp_6,min_temp_20 avg_temp_21,min_temp_21 max_temp_15,max_temp_8 max_temp_19,max_temp_17 avg_temp_5,avg_temp_6 avg_temp_18
0,37062.52173913047,507.8475912796663,-3187.5869589570952,14126.550809712626,-13431.406637023896,14444.16076176037,2832.2745475348615,-19937.672856121142,9026.21253838684,2601.5625707946097,-2258.38705217036,556.8503525735683,-17417.251438547544,22209.61290188821,-1665.7100833207417,7698.417843877451,2738.9125566908597,-4233.767817566838,12014.50494353405,-10518.882149159888,2959.5527348032037,7678.420964153189
