,intercept,Agricultural Land Mass,min_temp_4 min_temp_16,min_temp_6 min_temp_16,min_temp_6 max_temp_16,min_temp_6 avg_temp_16,min_temp_8 min_temp_19,min_temp_16 max_temp_4,min_temp_17 max_temp_6,min_temp_17 avg_temp_9,max_temp_4 avg_temp_16,avg_temp_4 avg_temp_16,Agricultural Land Mass^2
0,39465.673913092985,2678986.265381492,635924.6280884879,878345.5403061149,642008.5682252722,-1389935.9097428634,8026.631250794249,-930245.2034069739,7403.026054880183,3739.101253452322,1447138.9068520984,-1248118.7261241588,-2677424.3682945375
