,intercept,Agricultural Land Mass,Agricultural Land Mass^2
0,36793.999999391555,14137692.511157805,-14145036.499725878
