,intercept,Agricultural Land Mass,min_temp_4 min_temp_16,min_temp_6 min_temp_16,min_temp_6 max_temp_16,min_temp_6 avg_temp_16,min_temp_8 min_temp_19,min_temp_16 max_temp_4,min_temp_17 max_temp_6,min_temp_17 avg_temp_9,max_temp_4 avg_temp_16,avg_temp_4 avg_temp_16,Agricultural Land Mass^2
0,40013.34782612998,1440691.871878599,649823.1052919434,1169684.3407794957,1076130.196357239,-2108071.694771983,4919.476205393948,-871323.449958889,9676.991388002501,3816.984413349137,1426366.908027597,-1283179.961433134,-1439773.4832965245
