,intercept,Agricultural Land Mass,Agricultural Land Mass^2
0,40645.39130452072,12987800.361936009,-12992800.768397776
