,intercept,Agricultural Land Mass,min_temp_4 min_temp_16,min_temp_6 min_temp_16,min_temp_6 max_temp_16,min_temp_6 avg_temp_16,min_temp_8 min_temp_19,min_temp_16 max_temp_4,min_temp_17 max_temp_6,min_temp_17 avg_temp_9,max_temp_4 avg_temp_16,avg_temp_4 avg_temp_16,Agricultural Land Mass^2
0,34678.152173995564,2329837.4561649393,712250.3848100186,1019909.086218036,932257.9358406853,-1825740.955398323,4178.497104162511,-933864.2030173374,4856.562589354999,10806.440783999547,1617229.9514821111,-1468871.7625586076,-2328784.4455973315
