,intercept,Agricultural Land Mass,precip_1 max_temp_13,precip_3 precip_10,precip_4 precip_20,precip_7 precip_19,precip_9 min_temp_10,precip_10 max_temp_13,precip_12 max_temp_23,precip_13 min_temp_2,precip_16 min_temp_0,precip_21 min_temp_13,precip_22 avg_temp_10,min_temp_0 max_temp_2,min_temp_3 max_temp_12,min_temp_3 avg_temp_8,min_temp_3 avg_temp_10,min_temp_4 avg_temp_14,min_temp_4 avg_temp_16,min_temp_4 avg_temp_21,min_temp_5 min_temp_15,min_temp_5 min_temp_17,min_temp_5 max_temp_16,min_temp_6^2,min_temp_6 min_temp_18,min_temp_6 max_temp_16,min_temp_6 avg_temp_21,min_temp_9^2,min_temp_19 max_temp_15,max_temp_3 avg_temp_8,max_temp_5 max_temp_15,max_temp_7 avg_temp_19,max_temp_9 avg_temp_8,max_temp_16 max_temp_21,avg_temp_3 avg_temp_22,avg_temp_12 avg_temp_23
0,38456.93478260872,2930.5305219339516,1572.3710681268506,7240.575470702962,1784.9076887833521,-5378.544264509308,-2567.5353461560167,-10566.5235197013,-74.98943160455872,1692.1383351094282,852.8956917090547,-989.3159285092087,-2162.744437776762,6739.144109581285,2592.7851850353322,3866.2552718273014,-4471.190504590163,2272.980543309766,826.3798229978471,2674.5057710837914,7480.624093401107,6866.646653847174,8869.652371711041,9885.24702190081,6136.670524159112,1812.2813330224988,818.7916217436923,2308.2720395798706,-2521.14899730096,-1055.009033515884,-5439.28786841585,-9352.381745696897,-3542.577386341571,7368.429752931625,-974.6099979438418,3767.3887134366473
