,intercept,Agricultural Land Mass,min_temp_4 min_temp_16,Agricultural Land Mass^2
0,35921.89130455618,11780653.118422205,17595.9447425226,-11780195.689288171
