,intercept,Agricultural Land Mass,min_temp_4 min_temp_16,min_temp_6 min_temp_16,min_temp_6 max_temp_16,min_temp_6 avg_temp_16,min_temp_8 min_temp_19,min_temp_16 max_temp_4,min_temp_17 max_temp_6,min_temp_17 avg_temp_9,max_temp_4 avg_temp_16,avg_temp_4 avg_temp_16,Agricultural Land Mass^2
0,34648.06521739272,78076.73217767259,192325.22749298697,92682.9726886047,44877.519680518504,-117933.78520851131,5079.986586065804,-202915.01065452496,8144.729266935921,8443.250478530164,372969.11668883124,-371017.6838322242,-76449.84317038771
