,intercept,Agricultural Land Mass,min_temp_4 min_temp_16,min_temp_6 min_temp_16,min_temp_6 max_temp_16,min_temp_6 avg_temp_16,min_temp_8 min_temp_19,min_temp_16 max_temp_4,min_temp_17 max_temp_6,min_temp_17 avg_temp_9,max_temp_4 avg_temp_16,avg_temp_4 avg_temp_16,Agricultural Land Mass^2
0,35787.652173910195,2773360.228041982,643035.2403248539,592911.1122948752,450537.8541356308,-957445.9822876139,9133.199192024917,-799537.18968507,3651.1851519812435,10153.743029325735,1435805.8773928855,-1334278.669991041,-2771078.3184341714
