,intercept,Agricultural Land Mass,min_temp_4 min_temp_16,min_temp_6 min_temp_16,min_temp_6 max_temp_16,min_temp_6 avg_temp_16,min_temp_8 min_temp_19,min_temp_16 max_temp_4,min_temp_17 max_temp_6,min_temp_17 avg_temp_9,max_temp_4 avg_temp_16,avg_temp_4 avg_temp_16,Agricultural Land Mass^2
0,40339.52173905019,2936505.129081188,662915.9090836633,851117.5025005565,714789.741589517,-1450632.8767382524,10330.831371887045,-859016.1385378983,10200.332423129803,2773.3785786043372,1447230.4916489956,-1322852.9128967915,-2932509.481774739
