,intercept,Agricultural Land Mass,min_temp_4 min_temp_16,min_temp_6 min_temp_16,min_temp_6 max_temp_16,min_temp_6 avg_temp_16,min_temp_8 min_temp_19,min_temp_16 max_temp_4,min_temp_17 max_temp_6,min_temp_17 avg_temp_9,max_temp_4 avg_temp_16,avg_temp_4 avg_temp_16,Agricultural Land Mass^2
0,38069.673913174025,3430793.341743504,284360.03042895946,849425.1674954813,986904.4664070097,-1771354.2417422908,6228.660431865069,-360153.94450075296,10261.54505286365,4212.40784172174,616051.2437410799,-560390.2447076534,-3429981.742866056
