,intercept,Agricultural Land Mass,min_temp_4 min_temp_16,min_temp_6 min_temp_16,min_temp_6 max_temp_16,min_temp_6 avg_temp_16,min_temp_8 min_temp_19,min_temp_16 max_temp_4,min_temp_17 max_temp_6,min_temp_17 avg_temp_9,max_temp_4 avg_temp_16,avg_temp_4 avg_temp_16,Agricultural Land Mass^2
0,33049.80434789408,2368274.0620064856,694736.372810551,1034275.2318953905,861280.1833367181,-1749035.4840001748,304.3023856566468,-1006893.7261725217,5013.526887340291,3450.730409310518,1666963.658536254,-1451536.2220031838,-2367203.8987615607
