,intercept,Agricultural Land Mass,Agricultural Land Mass^2
0,38739.434782655495,14790954.792006114,-14795934.137921529
