,intercept,precip_5 max_temp_8,min_temp_4 min_temp_16,min_temp_4 max_temp_21,min_temp_5 min_temp_16,min_temp_5 min_temp_17,min_temp_5 max_temp_17,min_temp_6 max_temp_19,min_temp_6 avg_temp_18,min_temp_7 max_temp_16,min_temp_8 min_temp_16,min_temp_8 avg_temp_9,min_temp_9 max_temp_12,min_temp_9 max_temp_19,min_temp_16 max_temp_3,min_temp_17 avg_temp_9,min_temp_18 min_temp_19,min_temp_19 avg_temp_7,min_temp_21 avg_temp_3,max_temp_7 avg_temp_18,max_temp_8 max_temp_19
0,38750.00000000003,-4989.692044765589,31111.19157182537,-5990.0776379024055,12755.749299872445,6363.3478926970165,6174.9069327305715,-2945.769207655446,9349.168630624754,-11738.687816583306,1922.7656295671427,12255.160049466082,4623.971318379043,-5494.20075591104,-25347.087099190445,900.3588564928847,9812.26533168709,-10872.815877586947,3118.691997758003,2457.5258168532614,-7347.025088677697
