,intercept,Agricultural Land Mass,min_temp_4 min_temp_16,Agricultural Land Mass^2
0,36782.17391248924,10609892.816949064,17194.460279589322,-10609849.91206934
