,intercept,Agricultural Land Mass,precip_5^2,precip_5 max_temp_8,min_temp_4 min_temp_16,min_temp_5 min_temp_16,min_temp_5 min_temp_17,min_temp_5 max_temp_17,min_temp_6 max_temp_16,min_temp_6 max_temp_18,min_temp_7 max_temp_16,min_temp_8 min_temp_16,min_temp_9 min_temp_21,min_temp_9 max_temp_12,min_temp_16 max_temp_3,min_temp_18 max_temp_2,min_temp_19 avg_temp_7,min_temp_20 avg_temp_16,min_temp_20 avg_temp_21,max_temp_8 max_temp_19,max_temp_18 avg_temp_6,avg_temp_16 avg_temp_18
0,38357.10869565236,2431.5011691987115,573.5687078010881,-4967.360770721879,17385.47719017216,1213.780108575883,11770.568329289485,3701.54728730352,2052.1964897948574,1391.4558949810385,-7340.930192215834,7916.456514888462,1299.5524866878725,2300.758879945896,-16965.881940088588,-803.6810865903417,-8952.58368158853,2789.457435587018,2844.8078540762763,-2491.664661583391,5287.480713107196,6171.967179623754
