,intercept,Agricultural Land Mass,min_temp_4 min_temp_16,min_temp_6 min_temp_16,min_temp_6 max_temp_16,min_temp_6 avg_temp_16,min_temp_8 min_temp_19,min_temp_16 max_temp_4,min_temp_17 max_temp_6,min_temp_17 avg_temp_9,max_temp_4 avg_temp_16,avg_temp_4 avg_temp_16,Agricultural Land Mass^2
0,39809.19565221654,3408800.5396258906,679818.9195100922,722891.9745315016,460361.91785054567,-1058353.1648419762,8321.097657005143,-947572.137252883,7369.056465336995,2089.5513482478336,1546845.4587484924,-1363177.3559206694,-3407762.0324375443
