,intercept,min_temp_16,precip_5^2,precip_5 max_temp_6,precip_5 max_temp_8,min_temp_4 max_temp_21,min_temp_4 avg_temp_3,min_temp_4 avg_temp_21,min_temp_5 max_temp_17,min_temp_6 min_temp_18,min_temp_7 min_temp_16,min_temp_7 avg_temp_16,min_temp_8 min_temp_16,min_temp_8 max_temp_19,min_temp_8 avg_temp_9,min_temp_9 min_temp_21,min_temp_9 max_temp_12,min_temp_9 max_temp_19,min_temp_16 min_temp_17,min_temp_16 max_temp_3,min_temp_16 max_temp_5,min_temp_16 max_temp_21,min_temp_16 Agricultural Land Mass,min_temp_17 max_temp_6,min_temp_18 max_temp_2,min_temp_18 max_temp_6,min_temp_19 avg_temp_6,min_temp_19 avg_temp_8,min_temp_20 max_temp_17,min_temp_20 avg_temp_16,min_temp_20 avg_temp_21,min_temp_21 max_temp_15,min_temp_21 avg_temp_3,max_temp_6 max_temp_16,max_temp_7 avg_temp_18,max_temp_8 avg_temp_19,max_temp_18 avg_temp_6,avg_temp_4 avg_temp_17,Agricultural Land Mass^2
0,34046.97826086942,-1779.2201605526561,12589.567206997384,-13742.428640895785,-2870.52995859849,-81362.30094153514,70955.47056044526,20143.1785106321,10584.7673053347,-1730.8884588638598,-6326.782013971013,-8050.433767896517,12810.849231197446,9023.317838876372,-5380.01312949086,5242.53887730947,12961.026319647648,3368.2432346005457,73068.62739325043,-61561.89061110855,-19869.05145837916,27084.579845822558,-4511.616004859844,-24535.204156792526,-3319.218061266708,-2350.5548632230602,4056.9822770523638,-22027.420807560073,-36426.333715961926,-7967.905012887666,60031.66423392551,-7357.546044403065,-35025.36405808947,6641.012874655988,-4622.027653540262,-1392.0484824732907,23799.635127574504,15256.129956443414,-1698.4517989037026
