,intercept,Agricultural Land Mass,min_temp_4 min_temp_16,min_temp_6 max_temp_16,min_temp_8 min_temp_19,min_temp_16 max_temp_4,min_temp_17 max_temp_6,min_temp_17 avg_temp_9,max_temp_4 avg_temp_16
0,39884.71739130435,499.1029025330038,19679.504067448688,2569.253636107125,6964.341162905246,-6667.080934941149,9518.46508203301,8696.850891175809,-6300.53502449231
