,intercept,Agricultural Land Mass,min_temp_4 min_temp_16,min_temp_6 min_temp_16,min_temp_6 max_temp_16,min_temp_6 avg_temp_16,min_temp_8 min_temp_19,min_temp_16 max_temp_4,min_temp_17 max_temp_6,min_temp_17 avg_temp_9,max_temp_4 avg_temp_16,avg_temp_4 avg_temp_16,Agricultural Land Mass^2
0,42198.19565236473,2979136.1402401384,838277.6608153362,1342362.1017352182,1128123.5745700465,-2292870.9632586297,4959.341067094752,-1218634.3485758705,10103.132710381327,3337.208185259895,1952675.5360329757,-1694200.3329015689,-2978738.1598723875
