,intercept,Agricultural Land Mass,min_temp_4 min_temp_16,min_temp_6 min_temp_16,min_temp_6 max_temp_16,min_temp_6 avg_temp_16,min_temp_8 min_temp_19,min_temp_16 max_temp_4,min_temp_17 max_temp_6,min_temp_17 avg_temp_9,max_temp_4 avg_temp_16,avg_temp_4 avg_temp_16,Agricultural Land Mass^2
0,36302.71739122227,4258637.185995005,579998.9291008252,409744.10133138887,139991.2903077662,-458755.63743976183,8560.646996742487,-782321.074361425,6779.568087108579,5447.470024921976,1308896.0562325304,-1175694.958967659,-4256777.9288626695
