,intercept,Agricultural Land Mass,min_temp_4 min_temp_16,min_temp_6 min_temp_16,min_temp_6 max_temp_16,min_temp_6 avg_temp_16,min_temp_8 min_temp_19,min_temp_16 max_temp_4,min_temp_17 max_temp_6,min_temp_17 avg_temp_9,max_temp_4 avg_temp_16,avg_temp_4 avg_temp_16,Agricultural Land Mass^2
0,40823.5869565723,1477199.0188052326,767031.9640802656,1402121.5999482307,1236814.4280731827,-2467098.4426305485,7686.65357668452,-1113863.1561203054,9859.454362581313,2983.1580521157316,1761178.2911571206,-1521547.9623516954,-1475378.3659574655
