,intercept,Agricultural Land Mass,min_temp_4 min_temp_16,min_temp_6 min_temp_16,min_temp_6 max_temp_16,min_temp_6 avg_temp_16,min_temp_8 min_temp_19,min_temp_16 max_temp_4,min_temp_17 max_temp_6,min_temp_17 avg_temp_9,max_temp_4 avg_temp_16,avg_temp_4 avg_temp_16,Agricultural Land Mass^2
0,36827.934782702694,1961635.160427511,393719.2195796728,1303038.2249504223,1672012.7772381823,-2909212.036797738,9023.502580597948,-415565.75560919876,11752.783363877548,4075.660339190745,814094.6056724631,-800936.0172606292,-1961013.5532464986
