,intercept,Agricultural Land Mass,min_temp_4 min_temp_16,min_temp_6 min_temp_16,min_temp_6 max_temp_16,min_temp_6 avg_temp_16,min_temp_8 min_temp_19,min_temp_16 max_temp_4,min_temp_17 max_temp_6,min_temp_17 avg_temp_9,max_temp_4 avg_temp_16,avg_temp_4 avg_temp_16,Agricultural Land Mass^2
0,41657.84782605871,578624.0553064402,768115.123860281,1252799.551445954,1150622.542235579,-2248446.3955912143,10404.18715484028,-999968.3523672856,11506.573104834773,4059.430145680723,1645690.2836719716,-1505695.4866701341,-573561.1541039395
