,intercept,Agricultural Land Mass,Agricultural Land Mass^2
0,41463.71739131356,260660.61882915843,-266584.7006094303
