,intercept,Agricultural Land Mass,min_temp_4 min_temp_16,min_temp_6 min_temp_16,min_temp_6 max_temp_16,min_temp_6 avg_temp_16,min_temp_8 min_temp_19,min_temp_16 max_temp_4,min_temp_17 max_temp_6,min_temp_17 avg_temp_9,max_temp_4 avg_temp_16,avg_temp_4 avg_temp_16,Agricultural Land Mass^2
0,40967.10869573299,2019263.7359949772,807417.8507863303,1289558.9254116227,1201776.5280165155,-2339894.7291033845,6708.107642938449,-1048178.8961037989,9126.64889375413,3582.2515993735583,1757404.0735015583,-1611872.9412188702,-2016815.1770004735
