,intercept,Agricultural Land Mass,min_temp_4 min_temp_16,min_temp_6 max_temp_16,min_temp_8 min_temp_19,min_temp_17 max_temp_6,min_temp_17 avg_temp_9,max_temp_4 avg_temp_16
0,40326.195652173934,2425.45471920966,22234.713862247812,505.1938905574089,5468.651182679739,10170.378236246514,6494.177263441357,-11371.696353799727
