,intercept,Agricultural Land Mass,min_temp_4 min_temp_16,min_temp_6 min_temp_16,min_temp_6 max_temp_16,min_temp_6 avg_temp_16,min_temp_8 min_temp_19,min_temp_16 max_temp_4,min_temp_17 max_temp_6,min_temp_17 avg_temp_9,max_temp_4 avg_temp_16,avg_temp_4 avg_temp_16,Agricultural Land Mass^2
0,38517.19565213696,3183541.2148410897,768603.5291546053,1137421.4162695026,989469.8694897109,-1976764.335782388,7774.726594815402,-1033491.456568965,11663.038596245813,1068.1581279130735,1717214.671111342,-1540278.4213735603,-3180301.0088538397
