,intercept,Agricultural Land Mass,Agricultural Land Mass^2
0,35081.63043501554,10853329.37977371,-10857200.553800113
