,intercept,min_temp_7,Agricultural Land Mass,precip_1 max_temp_13,precip_4 precip_20,precip_5 max_temp_8,precip_5 max_temp_22,precip_7 precip_19,precip_9 min_temp_10,precip_10 max_temp_13,precip_12 max_temp_23,precip_21 min_temp_13,precip_22 min_temp_2,precip_22 avg_temp_10,min_temp_0 max_temp_2,min_temp_2 min_temp_12,min_temp_3 max_temp_12,min_temp_3 avg_temp_8,min_temp_4 min_temp_5,min_temp_4 min_temp_16,min_temp_4 min_temp_20,min_temp_5 min_temp_8,min_temp_5 min_temp_16,min_temp_5 min_temp_17,min_temp_6^2,min_temp_6 max_temp_18,min_temp_8 max_temp_21,min_temp_9 min_temp_16,min_temp_9 max_temp_21,min_temp_15 max_temp_21,max_temp_3 max_temp_8,max_temp_5 max_temp_15,max_temp_7 avg_temp_19,max_temp_8 max_temp_19,max_temp_14 avg_temp_8,avg_temp_12 avg_temp_23
0,37147.99999999995,-1094.4794762680797,3450.5461848115024,1.939730371360265,670.0970391822351,-2465.3129326444473,-1859.2855394631986,-5995.075575736692,-3658.9871291372474,-6543.6863745373,835.4877460933387,1090.812858574649,-4554.842245203769,-552.6730676349551,199.68644238963438,-158.8503364255709,1575.6422814911243,9681.5447705846,6958.257033766827,9565.315241428329,163.5750339864099,3856.9705565950267,3197.232348933685,10328.633552795298,139.32708198230935,12919.223941852317,5526.916397875299,924.063809289943,3454.48028567579,684.6808209680079,-15614.93411158449,-7798.155419681256,-3971.3609959079768,-726.7097362282971,-558.1815365827047,5749.725648166535
