,intercept,Agricultural Land Mass,precip_5 max_temp_6,min_temp_4 min_temp_16,min_temp_4 max_temp_21,min_temp_5 max_temp_17,min_temp_6 avg_temp_18,min_temp_7 max_temp_16,min_temp_8 min_temp_16,min_temp_8 avg_temp_9,min_temp_9 min_temp_21,min_temp_9 max_temp_12,min_temp_9 max_temp_19,min_temp_16 max_temp_3,min_temp_16 avg_temp_4,min_temp_17 min_temp_18,min_temp_18 min_temp_19,min_temp_18 max_temp_2,min_temp_19 avg_temp_7,min_temp_20 avg_temp_21,min_temp_21 max_temp_15,max_temp_4 avg_temp_16,max_temp_7 avg_temp_18,max_temp_8 max_temp_19,max_temp_18 avg_temp_6,avg_temp_16 avg_temp_18
0,40898.49999999994,3098.5944067207897,-4703.281401041156,33605.29842278788,-12072.678825210625,19136.471427100136,10089.511509280223,-19519.053639757683,7770.746828525848,862.7946715272406,4199.333094701674,375.2302102301167,-437.9104161683234,-23676.776413653144,2628.7841323437633,498.4653940231361,3938.5912052618983,-2701.0216624028603,-4144.920846458498,-3395.446287828496,8746.99652363613,3247.632572337421,5789.630679142516,-6376.237916962153,1035.3333280117183,3250.9991511268404
