,intercept,Agricultural Land Mass,min_temp_4 min_temp_16,min_temp_6 min_temp_16,min_temp_6 max_temp_16,min_temp_6 avg_temp_16,min_temp_8 min_temp_19,min_temp_16 max_temp_4,min_temp_17 max_temp_6,min_temp_17 avg_temp_9,max_temp_4 avg_temp_16,avg_temp_4 avg_temp_16,Agricultural Land Mass^2
0,40233.10869575197,2190966.7231879635,786572.6514899636,1217951.3251071526,1132604.3042220217,-2201217.659588836,8427.713665644942,-1020725.1869147622,7857.334705122027,4774.4000897279,1728518.0527438528,-1580980.5007097658,-2189672.945784537
