,intercept,Agricultural Land Mass,precip_5^2,min_temp_4 min_temp_16,min_temp_4 max_temp_21,min_temp_5 min_temp_16,min_temp_5 max_temp_17,min_temp_6 max_temp_18,min_temp_6 max_temp_19,min_temp_7 max_temp_16,min_temp_8 min_temp_16,min_temp_8 avg_temp_5,min_temp_9 max_temp_12,min_temp_9 max_temp_19,min_temp_16 max_temp_3,min_temp_16 avg_temp_4,min_temp_17 max_temp_7,min_temp_17 max_temp_9,min_temp_18 min_temp_19,min_temp_18 max_temp_2,min_temp_19 avg_temp_7,min_temp_21 max_temp_15,min_temp_21 avg_temp_3,max_temp_4 avg_temp_16,max_temp_8 max_temp_19,max_temp_18 avg_temp_6
0,39323.34782608707,2805.829018118568,-2138.9058741124095,15821.61020297623,-3873.064489120962,7790.552447666951,14311.798753952913,7386.303406939981,-6833.8925962652875,-9330.700913675419,7845.118990377475,2809.8795078582802,8389.621649157616,-4944.825131450733,-23657.515254513295,4404.121345544997,-2585.234657778735,4958.282745187582,12231.9133809211,-110.10203070384064,-7202.623530470397,1270.0220043019833,4720.046308265233,5528.030770888901,-2553.0248404410777,613.2784558650957
