,intercept,Agricultural Land Mass,Agricultural Land Mass^2
0,41264.02173883156,14213192.023160664,-14222111.654289208
