,intercept,Agricultural Land Mass,precip_5^2,precip_5 max_temp_8,min_temp_4 max_temp_21,min_temp_5 min_temp_16,min_temp_5 min_temp_17,min_temp_5 max_temp_17,min_temp_6 min_temp_8,min_temp_6 max_temp_16,min_temp_6 max_temp_18,min_temp_6 avg_temp_18,min_temp_7 max_temp_16,min_temp_8 avg_temp_9,min_temp_9 max_temp_12,min_temp_9 max_temp_19,min_temp_16 max_temp_3,min_temp_17 max_temp_6,min_temp_18 min_temp_19,min_temp_18 max_temp_2,min_temp_19 avg_temp_7,min_temp_21 avg_temp_3,max_temp_4 avg_temp_16,max_temp_8 max_temp_19
0,37590.00000000001,1850.000452455616,-1686.095040079407,-2736.828812856103,-4510.102957947032,18059.187871820006,3201.6123400500046,7099.274110644415,350.67364515967,1654.9291433300743,1118.176501233945,11809.87952215447,-25401.562175991858,10377.972577856302,3456.55167462854,-5238.57625372261,-12512.644716014158,-144.9783325642999,9479.51538120523,1907.894243918737,-2858.9541300630326,1159.643137887442,20076.94739640695,-6959.120191574344
