,intercept,Agricultural Land Mass,Agricultural Land Mass^2
0,40701.93478287523,13806037.655583864,-13811056.252825836
