,intercept,Agricultural Land Mass,Agricultural Land Mass^2
0,39049.04347808672,13570297.538237518,-13575739.914693844
