,intercept,Agricultural Land Mass,Agricultural Land Mass^2
0,38549.02174025471,13010703.630392902,-13016139.548607761
