,intercept,Agricultural Land Mass,min_temp_4 min_temp_16,min_temp_6 max_temp_16,min_temp_8 min_temp_19,min_temp_17 max_temp_6,min_temp_17 avg_temp_9,max_temp_4 avg_temp_16
0,40045.00000000007,352.9376313681757,17480.891294411696,665.7862473332306,5174.539511321856,12363.198506007991,6392.693042097574,-10228.563719154628
