,intercept,min_temp_16,precip_5^2,precip_5 max_temp_6,min_temp_4 min_temp_16,min_temp_4 min_temp_17,min_temp_4 max_temp_21,min_temp_4 avg_temp_3,min_temp_4 avg_temp_17,min_temp_5 min_temp_17,min_temp_6 min_temp_17,min_temp_6 avg_temp_6,min_temp_6 avg_temp_17,min_temp_7 max_temp_16,min_temp_8 min_temp_16,min_temp_8 max_temp_19,min_temp_8 avg_temp_5,min_temp_8 avg_temp_9,min_temp_9 min_temp_21,min_temp_9 max_temp_12,min_temp_9 max_temp_19,min_temp_16^2,min_temp_16 max_temp_3,min_temp_16 max_temp_4,min_temp_16 max_temp_18,min_temp_16 max_temp_20,min_temp_16 max_temp_21,min_temp_16 avg_temp_4,min_temp_16 avg_temp_5,min_temp_16 avg_temp_6,min_temp_16 Agricultural Land Mass,min_temp_17 avg_temp_9,min_temp_18 min_temp_19,min_temp_18 max_temp_2,min_temp_18 max_temp_6,min_temp_19 avg_temp_6,min_temp_19 avg_temp_7,min_temp_19 avg_temp_8,min_temp_20 max_temp_17,min_temp_21 max_temp_15,min_temp_21 avg_temp_3,max_temp_6 avg_temp_16,max_temp_8 avg_temp_19,max_temp_17 avg_temp_5,max_temp_18 avg_temp_6,avg_temp_9 avg_temp_21,Agricultural Land Mass^2
0,36725.26086956505,-37161.26519172627,-36509.40437331517,30856.032842621866,65097.71225909855,10854.38961887339,-157906.03156679292,100773.82103654093,22621.33313989212,62877.868221900666,-120271.3470699345,96062.32371808654,-1059.3326794663597,5763.266023061437,163713.3227082086,-32223.464373461164,-1155.860011002537,-73647.3752460757,-17335.159377289718,9413.322108721502,-4562.829832550092,-54864.88333385447,-136463.39822269758,23859.290636289148,44127.19502360249,76153.13048631467,141966.00345142628,15912.383116281166,-55413.09847107291,-113220.27388624314,-63013.76326443291,102744.77591333765,94144.1517121346,-1648.2979747306326,-48959.01819323575,-11655.89365405689,-33708.15679318149,-15567.58028653053,-24335.009474558155,-6267.049677793422,35757.25246844303,-4415.02877509882,-6614.0605563894505,-11331.12556335208,5055.394353381415,-17190.02580464826,2338.553788379848
