,intercept,Agricultural Land Mass,precip_5 max_temp_8,min_temp_4 min_temp_16,min_temp_5 min_temp_17,min_temp_6 min_temp_8,min_temp_6 max_temp_18,min_temp_6 avg_temp_6,min_temp_7 max_temp_16,min_temp_8 min_temp_16,min_temp_9 max_temp_12,min_temp_9 max_temp_18,min_temp_16 min_temp_17,min_temp_16 max_temp_3,min_temp_17 max_temp_6,min_temp_18 min_temp_19,min_temp_18 max_temp_2,min_temp_18 max_temp_6,min_temp_19 avg_temp_7,min_temp_20 avg_temp_21,min_temp_21 max_temp_15,max_temp_8 max_temp_19,max_temp_17 avg_temp_5,avg_temp_4 avg_temp_17,avg_temp_9 avg_temp_21,avg_temp_16 avg_temp_18
0,37293.869565217574,2385.3138630025896,-4226.813110910956,22724.848513626224,19655.756280777714,11522.05011050205,344.0261629740966,-1133.026227187929,-1818.2642078735187,1093.7609710506042,3389.5935090902162,1347.44975321162,977.5457466717967,-20855.81165847429,-3340.2136715631927,6237.436288237402,324.9979743463165,-1363.7049951651532,-12468.527844892511,9354.905270704143,-2027.1852665280207,-4622.341380037503,-3024.449383807647,-4698.225140889345,-965.6388699249416,9983.641830711602
