,intercept,Agricultural Land Mass,min_temp_4 min_temp_16,min_temp_6 min_temp_16,min_temp_6 max_temp_16,min_temp_6 avg_temp_16,min_temp_8 min_temp_19,min_temp_16 max_temp_4,min_temp_17 max_temp_6,min_temp_17 avg_temp_9,max_temp_4 avg_temp_16,avg_temp_4 avg_temp_16,Agricultural Land Mass^2
0,40349.1739130406,67589.3458963738,170331.86281375086,171038.87494677762,10479.155518953397,-125531.17490178476,6101.293591683747,-309439.2532313545,9641.216071806339,4852.782224668024,381327.7203674731,-279225.9914391705,-65694.26595052858
