,intercept,Agricultural Land Mass,precip_5 max_temp_8,min_temp_4 min_temp_16,min_temp_4 max_temp_21,min_temp_5 min_temp_17,min_temp_5 max_temp_17,min_temp_6 max_temp_18,min_temp_6 max_temp_19,min_temp_7 max_temp_16,min_temp_8 min_temp_16,min_temp_9 max_temp_12,min_temp_16 max_temp_3,min_temp_16 max_temp_4,min_temp_16 avg_temp_4,min_temp_17 avg_temp_9,min_temp_18 min_temp_19,min_temp_18 max_temp_2,min_temp_20 max_temp_17,min_temp_20 avg_temp_21,min_temp_21 avg_temp_3,max_temp_7 avg_temp_18,max_temp_8 max_temp_19,max_temp_17 avg_temp_5,max_temp_18 avg_temp_6,avg_temp_16 avg_temp_18
0,39388.95652173922,660.1643207621325,-2567.7260263770027,16014.818308554724,-5087.253138455016,2261.7584274913916,12839.431547893413,486.6607288669099,-300.7532674017057,-16474.671288216385,19345.49556035277,589.006746478708,-31343.67470298021,1110.3141644653613,10745.495382331457,4627.982130476552,4807.055350520282,-4697.125499038467,-1916.5740374238135,-6013.080123399776,10135.908144613539,436.1519760180982,-6434.763628793563,5272.5017798931485,8739.598177213613,5942.775794863648
