,intercept,Agricultural Land Mass,min_temp_4 min_temp_16,min_temp_6 min_temp_16,min_temp_6 max_temp_16,min_temp_6 avg_temp_16,min_temp_8 min_temp_19,min_temp_16 max_temp_4,min_temp_17 max_temp_6,min_temp_17 avg_temp_9,max_temp_4 avg_temp_16,avg_temp_4 avg_temp_16,Agricultural Land Mass^2
0,39488.45652178998,2385406.5475726104,762828.4540759303,1401462.519998195,1354881.3013138263,-2598938.5238523884,7959.155611847111,-1050054.4655710496,9954.40672410397,2233.304072560712,1752060.3220313413,-1553069.780300009,-2383601.5482764007
