,intercept,Agricultural Land Mass,precip_5 max_temp_8,min_temp_4 min_temp_16,min_temp_4 avg_temp_21,min_temp_5 min_temp_16,min_temp_5 max_temp_17,min_temp_6 min_temp_18,min_temp_6 avg_temp_6,min_temp_6 avg_temp_16,min_temp_6 avg_temp_18,min_temp_7 max_temp_16,min_temp_8 min_temp_16,min_temp_8 avg_temp_9,min_temp_9 max_temp_12,min_temp_16 min_temp_17,min_temp_16 max_temp_3,min_temp_18 max_temp_2,min_temp_19 avg_temp_7,min_temp_20 avg_temp_21,max_temp_7 avg_temp_18,max_temp_8 max_temp_19,max_temp_18 avg_temp_6
0,36379.36956521749,1708.3913388533467,-980.2911808984256,11574.591853506558,1331.189053831789,7869.151931882672,8561.117724273718,4901.0242868220475,551.6884980028543,1345.3523399320245,10094.680841471976,-7154.889105995315,8824.698009684256,-1712.0026691393455,3168.9260385260436,1960.739646679051,-13713.316384554138,-784.3878049992321,-5843.154073340666,5216.600219245326,-5376.822089058306,-3273.971928696976,147.80299144950672
