,intercept,Agricultural Land Mass,min_temp_4 min_temp_16,min_temp_6 min_temp_16,min_temp_6 max_temp_16,min_temp_6 avg_temp_16,min_temp_8 min_temp_19,min_temp_16 max_temp_4,min_temp_17 max_temp_6,min_temp_17 avg_temp_9,max_temp_4 avg_temp_16,avg_temp_4 avg_temp_16,Agricultural Land Mass^2
0,38223.000000095955,1333814.55751477,559495.1137832286,1175461.0679688922,1282587.7680867093,-2355220.331816271,9234.336569225376,-657087.7880862465,10343.060175524844,6694.4891882851125,1185893.0021184485,-1131885.3445983843,-1331955.137404683
