,intercept,Agricultural Land Mass,precip_5^2,min_temp_4 min_temp_16,min_temp_4 max_temp_21,min_temp_5 max_temp_17,min_temp_7 max_temp_16,min_temp_8 avg_temp_9,min_temp_9 max_temp_12,min_temp_9 max_temp_19,min_temp_16 max_temp_3,min_temp_16 avg_temp_4,min_temp_17 max_temp_7,min_temp_18 min_temp_19,min_temp_18 max_temp_2,min_temp_18 max_temp_6,min_temp_19 avg_temp_7,min_temp_20 avg_temp_21,min_temp_21 avg_temp_3,max_temp_8 max_temp_19
0,36079.97826086954,877.8644512066052,-2926.3158336341326,18.98070362966625,-5840.7136981761305,16055.838605307392,-13668.787420841538,15447.592822923434,6395.897551326348,-7599.917828205624,-14078.834912680728,22306.28249129105,-311.94009357331316,10592.96811532737,1799.7153436654912,4241.106712985213,-832.9375531897405,-164.21520988850344,5533.506325178834,-9169.34389226281
