,intercept,Agricultural Land Mass,precip_5^2,min_temp_4 min_temp_16,min_temp_4 max_temp_21,min_temp_4 avg_temp_3,min_temp_4 avg_temp_16,min_temp_5 min_temp_16,min_temp_5 max_temp_17,min_temp_6 max_temp_19,min_temp_7 max_temp_16,min_temp_8 avg_temp_9,min_temp_9 max_temp_12,min_temp_9 max_temp_19,min_temp_16 max_temp_3,min_temp_17 max_temp_6,min_temp_17 avg_temp_9,min_temp_18 min_temp_19,min_temp_18 max_temp_2,min_temp_19 avg_temp_7,min_temp_20 max_temp_17,min_temp_21 avg_temp_3,max_temp_8 max_temp_19,max_temp_18 avg_temp_6,avg_temp_16 avg_temp_18
0,37508.89130434787,3728.8297894437915,-2388.373511369486,25727.480278579147,-13564.279164945852,1887.0663210452192,1530.169404033598,3089.3267005380026,11060.128425927594,-1051.6026284765694,-13619.477596341672,9502.333821170296,10730.239330650093,-10104.038481517451,-13331.66296683167,-2747.3823535780243,2382.6275050762547,14021.951992374705,1961.1533788620097,-3926.7568607681615,-870.6325615445929,7438.894537540654,-5552.9865861538565,5375.261947831576,3886.7945635247497
