,intercept,Agricultural Land Mass,min_temp_4 min_temp_16,min_temp_6 min_temp_16,min_temp_6 max_temp_16,min_temp_6 avg_temp_16,min_temp_8 min_temp_19,min_temp_16 max_temp_4,min_temp_17 max_temp_6,min_temp_17 avg_temp_9,max_temp_4 avg_temp_16,avg_temp_4 avg_temp_16,Agricultural Land Mass^2
0,38497.00000000667,994766.3752367812,766772.6255498654,1164470.938858605,913373.4897622773,-1896886.507192256,3224.2560113976865,-1108359.2437074976,9512.352947507776,-2500.5726056834133,1742295.5192282882,-1519291.1317138432,-994446.0787927322
