,intercept,Agricultural Land Mass,min_temp_4 min_temp_16,min_temp_6 min_temp_16,min_temp_6 max_temp_16,min_temp_6 avg_temp_16,min_temp_8 min_temp_19,min_temp_16 max_temp_4,min_temp_17 max_temp_6,min_temp_17 avg_temp_9,max_temp_4 avg_temp_16,avg_temp_4 avg_temp_16,Agricultural Land Mass^2
0,39386.36956521573,63400.82120349279,174555.2614312411,211658.53266002052,-32180.233146426683,-104606.68791367873,3928.413947933272,-364210.99529602285,11172.628751398346,2754.0808188892006,412343.57107195724,-280825.0038417922,-63132.662516723285
