,intercept,Agricultural Land Mass,precip_5^2,min_temp_4 min_temp_16,min_temp_4 max_temp_21,min_temp_5 max_temp_17,min_temp_6 max_temp_19,min_temp_7 max_temp_16,min_temp_8 min_temp_19,min_temp_8 avg_temp_9,min_temp_9 min_temp_21,min_temp_9 max_temp_12,min_temp_9 max_temp_19,min_temp_16 max_temp_3,min_temp_16 avg_temp_4,min_temp_17 avg_temp_9,min_temp_18 min_temp_19,min_temp_20 avg_temp_21,min_temp_21 max_temp_15,max_temp_8 max_temp_19,max_temp_18 avg_temp_6,avg_temp_4 avg_temp_17
0,34316.15217391309,1100.3902513957223,-1742.9473126422297,7049.09193370312,-10939.428740770596,11698.830036321635,-1128.0982817464135,-14221.448449679287,4600.009086086097,1677.3510111191615,7316.962047163891,-929.1152469727609,-4232.302242571177,-13409.640779694326,20683.33452180861,6640.447612820967,6673.232575142375,-4626.291051857053,2257.952047538338,-5240.631518459281,7766.060988841701,2719.5563115473133
