,intercept,Agricultural Land Mass,min_temp_4 min_temp_16,Agricultural Land Mass^2
0,35512.73913065835,9011652.294017298,16185.401420441036,-9013544.523597252
