,intercept,Agricultural Land Mass,Agricultural Land Mass^2
0,38225.02173937751,13770054.577032244,-13774927.384067042
