,intercept,Agricultural Land Mass,min_temp_4 min_temp_16,min_temp_6 min_temp_16,min_temp_6 max_temp_16,min_temp_6 avg_temp_16,min_temp_8 min_temp_19,min_temp_16 max_temp_4,min_temp_17 max_temp_6,min_temp_17 avg_temp_9,max_temp_4 avg_temp_16,avg_temp_4 avg_temp_16,Agricultural Land Mass^2
0,37520.71739127626,2712354.078947607,379076.64054152544,1558991.1497713288,1740722.620598841,-3173042.5398156038,3382.1894191719657,-584073.6591738646,9780.77720080936,5672.477758646526,903342.3493522928,-757077.5602614451,-2712690.266109435
