,intercept,Agricultural Land Mass,Agricultural Land Mass^2
0,36176.71739202064,13482119.198408373,-13487421.00046295
