,intercept,Agricultural Land Mass,Agricultural Land Mass^2
0,39502.065217762996,13624140.682967639,-13628555.825045064
