,intercept,Agricultural Land Mass,precip_5^2,min_temp_4 min_temp_16,min_temp_4 max_temp_21,min_temp_5 min_temp_17,min_temp_5 max_temp_17,min_temp_7 max_temp_16,min_temp_8 avg_temp_9,min_temp_9 max_temp_12,min_temp_9 max_temp_19,min_temp_16 max_temp_3,min_temp_16 max_temp_21,min_temp_17 max_temp_6,min_temp_17 max_temp_7,min_temp_17 avg_temp_9,min_temp_18 min_temp_19,min_temp_18 max_temp_2,min_temp_19 avg_temp_7,min_temp_20 avg_temp_16,min_temp_21 max_temp_15,min_temp_21 avg_temp_3,max_temp_4 avg_temp_16,max_temp_8 max_temp_19,max_temp_18 avg_temp_6,avg_temp_4 avg_temp_16,avg_temp_6 avg_temp_18
0,37523.41304347834,1953.4447734362768,-2107.254843639598,15181.589063600242,-12962.445034147398,17471.968479723724,1065.038932677211,-8961.2681716405,12393.662244515317,8502.122052043362,-13180.01853101579,-11428.342215028772,-4986.951410612742,-4350.743985078512,-3583.813096998541,2997.929723147102,17058.11499664092,3022.304377894122,-4362.127877087818,1196.8407526486224,8277.788603214472,1102.1689410672273,4865.98725607749,-5195.140109827337,1804.0743788792702,4581.449614246809,1479.2643480954775
