,intercept,precip_5 max_temp_6,min_temp_4 min_temp_16,min_temp_4 avg_temp_16,min_temp_5 max_temp_17,min_temp_6 max_temp_16,min_temp_6 max_temp_18,min_temp_6 max_temp_19,min_temp_7 max_temp_16,min_temp_8 min_temp_16,min_temp_8 avg_temp_9,min_temp_9 max_temp_12,min_temp_9 max_temp_19,min_temp_16 max_temp_3,min_temp_16 max_temp_20,min_temp_17 max_temp_6,min_temp_18 min_temp_19,min_temp_18 max_temp_2,min_temp_20 max_temp_17,min_temp_21 max_temp_15,max_temp_7 max_temp_16,max_temp_8 max_temp_19,avg_temp_4 avg_temp_16
0,38378.804347826095,-7825.475548196781,9988.718154628865,663.0581093582381,20079.078839012967,2729.830948909073,9910.49550972509,-5582.00308033322,-24359.939211110184,18586.853736831283,4297.284437505289,11623.037044119514,-3533.5532230642593,-10613.212469211787,-1643.1130554125334,-539.8333180339906,9029.960884083008,-4300.198654957503,-4567.65516454384,5072.307133793676,5568.823499512915,-7233.809836067053,425.0367219878048
