,intercept,Agricultural Land Mass,min_temp_4 min_temp_16,min_temp_6 min_temp_16,min_temp_6 max_temp_16,min_temp_6 avg_temp_16,min_temp_8 min_temp_19,min_temp_16 max_temp_4,min_temp_17 max_temp_6,min_temp_17 avg_temp_9,max_temp_4 avg_temp_16,avg_temp_4 avg_temp_16,Agricultural Land Mass^2
0,39634.1739130447,75161.36479767153,90127.65167917697,148461.85353951392,10006.34706171198,-118101.52749564605,5693.516087273592,-212496.98299841274,7901.588381694273,9724.711933264203,221058.2157576068,-131658.33603771805,-74721.08365362551
