,intercept,Agricultural Land Mass,precip_5 max_temp_8,min_temp_4 min_temp_16,min_temp_4 max_temp_21,min_temp_5 min_temp_16,min_temp_5 max_temp_17,min_temp_6 max_temp_18,min_temp_6 max_temp_19,min_temp_7 max_temp_16,min_temp_8 min_temp_16,min_temp_9 max_temp_12,min_temp_9 max_temp_19,min_temp_16 max_temp_3,min_temp_16 avg_temp_4,min_temp_17 avg_temp_9,min_temp_18 min_temp_19,min_temp_19 avg_temp_7,min_temp_21 max_temp_15,max_temp_4 avg_temp_16,max_temp_7 avg_temp_18,max_temp_8 max_temp_19
0,37954.34782608688,523.2219892331926,-4373.569932839222,11494.882405578997,-4378.181447249747,5960.63105027714,13490.034893384029,12095.304240461523,-3085.7236475943223,-10338.977482688377,8613.937866161656,6833.40547638323,-3968.192146439901,-22756.209673102003,9224.278928286665,6832.039539452826,13983.94107471229,-13149.635956292488,1976.3354373564691,7063.9453098364365,-2683.3856372299724,-4883.5782413166335
