,intercept,Agricultural Land Mass,min_temp_4 min_temp_16,min_temp_6 min_temp_16,min_temp_6 max_temp_16,min_temp_6 avg_temp_16,min_temp_8 min_temp_19,min_temp_16 max_temp_4,min_temp_17 max_temp_6,min_temp_17 avg_temp_9,max_temp_4 avg_temp_16,avg_temp_4 avg_temp_16,Agricultural Land Mass^2
0,38509.26086964864,1364494.01383381,488521.5812458443,1414338.6133727343,1419623.4863507035,-2686323.1568773654,5971.2702802292415,-772001.0006079064,8122.875995083683,5491.586691801984,1158976.8326004269,-958890.6797858453,-1364093.104303461
