,intercept,Agricultural Land Mass,Agricultural Land Mass^2
0,40122.50000079559,14298992.936258538,-14305211.937275583
