,intercept,Agricultural Land Mass,precip_5^2,min_temp_4 max_temp_21,min_temp_5 max_temp_17,min_temp_6 max_temp_18,min_temp_6 max_temp_19,min_temp_7 max_temp_16,min_temp_8 avg_temp_9,min_temp_9 max_temp_12,min_temp_9 max_temp_19,min_temp_16 max_temp_3,min_temp_16 max_temp_4,min_temp_16 max_temp_21,min_temp_16 avg_temp_4,min_temp_17 max_temp_6,min_temp_17 avg_temp_9,min_temp_18 min_temp_19,min_temp_20 max_temp_17,min_temp_21 avg_temp_3,max_temp_4 avg_temp_16,max_temp_8 max_temp_19,max_temp_18 avg_temp_6
0,36895.34782608696,125.12738251729847,-4957.499656384982,-9448.017397295636,18395.69096529646,4037.512978616352,-19.307403117182773,-22500.33293217364,11992.089914293909,2821.796141594102,-7075.609907820729,-6123.507017381869,5954.356615227116,-3063.4585265352725,8388.376503280191,-3694.443287818444,3481.1490740782806,13113.54084557522,-432.78351665769463,7990.666528477203,12569.100425053093,-10648.30161638602,3120.7188580402303
