,intercept,Agricultural Land Mass,precip_5 max_temp_8,min_temp_4 min_temp_16,min_temp_5 min_temp_16,min_temp_5 max_temp_17,min_temp_6 max_temp_18,min_temp_6 max_temp_19,min_temp_7 max_temp_16,min_temp_8 min_temp_16,min_temp_8 avg_temp_9,min_temp_9 max_temp_12,min_temp_9 max_temp_19,min_temp_16 max_temp_3,min_temp_17 avg_temp_9,min_temp_18 min_temp_19,min_temp_18 max_temp_2,min_temp_21 max_temp_15,max_temp_4 avg_temp_16,max_temp_8 max_temp_19,avg_temp_16 avg_temp_18
0,39902.82608695656,1166.9412223013442,-7175.675801222065,13436.266184882936,1867.4695198430177,18389.39822870391,9227.280099681271,-11129.085673703365,-23241.556383366344,4614.895226414442,14046.36419146532,7195.769452579045,-9816.696027567063,-7872.3583004570555,1024.841890991098,6777.535229565847,1499.7167750042818,4455.517484808227,2823.984048558672,-1974.8979794016784,5498.2793348349
