,intercept,Agricultural Land Mass,min_temp_4 min_temp_16,min_temp_6 min_temp_16,min_temp_6 max_temp_16,min_temp_6 avg_temp_16,min_temp_8 min_temp_19,min_temp_16 max_temp_4,min_temp_17 max_temp_6,min_temp_17 avg_temp_9,max_temp_4 avg_temp_16,avg_temp_4 avg_temp_16,Agricultural Land Mass^2
0,39497.717391368584,1548333.8140998227,833095.5646150524,1516293.8236224796,1413006.431039814,-2754728.5336366547,8040.609396672174,-1153461.015623187,8788.795480489509,4177.894763229561,1881305.6330302658,-1669906.0667105992,-1546670.9564801182
