,intercept,Agricultural Land Mass,min_temp_4 min_temp_16,min_temp_8 min_temp_19,min_temp_16 max_temp_4,min_temp_17 max_temp_6,min_temp_17 avg_temp_9,max_temp_4 avg_temp_16
0,41835.9347826087,643.4646793221161,16079.07879012362,7113.070993549867,-443.80365833358746,11305.653515758659,6631.089139308551,-7274.045030372653
