,intercept,Agricultural Land Mass,precip_5^2,min_temp_4 min_temp_16,min_temp_4 max_temp_21,min_temp_5 max_temp_17,min_temp_6 min_temp_18,min_temp_7 max_temp_16,min_temp_8 avg_temp_9,min_temp_16 max_temp_3,min_temp_16 avg_temp_4,min_temp_17 max_temp_7,min_temp_17 avg_temp_9,min_temp_18 min_temp_19,min_temp_18 max_temp_6,min_temp_21 max_temp_15,max_temp_4 avg_temp_16,max_temp_6 max_temp_16,max_temp_8 max_temp_19,avg_temp_6 avg_temp_18,avg_temp_16 avg_temp_18
0,39239.478260869655,2834.305840808401,-2408.8815291145643,27863.87733570362,-12437.978651236534,11027.785216212455,6812.56166645461,-29050.592818394016,3827.627952414416,-28950.031277068352,595.5970363061691,-3330.415364152178,8134.194684057228,263.8038183563514,321.1986035707688,8937.702412892595,16432.954989692316,1319.742385730791,-9640.705905630617,12345.782344462603,14323.351385770673
