,intercept,Agricultural Land Mass,min_temp_4 min_temp_16,min_temp_6 min_temp_16,min_temp_6 max_temp_16,min_temp_6 avg_temp_16,min_temp_8 min_temp_19,min_temp_16 max_temp_4,min_temp_17 max_temp_6,min_temp_17 avg_temp_9,max_temp_4 avg_temp_16,avg_temp_4 avg_temp_16,Agricultural Land Mass^2
0,35157.804347958394,2664314.483893058,682953.3603763613,766494.3175547831,546801.3667370902,-1199571.6573871416,6122.4885277587,-938221.9902301867,5448.195435284504,8896.494612385648,1583003.5823321901,-1416138.3251954038,-2662405.472562733
