,intercept,Agricultural Land Mass,Agricultural Land Mass^2
0,37468.60869669465,12104124.601400156,-12108162.473220773
