,intercept,Agricultural Land Mass,min_temp_4 min_temp_16,min_temp_6 min_temp_16,min_temp_6 max_temp_16,min_temp_6 avg_temp_16,min_temp_8 min_temp_19,min_temp_16 max_temp_4,min_temp_17 max_temp_6,min_temp_17 avg_temp_9,max_temp_4 avg_temp_16,avg_temp_4 avg_temp_16,Agricultural Land Mass^2
0,39759.934782610726,54012.13678434114,218248.84951931238,134972.82400487576,-8490.52517368743,-83934.82790210444,9037.49245464246,-302370.43665711686,9615.670842759155,3825.3926908161766,449091.8431225893,-392812.2251473077,-51087.79025934735
