,intercept,Agricultural Land Mass,min_temp_4 min_temp_16,min_temp_6 min_temp_16,min_temp_6 max_temp_16,min_temp_6 avg_temp_16,min_temp_8 min_temp_19,min_temp_16 max_temp_4,min_temp_17 max_temp_6,min_temp_17 avg_temp_9,max_temp_4 avg_temp_16,avg_temp_4 avg_temp_16,Agricultural Land Mass^2
0,38757.95652179667,4422250.360794111,577605.5343904047,570270.0911149214,254903.46686356125,-706767.5543170248,7133.559276150131,-872720.3648156357,7417.280220871607,4557.164623924699,1350679.2675078197,-1145131.0322689528,-4419773.07928518
