,intercept,Agricultural Land Mass,min_temp_4 min_temp_16,min_temp_6 min_temp_16,min_temp_6 max_temp_16,min_temp_8 min_temp_19,min_temp_16 max_temp_4,min_temp_17 max_temp_6,min_temp_17 avg_temp_9
0,42296.67391304339,1264.5770499144257,32553.21350019208,12592.386739005764,-3440.5066959076457,6793.438974852318,-31164.253801535422,13798.45444193278,2504.0237113250564
