,intercept,Agricultural Land Mass,precip_5 max_temp_8,min_temp_4 min_temp_16,min_temp_4 avg_temp_16,min_temp_4 avg_temp_21,min_temp_5 min_temp_17,min_temp_5 max_temp_17,min_temp_6 max_temp_19,min_temp_7 max_temp_16,min_temp_8 min_temp_16,min_temp_9 min_temp_21,min_temp_16 max_temp_3,min_temp_18 max_temp_2,min_temp_18 max_temp_6,min_temp_19 avg_temp_7,min_temp_20 avg_temp_21,max_temp_6 max_temp_16,max_temp_8 max_temp_19,max_temp_18 avg_temp_6,avg_temp_16 avg_temp_18
0,33548.30434782608,1525.0040513221954,-3801.9409618968725,9881.9850745515,2602.5467598601526,1778.0121044464045,949.7220943281123,7908.508896213206,4637.509998249037,-14202.327082656788,16890.373540982906,3115.9129809388896,-15722.574514974427,-1093.481927312129,1973.1340541694815,-3311.9445122714696,1844.1292293755946,5101.912390524909,-3375.287810820774,3519.4438744151894,4175.55716032948
