,intercept,Agricultural Land Mass,min_temp_4 min_temp_16,min_temp_6 min_temp_16,min_temp_6 max_temp_16,min_temp_6 avg_temp_16,min_temp_8 min_temp_19,min_temp_16 max_temp_4,min_temp_17 max_temp_6,min_temp_17 avg_temp_9,max_temp_4 avg_temp_16,avg_temp_4 avg_temp_16,Agricultural Land Mass^2
0,38367.391304619836,4311068.68724225,683531.6508598708,924291.5143753815,763817.915602093,-1563733.7816521637,9474.280197646205,-925176.3581944738,9970.307309885375,4140.089933997433,1547065.905351927,-1384211.763617104,-4310510.742273545
