,intercept,Agricultural Land Mass,Agricultural Land Mass^2
0,41021.23913073377,12974455.736250944,-12981628.591156093
