,intercept,Agricultural Land Mass,min_temp_4 min_temp_16,min_temp_6 min_temp_16,min_temp_6 max_temp_16,min_temp_6 avg_temp_16,min_temp_8 min_temp_19,min_temp_16 max_temp_4,min_temp_17 max_temp_6,min_temp_17 avg_temp_9,max_temp_4 avg_temp_16,avg_temp_4 avg_temp_16,Agricultural Land Mass^2
0,37434.673913086415,4387997.286887418,516519.83666383533,1138177.6129426653,1146205.1968202693,-2177212.429262918,5706.317139031516,-705832.3074628698,7035.640037751757,5720.739587459633,1173972.0323806198,-1046007.8591214474,-4386992.843871026
