,intercept,Agricultural Land Mass,min_temp_4 min_temp_16,min_temp_6 min_temp_16,min_temp_6 max_temp_16,min_temp_6 avg_temp_16,min_temp_8 min_temp_19,min_temp_16 max_temp_4,min_temp_17 max_temp_6,min_temp_17 avg_temp_9,max_temp_4 avg_temp_16,avg_temp_4 avg_temp_16,Agricultural Land Mass^2
0,40740.58695656971,2043902.2282900505,762028.6910482093,1188411.7686884138,951083.0008258414,-1973773.0702844998,6188.445049619643,-1096091.1529654562,9456.112586079866,4421.744537568134,1720819.1636696814,-1501457.3388935938,-2042334.4566731853
