,intercept,Agricultural Land Mass,precip_3 precip_10,precip_4 precip_20,precip_7 min_temp_2,precip_9 min_temp_2,precip_9 min_temp_10,precip_16 max_temp_20,precip_21 min_temp_13,precip_22 min_temp_9,min_temp_0 max_temp_2,min_temp_3 avg_temp_10,min_temp_4 min_temp_16,min_temp_4 avg_temp_14,min_temp_5 min_temp_15,min_temp_5 min_temp_16,min_temp_5 min_temp_17,min_temp_5 avg_temp_16,min_temp_6 min_temp_17,min_temp_7 avg_temp_19,min_temp_9 min_temp_16,min_temp_16 min_temp_20,min_temp_16 min_temp_21,min_temp_17 avg_temp_5,min_temp_17 avg_temp_16,min_temp_17 avg_temp_18,min_temp_19 max_temp_15,max_temp_5 max_temp_15,max_temp_8 max_temp_19,max_temp_16 max_temp_21,avg_temp_3 avg_temp_22,avg_temp_12 avg_temp_23
0,35358.43478260868,2754.1276044014858,2062.0693023016693,1259.5408084721396,483.07631791432465,2665.0070032899457,-4566.806080396972,-5985.775195249732,-4043.4773744868075,83.6491221552759,-786.1762742600473,-1846.6421842343138,327.95950668408733,5981.753089752202,3080.6543620172024,752.6870141777484,6288.91582872778,2376.75804073872,8736.055078145368,-3193.4775922691333,4479.503768185275,1916.611334046483,90.92771642340527,2427.4566066362527,2493.5690540198652,422.15600307472846,-4434.352616546317,-1264.6905293928753,-3487.956847287814,53.16087040403222,-3274.6208710696956,6325.361904018619
