,intercept,precip_3 precip_10,precip_5 max_temp_8,precip_7 precip_19,precip_7 min_temp_2,precip_9 min_temp_2,precip_9 min_temp_10,precip_10 max_temp_13,precip_13 min_temp_2,precip_16 max_temp_20,precip_20 max_temp_22,precip_22 min_temp_2,precip_22 min_temp_9,min_temp_3 max_temp_12,min_temp_3 avg_temp_8,min_temp_3 avg_temp_10,min_temp_4 min_temp_16,min_temp_4 avg_temp_16,min_temp_5 min_temp_15,min_temp_5 min_temp_17,min_temp_5 max_temp_20,min_temp_5 avg_temp_17,min_temp_5 avg_temp_21,min_temp_6^2,min_temp_6 max_temp_17,min_temp_6 max_temp_19,min_temp_7 min_temp_19,min_temp_7 avg_temp_5,min_temp_8 max_temp_21,max_temp_3 avg_temp_8,max_temp_5 avg_temp_8,max_temp_8 avg_temp_18,max_temp_16 max_temp_21,avg_temp_3 avg_temp_22,avg_temp_12 avg_temp_23,Agricultural Land Mass^2
0,36953.45652173917,417.31340945637544,-3987.784528918729,-2248.026020550262,-835.2270622585489,-1669.9987437094624,-4467.727750652271,-2957.579556142279,2669.667815556379,2753.5076206791186,-1232.1345433244946,-1974.7707421423586,1396.7259094143694,4027.5881347958757,6165.8885593576115,-2393.2192911304837,5847.7721439764755,8339.740538965496,2.527989459800744,13705.84366292352,5413.270366958196,3932.876618092045,14.727538939253977,3406.6681586946893,2793.1973324635455,706.0845711124396,-7345.640575740905,-5670.815373020705,11486.53440693832,-8979.197094364252,-140.08366276632384,-5687.701962531123,128.72745681396884,-124.0926907727512,7728.09395862403,-292.234835486253
