,intercept,Agricultural Land Mass,min_temp_4 min_temp_16,min_temp_6 min_temp_16,min_temp_6 max_temp_16,min_temp_6 avg_temp_16,min_temp_8 min_temp_19,min_temp_16 max_temp_4,min_temp_17 max_temp_6,min_temp_17 avg_temp_9,max_temp_4 avg_temp_16,avg_temp_4 avg_temp_16,Agricultural Land Mass^2
0,38568.06521750713,1830119.8804896406,650921.3670580124,938758.4438316191,1009616.8412779142,-1870645.5016144437,9358.646469310477,-703815.2618330693,8885.131879603518,1138.784453006021,1334028.3679000014,-1315028.953456452,-1829118.76846102
