,intercept,Agricultural Land Mass,precip_5^2,min_temp_4 min_temp_16,min_temp_4 max_temp_21,min_temp_5 min_temp_17,min_temp_5 max_temp_17,min_temp_6 max_temp_18,min_temp_6 max_temp_19,min_temp_7 max_temp_16,min_temp_8 min_temp_16,min_temp_9 max_temp_12,min_temp_9 max_temp_19,min_temp_16 max_temp_3,min_temp_16 avg_temp_4,min_temp_17 min_temp_18,min_temp_17 avg_temp_9,min_temp_18 min_temp_19,min_temp_18 max_temp_2,max_temp_7 avg_temp_18,max_temp_8 max_temp_19,max_temp_18 avg_temp_6,avg_temp_4 avg_temp_17
0,37768.673913043385,1498.7631153940386,-1557.6800217813552,5618.566945372416,-3424.257406448404,116.53506873244466,20151.38261636596,401.9047740568147,-5220.035709738791,-21355.585378605087,22020.65878111777,8098.281677359238,-4110.173810252411,-6664.270890990279,6808.372759728114,3299.134695085639,2272.797601063836,1505.4117725759947,-2090.772964990839,125.64812556377541,-6493.772070062401,9888.973703646518,3862.9552572234634
