,intercept,Agricultural Land Mass,min_temp_4 min_temp_16,min_temp_6 min_temp_16,min_temp_6 max_temp_16,min_temp_6 avg_temp_16,min_temp_8 min_temp_19,min_temp_16 max_temp_4,min_temp_17 max_temp_6,min_temp_17 avg_temp_9,max_temp_4 avg_temp_16,avg_temp_4 avg_temp_16,Agricultural Land Mass^2
0,36767.15217391265,81745.97009743794,117607.09232118925,114748.07202636865,34683.165728029955,-124977.56624396842,4771.73754241293,-180593.06567729337,8665.27662943705,9120.154310062315,254661.7399692074,-206354.23312929572,-80054.92396908141
