,intercept,Agricultural Land Mass,min_temp_4 min_temp_16,min_temp_6 min_temp_16,min_temp_6 max_temp_16,min_temp_6 avg_temp_16,min_temp_8 min_temp_19,min_temp_16 max_temp_4,min_temp_17 max_temp_6,min_temp_17 avg_temp_9,max_temp_4 avg_temp_16,avg_temp_4 avg_temp_16,Agricultural Land Mass^2
0,37243.10869539718,3818118.7409162833,448174.5393842208,407105.0344567604,155985.4195206751,-474452.52129649895,8304.903506055596,-647423.5687572603,7965.0973711804245,1745.5036352006414,1009458.0956755453,-868305.9300854019,-3817821.94865492
