,intercept,Agricultural Land Mass,min_temp_4 min_temp_16,min_temp_6 min_temp_16,min_temp_6 max_temp_16,min_temp_6 avg_temp_16,min_temp_8 min_temp_19,min_temp_16 max_temp_4,min_temp_17 max_temp_6,min_temp_17 avg_temp_9,max_temp_4 avg_temp_16,avg_temp_4 avg_temp_16,Agricultural Land Mass^2
0,38576.45652153069,4620661.036005464,412330.96611314337,1214446.0780517878,1226509.9175626666,-2327258.6976583395,6373.008924026448,-680639.9891323028,7463.955757901424,7127.916189079852,1031652.4960894467,-836566.2172807455,-4619579.504486556
