,intercept,Agricultural Land Mass,min_temp_4 min_temp_16,min_temp_6 min_temp_16,min_temp_6 max_temp_16,min_temp_6 avg_temp_16,min_temp_8 min_temp_19,min_temp_16 max_temp_4,min_temp_17 max_temp_6,min_temp_17 avg_temp_9,max_temp_4 avg_temp_16,avg_temp_4 avg_temp_16,Agricultural Land Mass^2
0,41020.36956536541,3066072.4367073956,672288.7233796306,999631.1123948222,894216.7154165892,-1775355.999533762,9677.374418897653,-899361.9294318253,10093.476888373589,4040.201828897358,1496453.751897998,-1342191.2878587262,-3061676.0906006433
