,intercept,Agricultural Land Mass,min_temp_4 min_temp_16,min_temp_6 min_temp_16,min_temp_6 max_temp_16,min_temp_6 avg_temp_16,min_temp_8 min_temp_19,min_temp_16 max_temp_4,min_temp_17 max_temp_6,min_temp_17 avg_temp_9,max_temp_4 avg_temp_16,avg_temp_4 avg_temp_16,Agricultural Land Mass^2
0,40490.04347852695,3064044.848680441,686324.5894266078,965338.1602249714,697602.4552386609,-1510553.975831118,6103.99620527651,-982324.3242133639,7469.317354865821,6433.04762881466,1516131.030555504,-1334080.0007049562,-3063741.9157149605
