,intercept,Agricultural Land Mass,min_temp_4 min_temp_16,min_temp_6 min_temp_16,min_temp_6 max_temp_16,min_temp_6 avg_temp_16,min_temp_8 min_temp_19,min_temp_16 max_temp_4,min_temp_17 max_temp_6,min_temp_17 avg_temp_9,max_temp_4 avg_temp_16,avg_temp_4 avg_temp_16,Agricultural Land Mass^2
0,38036.86956528261,3371227.640877618,460145.5692978936,1551892.9899555317,1656762.593462555,-3067591.195745185,1850.819787347842,-705517.0735617022,9322.046223509984,5908.432975362459,1086709.716928069,-918881.1016933644,-3370505.584988941
