,intercept,Agricultural Land Mass,min_temp_4 min_temp_16,min_temp_6 min_temp_16,min_temp_6 max_temp_16,min_temp_6 avg_temp_16,min_temp_8 min_temp_19,min_temp_16 max_temp_4,min_temp_17 max_temp_6,min_temp_17 avg_temp_9,max_temp_4 avg_temp_16,avg_temp_4 avg_temp_16,Agricultural Land Mass^2
0,40579.717391312,976763.940826884,727684.0788505848,1169732.171966968,1009679.3111444878,-2026222.901824703,8352.131965383112,-1038012.7179632942,9465.785164060402,5074.8717520499695,1695251.3646069318,-1480300.6715717034,-973488.7456760439
