,intercept,min_temp_16,Agricultural Land Mass,precip_5^2,precip_5 max_temp_8,min_temp_4 min_temp_16,min_temp_4 max_temp_21,min_temp_4 avg_temp_3,min_temp_4 avg_temp_17,min_temp_5 min_temp_17,min_temp_5 max_temp_17,min_temp_6 min_temp_8,min_temp_6 min_temp_16,min_temp_6 min_temp_19,min_temp_6 max_temp_16,min_temp_6 max_temp_18,min_temp_6 max_temp_19,min_temp_6 avg_temp_6,min_temp_6 avg_temp_17,min_temp_6 avg_temp_18,min_temp_7 min_temp_16,min_temp_7 max_temp_16,min_temp_8 min_temp_16,min_temp_8 min_temp_19,min_temp_8 avg_temp_5,min_temp_8 avg_temp_9,min_temp_9 min_temp_21,min_temp_9 max_temp_12,min_temp_9 max_temp_18,min_temp_16 min_temp_17,min_temp_16 max_temp_3,min_temp_16 max_temp_5,min_temp_16 max_temp_20,min_temp_16 max_temp_21,min_temp_16 avg_temp_5,min_temp_16 avg_temp_6,min_temp_16 avg_temp_19,min_temp_16 Agricultural Land Mass,min_temp_17 min_temp_18,min_temp_17 max_temp_6,min_temp_17 max_temp_7,min_temp_17 avg_temp_9,min_temp_18 min_temp_19,min_temp_18 max_temp_2,min_temp_18 max_temp_6,min_temp_19 avg_temp_6,min_temp_19 avg_temp_7,min_temp_19 avg_temp_8,min_temp_20 max_temp_17,min_temp_20 avg_temp_21,min_temp_21 max_temp_15,min_temp_21 avg_temp_3,max_temp_4 avg_temp_16,max_temp_7 max_temp_16,max_temp_7 avg_temp_18,max_temp_8 avg_temp_19,max_temp_18 avg_temp_6,avg_temp_9 avg_temp_21,Agricultural Land Mass^2
0,36135.43478260792,-46278.621157946116,24.942820337856773,-1928.2022521269814,-4025.875480355486,62403.8073297292,-97600.45651395139,79248.45281909485,-6595.633595453723,73697.90642633854,-22964.231233997398,57311.76086829614,18466.722579373232,-7155.841877252306,-13983.92759311242,-0.9578878899057904,16939.564265392524,-25587.974830842377,-6708.499339249552,-3569.0666571389174,31435.436552525076,-13093.84363068912,150395.45061269612,-57633.06543876294,-49809.98712455536,-58109.01190254757,-23833.7462693918,2438.7817904753006,8375.954208372817,71198.643756345,-108837.59521635875,-17032.37319705476,23112.217346455593,27211.64388837244,-14422.770452981333,-1222.3054630235756,-6911.787485268419,-116557.03170888296,6963.269933178901,-48212.335867909,-14543.4125386134,7944.766492385725,15891.778186132036,-3785.8333751105743,49.360081547118455,24912.92866744713,-12829.909266091867,-1081.596241189351,-21542.00239580916,12136.798234958223,-40443.38305304064,16318.759521944912,11629.424772343225,29722.234933188756,-12566.931513131907,-6161.608832833881,29932.077090943796,67796.15848502656,5145.723268918899
