,intercept,min_temp_16,precip_5^2,precip_5 max_temp_6,min_temp_4 min_temp_16,min_temp_4 min_temp_17,min_temp_4 max_temp_21,min_temp_4 avg_temp_3,min_temp_4 avg_temp_21,min_temp_5 min_temp_17,min_temp_6 avg_temp_17,min_temp_7 max_temp_16,min_temp_8 min_temp_16,min_temp_8 avg_temp_5,min_temp_8 avg_temp_9,min_temp_9 min_temp_21,min_temp_9 max_temp_12,min_temp_9 max_temp_19,min_temp_16^2,min_temp_16 max_temp_3,min_temp_16 max_temp_4,min_temp_16 max_temp_5,min_temp_16 max_temp_18,min_temp_16 max_temp_20,min_temp_16 max_temp_21,min_temp_16 avg_temp_4,min_temp_16 avg_temp_5,min_temp_16 avg_temp_19,min_temp_16 Agricultural Land Mass,min_temp_17 max_temp_6,min_temp_17 max_temp_7,min_temp_17 avg_temp_6,min_temp_17 avg_temp_9,min_temp_18 min_temp_19,min_temp_18 max_temp_2,min_temp_19 avg_temp_7,min_temp_20 max_temp_17,min_temp_21 max_temp_15,min_temp_21 avg_temp_3,max_temp_4 avg_temp_16,max_temp_7 max_temp_16,max_temp_8 max_temp_19,max_temp_8 avg_temp_19,max_temp_17 avg_temp_5,max_temp_18 avg_temp_6,avg_temp_16 avg_temp_18,Agricultural Land Mass^2
0,37100.86956521657,-48502.41868678415,-34871.97987144215,29406.357399862907,50388.95836058161,34479.710006360736,-241658.56768230203,142173.92782049897,62909.919532831016,54058.33804201065,-3393.729544032578,-1641.9546017664436,99096.60243701104,-27420.356909013248,-37519.66184069874,-17686.495885521417,9979.164336698257,-9444.656009192373,-38089.76879217448,-165259.44730212234,20656.571772955038,-1098.5599774212455,2409.0914868827,44619.48878078011,174140.74503221075,21843.730703984234,-17243.400896201238,-16124.909705704109,-99471.53987009412,-37589.00797171339,-30916.733921243394,-8099.866045922223,77389.45618497224,23493.029123372075,-832.5861998307722,-3963.472869324884,-22742.878908538718,-13453.70454859828,3552.46550069133,7827.283716659582,5445.341926736876,-4707.466442838154,-9192.592948849519,-5609.3949044790525,18815.30480369859,311.1757116160774,4998.957900156348
