,intercept,precip_3 precip_10,precip_4 precip_20,precip_5^2,precip_9 min_temp_2,precip_9 min_temp_10,precip_10 max_temp_13,precip_13 min_temp_2,precip_16 min_temp_0,precip_21 min_temp_13,precip_22 min_temp_9,precip_22 avg_temp_10,min_temp_0 max_temp_2,min_temp_3 avg_temp_10,min_temp_4 avg_temp_14,min_temp_5 max_temp_17,min_temp_7 max_temp_16,min_temp_7 avg_temp_19,min_temp_8 max_temp_4,min_temp_9 min_temp_15,min_temp_9 max_temp_12,min_temp_15 min_temp_19,min_temp_17 max_temp_2,min_temp_17 max_temp_9,min_temp_18 max_temp_2,min_temp_19 avg_temp_18,min_temp_21 avg_temp_5,max_temp_2 avg_temp_16,max_temp_3 avg_temp_8,max_temp_8 max_temp_19,max_temp_9 avg_temp_21,max_temp_17 avg_temp_4,max_temp_18 avg_temp_6,max_temp_19 avg_temp_20,avg_temp_3 avg_temp_22,avg_temp_7 avg_temp_19,avg_temp_12 avg_temp_23,avg_temp_18^2
0,34622.89130434786,-1071.0283871292718,3221.8987908796867,-8581.122609214863,5856.200165085423,-4559.086398155236,-3646.079603990593,-626.2711207845663,1292.6344412160922,-1620.1201848285132,2868.0767799384184,-4726.212219225538,-7936.590423256132,9479.234691348742,10558.607229814415,16711.034159898165,-5222.565452186557,-6150.150320673602,9786.826947806414,7603.01729023671,1978.6337899349599,494.20422269742164,-977.616328510725,852.1848166238475,-9513.520696122705,18286.97358681401,3520.8453361601296,-377.09699126042216,-14269.52141786487,-3804.245524442939,2739.310019317285,3096.6166646018646,4652.247700955319,-882.0947918921077,-4241.95817727563,-16631.8556254248,11000.20680867782,4638.069525674222
