,intercept,Agricultural Land Mass,precip_4 precip_20,precip_5 max_temp_17,precip_7 precip_19,precip_7 min_temp_2,precip_9 min_temp_10,precip_16 max_temp_20,precip_21 min_temp_13,precip_22 min_temp_9,precip_22 avg_temp_10,min_temp_0 max_temp_2,min_temp_2 min_temp_12,min_temp_3 max_temp_12,min_temp_4 max_temp_2,min_temp_4 avg_temp_14,min_temp_5 max_temp_4,min_temp_6 max_temp_3,min_temp_7 avg_temp_19,min_temp_8 max_temp_4,min_temp_15 min_temp_19,min_temp_17 max_temp_4,min_temp_18 max_temp_9,min_temp_19 avg_temp_18,min_temp_20 max_temp_4,max_temp_5 max_temp_15,max_temp_8 max_temp_19,max_temp_9 max_temp_21,max_temp_17 avg_temp_4,max_temp_17 avg_temp_5,max_temp_19 avg_temp_20,avg_temp_3 avg_temp_22,avg_temp_7 avg_temp_19,avg_temp_12 avg_temp_23,avg_temp_18^2,Agricultural Land Mass^2
0,33980.93478260868,891.3596393246534,1405.2206928936964,2718.504957016945,-9807.51963584628,5064.762954303492,-1913.0297625504097,-3419.7623006527356,-3990.3514772999156,9325.43768288361,-4867.844164204636,-6690.37212891768,-10575.119837771044,2281.6018226085753,-15347.253374613974,9314.818181855655,1964.3550650399252,-7633.957072318003,-6868.037074618699,7309.275180723216,5489.24657821421,2188.5600484576366,5757.244764834101,2949.6016210845496,3525.1233078153123,-5191.786116370703,-4123.501951417553,619.37636734426,6675.3512687713965,13559.865473155007,-4963.282961738119,-3207.2958594979195,-240.38958315241393,8550.606004565378,7852.306700197062,2761.2414688819276
