,intercept,Agricultural Land Mass,min_temp_4 min_temp_16,Agricultural Land Mass^2
0,41012.32608751201,10718565.679279512,21269.31767755043,-10716262.261993844
