,intercept,Agricultural Land Mass,min_temp_4 min_temp_16,min_temp_6 min_temp_16,min_temp_6 max_temp_16,min_temp_6 avg_temp_16,min_temp_8 min_temp_19,min_temp_16 max_temp_4,min_temp_17 max_temp_6,min_temp_17 avg_temp_9,max_temp_4 avg_temp_16,avg_temp_4 avg_temp_16,Agricultural Land Mass^2
0,38233.19565217862,69094.91324524574,186674.5145487765,133731.6251880662,22913.525123893156,-121975.20573151631,4727.96213363842,-253906.92556420312,7822.768579567159,9167.501348551585,387502.4196478626,-341643.4385696104,-67512.80484490645
