,intercept,Agricultural Land Mass,min_temp_4 min_temp_16,min_temp_6 min_temp_16,min_temp_6 max_temp_16,min_temp_6 avg_temp_16,min_temp_8 min_temp_19,min_temp_16 max_temp_4,min_temp_17 max_temp_6,min_temp_17 avg_temp_9,max_temp_4 avg_temp_16,avg_temp_4 avg_temp_16,Agricultural Land Mass^2
0,38234.54347822653,4096908.6338771856,425946.39694776526,967845.5216583135,1075758.7524479078,-1961367.489213376,7195.259486470896,-512821.5216216079,9829.990206846807,5005.115618651687,911903.2296023883,-857736.3462415873,-4095577.1630474078
