,intercept,Agricultural Land Mass,precip_1 max_temp_13,precip_5 max_temp_22,precip_7 precip_19,precip_9 min_temp_2,precip_9 min_temp_10,precip_10 max_temp_13,precip_21 min_temp_13,precip_22 min_temp_2,precip_22 avg_temp_10,min_temp_0 max_temp_2,min_temp_3 avg_temp_8,min_temp_3 avg_temp_10,min_temp_4 min_temp_9,min_temp_4 max_temp_16,min_temp_4 avg_temp_14,min_temp_4 avg_temp_16,min_temp_5 min_temp_15,min_temp_5 min_temp_17,min_temp_5 max_temp_16,min_temp_5 avg_temp_16,min_temp_5 avg_temp_21,min_temp_6^2,min_temp_6 min_temp_17,min_temp_6 min_temp_18,min_temp_6 avg_temp_21,min_temp_7 avg_temp_19,min_temp_8 max_temp_21,min_temp_18 max_temp_2,max_temp_3 avg_temp_8,max_temp_5 max_temp_15,max_temp_8 max_temp_19,max_temp_16 max_temp_21,avg_temp_3 avg_temp_22,avg_temp_7 avg_temp_19,avg_temp_12 avg_temp_23
0,38110.760869565274,1120.2883698873763,67.94040519052024,-4113.986110122505,-1866.0386904878571,-386.2311416187736,-5031.952992393728,-4750.1787421106255,-3488.6934403170817,-1124.8953965273909,-98.63813898024488,903.7289599386585,1757.3168677676779,-1183.5345960889072,395.0557564357243,3264.9957386965652,1850.4741986583535,8871.99053430634,5957.899066230013,11597.585167499868,6554.230896917077,1216.3043940109878,3674.202604457982,7338.249496972398,3990.5870938204657,88.09547129295625,1591.7176673734987,-271.280573319243,5838.941402381638,-1598.9902429373556,-7729.979992491274,-7824.3669472663705,-643.8305836609427,2603.041585200727,-904.2422232514447,-13177.847542045838,10172.956744859464
