,intercept,Agricultural Land Mass,precip_0 precip_23,precip_2 min_temp_9,precip_2 min_temp_16,precip_3 min_temp_16,precip_4 precip_23,precip_5 precip_13,precip_7 precip_16,precip_8 precip_9,precip_8 precip_11,precip_9 min_temp_15,precip_10 precip_23,precip_10 min_temp_22,precip_11 precip_21,precip_11 min_temp_22,precip_12 precip_13,precip_13 precip_16,precip_16 precip_19,precip_18 precip_23,precip_18 min_temp_3,precip_19 min_temp_1,precip_23 min_temp_13,precip_23 avg_temp_10,min_temp_1 max_temp_1,min_temp_2 min_temp_23,min_temp_4 min_temp_8,min_temp_4 max_temp_22,min_temp_5 min_temp_6,min_temp_5 min_temp_8,min_temp_5 min_temp_16,min_temp_5 min_temp_17,min_temp_5 avg_temp_21,min_temp_6 min_temp_17,min_temp_7 max_temp_10,min_temp_19 max_temp_10,min_temp_22 avg_temp_23,min_temp_23 avg_temp_23,max_temp_0 avg_temp_11,max_temp_7 max_temp_19,max_temp_19 avg_temp_7,avg_temp_0^2,avg_temp_0 avg_temp_11
0,38490.04347826093,6508.679722651321,-5021.2187088860655,161.6852334902572,2672.138325310897,4146.3906180101785,-1542.4523202951787,-751.3522546650837,-615.5579872010597,-373.55116434409706,-625.7739460578093,-1456.917313392462,-846.6104329947196,-2753.7344797319083,1608.2753000792168,-2439.623570551576,-1690.6437139855832,-3456.970447257628,-1387.219487741274,-3806.6481065149073,-818.8963622088799,3088.3509764491087,3813.87569957536,-1184.2184484765105,223.55876978695883,-2135.7500281224343,2397.259779621841,1181.944046287046,4018.60612987719,5850.963092278216,5200.963444928645,13643.342207958458,175.13541930095013,3400.4916281763335,-679.8221016093676,-1133.7654349939842,-63.45389034615012,-2744.528239053162,893.3193473441652,-1734.9958620622003,-1871.261733014247,1678.1408626403338,6319.697886092197
