,intercept,precip_0 min_temp_23,precip_2 min_temp_9,precip_2 min_temp_16,precip_5 precip_17,precip_5 precip_22,precip_7 precip_14,precip_7 max_temp_1,precip_8 precip_16,precip_8 precip_18,precip_10 precip_21,precip_10 min_temp_22,precip_11 precip_22,precip_11 min_temp_22,precip_11 avg_temp_13,precip_12 avg_temp_22,precip_13 max_temp_13,precip_14 precip_17,precip_14 max_temp_1,precip_15 min_temp_0,precip_19 min_temp_15,precip_21 min_temp_14,precip_23 max_temp_1,min_temp_2 min_temp_10,min_temp_5 min_temp_6,min_temp_5 min_temp_8,min_temp_5 min_temp_16,min_temp_5 min_temp_17,min_temp_6 max_temp_20,min_temp_7 max_temp_15,min_temp_14 max_temp_12,min_temp_19 max_temp_10,min_temp_19 max_temp_15,min_temp_21 max_temp_0,min_temp_22 avg_temp_12,min_temp_23 avg_temp_23,max_temp_0 avg_temp_11,avg_temp_0^2,avg_temp_0 avg_temp_11,avg_temp_7 avg_temp_19
0,36152.45652173919,-234.6909250084374,944.4299818179311,2830.4260514385473,-33.65276156237009,-3359.7827153831863,-272.66378782494814,-3989.764003786569,-2752.4050693343024,-2528.93554817752,-1188.5836536330212,-4201.313169288341,2418.7999312666925,-1327.4373943559926,-904.7126683100008,-2668.7235114973546,-992.3779009310471,-1242.9087989002728,-2724.16906662763,-959.9032214169569,-2126.510064285214,1554.9441929204593,-4772.347370098566,-5603.262269705794,2500.1999930098905,4075.9445183930366,5955.261102684189,19742.324678734025,4039.867372513695,-1992.9283338560674,1225.5388379125998,-3593.8824482030413,-895.9814396706239,767.7381626181159,-2834.034336640629,-1472.454991494282,2840.8947603204783,1433.1238485427223,5642.848664795127,-393.32460143875596
