,intercept,Agricultural Land Mass,min_temp_4 min_temp_16,min_temp_6 min_temp_16,min_temp_6 max_temp_16,min_temp_6 avg_temp_16,min_temp_8 min_temp_19,min_temp_16 max_temp_4,min_temp_17 max_temp_6,min_temp_17 avg_temp_9,max_temp_4 avg_temp_16,avg_temp_4 avg_temp_16,Agricultural Land Mass^2
0,39836.869565205394,1166496.959149481,817470.5137511868,1468783.7479844573,1210249.1886451368,-2480462.6647289526,6236.714730394841,-1230356.0324674477,8961.250330924848,5378.468184873952,1890537.5995233583,-1620053.148677066,-1164504.9556304363
