,intercept,precip_5 max_temp_8,min_temp_4 min_temp_16,min_temp_4 max_temp_21,min_temp_4 avg_temp_16,min_temp_5 min_temp_16,min_temp_5 min_temp_17,min_temp_5 max_temp_17,min_temp_6 max_temp_16,min_temp_6 max_temp_18,min_temp_7 max_temp_16,min_temp_8 avg_temp_5,min_temp_8 avg_temp_9,min_temp_9 min_temp_21,min_temp_9 max_temp_12,min_temp_9 max_temp_19,min_temp_16 max_temp_3,min_temp_18 min_temp_19,min_temp_18 max_temp_2,min_temp_19 avg_temp_7,min_temp_20 max_temp_17,max_temp_8 max_temp_19,avg_temp_16 avg_temp_18
0,38329.97826086945,-6155.688109525889,5877.291335349046,-6044.672404773284,13336.215779999931,693.4400127968098,1166.856141453898,9083.114120080258,162.0672943306247,12208.012641296596,-22229.42407480305,8158.487790844983,3888.5455895532423,-2332.354303275328,7785.801935407029,-1341.7243859690168,-10940.439704215587,8811.054502824682,-256.2436725858953,-3701.0974897858296,-1489.9971082513434,-6315.730479945753,19134.700927975486
