,intercept,Agricultural Land Mass,min_temp_4 min_temp_16,min_temp_6 min_temp_16,min_temp_6 max_temp_16,min_temp_8 min_temp_19,min_temp_16 max_temp_4,min_temp_17 max_temp_6,min_temp_17 avg_temp_9
0,35774.13043478269,1969.3341464312373,31491.074899530584,11729.020587351968,-4625.069766585214,7387.506447759206,-28349.750921791343,7459.436955604554,5160.421194965688
