,intercept,Agricultural Land Mass,min_temp_4 min_temp_16,min_temp_6 max_temp_16,min_temp_6 avg_temp_16,min_temp_8 min_temp_19,min_temp_16 max_temp_4,min_temp_17 max_temp_6,min_temp_17 avg_temp_9,max_temp_4 avg_temp_16,avg_temp_4 avg_temp_16
0,36597.41304347884,1592.348318448556,135280.79255849862,13058.854827814806,-13407.762582772115,4269.595587772376,-85888.77018460585,8724.24342351098,7984.538533941796,201456.0590470101,-239779.25994371073
