,intercept,Agricultural Land Mass,min_temp_4 min_temp_16,min_temp_6 min_temp_16,min_temp_6 max_temp_16,min_temp_6 avg_temp_16,min_temp_8 min_temp_19,min_temp_16 max_temp_4,min_temp_17 max_temp_6,min_temp_17 avg_temp_9,max_temp_4 avg_temp_16,avg_temp_4 avg_temp_16,Agricultural Land Mass^2
0,40142.47826098564,2499732.374419048,637024.4222895403,942014.4572006424,772680.3333979442,-1580200.2546834021,9648.94785976201,-876415.0909561864,11075.286718932966,3362.8600404918175,1400804.7110231847,-1246461.6199788547,-2497983.4239587313
