,intercept,Agricultural Land Mass,precip_5^2,precip_5 max_temp_8,min_temp_4 min_temp_16,min_temp_4 max_temp_21,min_temp_5 min_temp_17,min_temp_5 max_temp_17,min_temp_6 min_temp_8,min_temp_6 min_temp_18,min_temp_6 avg_temp_18,min_temp_7 max_temp_16,min_temp_8 min_temp_16,min_temp_9 max_temp_12,min_temp_9 max_temp_19,min_temp_16 max_temp_3,min_temp_16 avg_temp_4,min_temp_18 min_temp_19,min_temp_21 avg_temp_3,max_temp_4 avg_temp_16,max_temp_8 max_temp_19
0,39999.7826086958,804.053789428638,-3435.4302869154453,-1841.8807144636828,9930.043666916083,-4632.811241040251,3212.3161032068433,17922.440604850784,1483.0374593265092,4837.9863937552755,202.35990666593023,-20530.688925116265,22262.787669755613,5840.978668521446,-1093.7699130164929,-21421.16718546329,9067.215005296759,8358.531972577934,4282.758576044967,5000.095605333473,-10777.45986446139
