,intercept,Agricultural Land Mass,min_temp_4 min_temp_16,Agricultural Land Mass^2
0,38970.15217407436,10646579.945589954,16387.45907158074,-10648890.448897498
