,intercept,min_temp_16,Agricultural Land Mass,precip_5^2,precip_5 max_temp_6,min_temp_4 min_temp_16,min_temp_4 max_temp_21,min_temp_4 avg_temp_3,min_temp_4 avg_temp_21,min_temp_5 min_temp_17,min_temp_5 max_temp_17,min_temp_6 min_temp_8,min_temp_6 max_temp_19,min_temp_6 avg_temp_6,min_temp_7 min_temp_16,min_temp_9 min_temp_21,min_temp_9 max_temp_12,min_temp_9 max_temp_18,min_temp_16 max_temp_3,min_temp_16 max_temp_4,min_temp_16 max_temp_5,min_temp_16 max_temp_20,min_temp_16 max_temp_21,min_temp_16 avg_temp_4,min_temp_16 avg_temp_5,min_temp_16 avg_temp_19,min_temp_16 Agricultural Land Mass,min_temp_17 max_temp_6,min_temp_17 max_temp_7,min_temp_17 avg_temp_9,min_temp_18 min_temp_19,min_temp_18 max_temp_2,min_temp_18 max_temp_6,min_temp_20 max_temp_17,min_temp_21 max_temp_15,min_temp_21 avg_temp_3,max_temp_7 max_temp_16,max_temp_8 max_temp_19,max_temp_18 avg_temp_6
0,37330.43478260895,-32734.730942052414,116.31494082045907,-27770.95198699787,21323.565464631694,57069.57432037079,-173170.39140915393,91553.39932666709,37398.32455933007,31288.198102022612,23900.927318491897,6884.2732489930795,-14879.951594420321,465.7572846868312,-11695.478793724791,-23494.288873380618,9559.77458659515,1702.6457748413602,-114325.5554315858,32642.24590329589,-17018.7500978426,35662.95206427414,123357.65981781358,39551.831731833794,-61060.16883965343,-954.2529671270706,-22179.243313991217,-4661.426085506353,-28367.445640412272,21238.179005998092,17190.426227409567,3499.392305953951,-2404.6967195862167,-13156.982244650757,0.8553975087916511,6546.465094767271,523.218318692889,-9260.894728484358,13834.780394998246
