,intercept,Agricultural Land Mass,min_temp_4 min_temp_16,min_temp_6 min_temp_16,min_temp_6 max_temp_16,min_temp_6 avg_temp_16,min_temp_8 min_temp_19,min_temp_16 max_temp_4,min_temp_17 max_temp_6,min_temp_17 avg_temp_9,max_temp_4 avg_temp_16,avg_temp_4 avg_temp_16,Agricultural Land Mass^2
0,34133.456521740845,49352.70944123881,152706.2217068874,137865.14419730575,-81225.04877140305,2952.2065194306,6425.239911627183,-321688.84917340917,3449.633596029298,2623.95635203697,388712.70687564753,-263150.9537928367,-49004.75696554148
