,intercept,Agricultural Land Mass,min_temp_4 min_temp_16,min_temp_6 max_temp_16,min_temp_8 min_temp_19,min_temp_16 max_temp_4,min_temp_17 max_temp_6,min_temp_17 avg_temp_9,max_temp_4 avg_temp_16
0,40352.73913043484,839.7504920411176,17172.497404673562,533.0807752405362,6918.152318804467,-2390.4228727938753,13907.87041549354,4891.093428187969,-7834.096375533127
