,intercept,Agricultural Land Mass,precip_2 precip_6,precip_2 min_temp_16,precip_3 min_temp_2,precip_3 min_temp_12,precip_3 min_temp_16,precip_3 max_temp_11,precip_7 max_temp_1,precip_8^2,precip_8 precip_9,precip_8 precip_18,precip_10 precip_23,precip_11^2,precip_11 precip_12,precip_11 precip_16,precip_12 precip_16,precip_13 min_temp_22,precip_14 precip_19,precip_15 precip_19,precip_16 precip_19,precip_18 precip_22,precip_20 min_temp_22,precip_23 min_temp_13,precip_23 avg_temp_10,min_temp_1 min_temp_22,min_temp_4 min_temp_8,min_temp_5 min_temp_6,min_temp_5 max_temp_4,min_temp_5 avg_temp_17,min_temp_6 max_temp_4,min_temp_8 avg_temp_4,min_temp_10 avg_temp_11,min_temp_16 max_temp_4,min_temp_19 max_temp_10,min_temp_23 avg_temp_23,max_temp_7 max_temp_9,max_temp_7 max_temp_19,avg_temp_0^2,avg_temp_0 avg_temp_1,avg_temp_0 avg_temp_11,Agricultural Land Mass^2
0,36926.34782608704,2839.5050749460916,2623.5719732042608,3654.5064969380314,2339.489282853627,-4.8025562992055635,584.5476793405486,666.7005117245465,-958.5058309930711,-82.80806154380251,-226.8911297771961,-2769.6399773927287,-27.300271188041094,-3712.394220183925,-704.2603991353377,-1642.4778077102637,-666.9990185904586,-1379.4750605331935,-4692.725190353582,-1722.9995203183469,-945.5891244841239,-4393.081657649531,-407.28768160919776,5430.82294033642,-7429.662315140861,500.4594637405949,9.17211063319329,3173.358914433897,2068.682514181513,17110.343497766644,4994.226022322235,792.8817207581793,-750.4704309968013,5976.560971266329,-162.7376149403451,-1372.3900736906364,-506.90605382482295,-78.74594531378804,712.972292639768,215.03157358649656,9593.87742909375,1828.2320867773444
