,intercept,Agricultural Land Mass,precip_5 max_temp_6,min_temp_4 min_temp_16,min_temp_4 max_temp_21,min_temp_5 max_temp_17,min_temp_6 min_temp_18,min_temp_6 avg_temp_18,min_temp_7 max_temp_16,min_temp_8 avg_temp_9,min_temp_9 max_temp_12,min_temp_9 max_temp_19,min_temp_16 max_temp_3,min_temp_16 avg_temp_4,min_temp_17 max_temp_7,min_temp_17 avg_temp_9,min_temp_18 min_temp_19,min_temp_18 max_temp_2,min_temp_19 avg_temp_7,min_temp_20 max_temp_17,min_temp_20 avg_temp_21,min_temp_21 max_temp_15,min_temp_21 avg_temp_3,max_temp_4 avg_temp_16,max_temp_8 max_temp_19,avg_temp_6 avg_temp_18
0,36848.97826086963,352.0632946380357,-2416.5875788145113,6016.559988746634,-4548.73801361581,12039.073716378001,2085.3167993906177,4760.335966125515,-13697.207417843394,7886.667794147399,6117.879231134916,-8208.729694966167,-13928.807179263105,14020.796425493747,-275.94310772202215,5737.711137498666,13220.315792098389,1275.6668549356039,-6715.935045220146,-930.4615584897364,-1512.059082058024,2727.237682171864,285.60829675235357,7652.896962796716,-8386.772857293301,2883.5619774886004
