,intercept,Agricultural Land Mass,min_temp_4 min_temp_16,Agricultural Land Mass^2
0,33777.95652152219,7812004.285951908,14127.295488553973,-7814308.662621443
