,intercept,Agricultural Land Mass,min_temp_4 min_temp_16,min_temp_8 min_temp_19,min_temp_16 max_temp_4,min_temp_17 max_temp_6,min_temp_17 avg_temp_9,max_temp_4 avg_temp_16
0,35056.0652173913,593.3379127932154,20648.31580115075,5932.255257138644,-5581.548625615626,6618.986104135787,7283.774083367294,-5450.305752670268
