,intercept,Agricultural Land Mass,min_temp_4 min_temp_16,min_temp_6 min_temp_16,min_temp_6 max_temp_16,min_temp_6 avg_temp_16,min_temp_8 min_temp_19,min_temp_16 max_temp_4,min_temp_17 max_temp_6,min_temp_17 avg_temp_9,max_temp_4 avg_temp_16,avg_temp_4 avg_temp_16,Agricultural Land Mass^2
0,35812.956521859654,1962658.0941558946,557412.0365385016,667171.6265962423,709167.7664843778,-1313364.4984514087,11496.69057889022,-590795.9200364632,8208.746720446137,2617.5413639057942,1157316.3845057471,-1143424.3175816177,-1960663.6352910202
