,intercept,Agricultural Land Mass,min_temp_4 min_temp_16,min_temp_6 min_temp_16,min_temp_6 max_temp_16,min_temp_6 avg_temp_16,min_temp_8 min_temp_19,min_temp_16 max_temp_4,min_temp_17 max_temp_6,min_temp_17 avg_temp_9,max_temp_4 avg_temp_16,avg_temp_4 avg_temp_16,Agricultural Land Mass^2
0,40217.15217390851,2465463.8571346374,681997.4840469767,1300508.4463276316,1112350.995879548,-2247431.6131379427,6277.940562664969,-1054846.0500870955,8427.827306391477,3502.430955089211,1612469.7280705033,-1350797.7567676392,-2464161.43188044
