,intercept,min_temp_7,Agricultural Land Mass,precip_1 max_temp_13,precip_3 precip_10,precip_4 precip_20,precip_7 precip_19,precip_9 min_temp_2,precip_9 min_temp_10,precip_12 max_temp_23,precip_16 max_temp_20,precip_21 min_temp_13,precip_22 min_temp_2,precip_22 avg_temp_10,min_temp_0 max_temp_2,min_temp_3 avg_temp_8,min_temp_3 avg_temp_10,min_temp_4 avg_temp_14,min_temp_5 min_temp_15,min_temp_5 min_temp_16,min_temp_5 max_temp_4,min_temp_8 min_temp_17,min_temp_9^2,min_temp_15 min_temp_21,min_temp_16 min_temp_18,min_temp_17 min_temp_18,min_temp_17 max_temp_4,min_temp_18 avg_temp_6,min_temp_19 max_temp_8,max_temp_3 max_temp_8,max_temp_5 max_temp_15,max_temp_6 avg_temp_18,max_temp_8 avg_temp_18,max_temp_17 avg_temp_6,max_temp_19 avg_temp_18,avg_temp_3 avg_temp_22,avg_temp_6 avg_temp_18,avg_temp_12 avg_temp_23
0,35720.54347826084,-7867.511708799559,1213.6367454839294,-3222.146434649617,606.0479709789854,2396.1681769701554,-2757.75599467374,5376.7101557209335,-1717.8894045530535,-755.6721773817306,-28.680632653636447,-1484.7935722668562,-3599.416817044609,-463.8980605027582,-2069.7721894712035,10193.364737842892,-4354.153618721008,3581.9235589462096,9228.426120610093,1230.3418584923688,6785.164315478381,5386.954102155874,3502.5223714954523,1646.508942719573,736.877054695497,9280.969681078217,2160.38448590071,3331.669357625498,-6573.457460668433,-9504.703366968102,-7786.453605080658,2503.266226875376,-1788.424894477288,2264.3261126119482,1430.5997846462244,-1242.2799325771157,1238.7283343964223,7066.885574510949
