,intercept,Agricultural Land Mass,min_temp_4 min_temp_16,min_temp_6 min_temp_16,min_temp_6 max_temp_16,min_temp_6 avg_temp_16,min_temp_8 min_temp_19,min_temp_16 max_temp_4,min_temp_17 max_temp_6,min_temp_17 avg_temp_9,max_temp_4 avg_temp_16,avg_temp_4 avg_temp_16,Agricultural Land Mass^2
0,37350.13043480326,4440550.7934099855,133446.25503969582,1232355.4818846404,1391469.3554469326,-2525511.534766201,6424.98442926696,-373633.54063636134,8939.794540859843,7305.704060110889,415826.1132866175,-223467.01702589288,-4440746.70263398
