,intercept,Agricultural Land Mass,precip_5 max_temp_8,min_temp_4 min_temp_16,min_temp_5 min_temp_16,min_temp_5 min_temp_17,min_temp_5 max_temp_17,min_temp_6 max_temp_18,min_temp_6 max_temp_19,min_temp_6 avg_temp_18,min_temp_7 max_temp_16,min_temp_8 min_temp_16,min_temp_8 avg_temp_9,min_temp_9 max_temp_12,min_temp_9 max_temp_19,min_temp_16 max_temp_3,min_temp_17 max_temp_6,min_temp_17 avg_temp_9,min_temp_18 min_temp_19,min_temp_18 max_temp_2,min_temp_19 avg_temp_7,min_temp_20 avg_temp_21,min_temp_21 max_temp_15,max_temp_4 avg_temp_16,max_temp_8 max_temp_19,avg_temp_16 avg_temp_18
0,39477.978260869575,330.43226264647325,-6242.633628534905,8093.557544956775,2158.5343733795985,4458.552390703632,8942.164296792116,4630.4952972685005,-2663.3260531007227,6991.0293297420585,-19846.86632354305,12481.356186426925,9409.084836848559,3211.712325079337,-5325.97977498232,-14781.497264392608,-2577.062716210041,3712.439566685227,9438.77194187583,1633.3617732221917,-3097.850182317376,-521.3111754292917,4002.6622465225773,10194.17321382221,-9429.660417512121,2194.023715008118
