,intercept,Agricultural Land Mass,precip_5^2,min_temp_4 max_temp_21,min_temp_5 max_temp_17,min_temp_6 max_temp_18,min_temp_6 max_temp_19,min_temp_7 max_temp_16,min_temp_8 min_temp_19,min_temp_8 avg_temp_9,min_temp_9 max_temp_12,min_temp_9 max_temp_19,min_temp_16 max_temp_3,min_temp_16 max_temp_4,min_temp_16 max_temp_18,min_temp_16 avg_temp_4,min_temp_17 max_temp_6,min_temp_17 max_temp_9,min_temp_18 min_temp_19,min_temp_18 max_temp_2,min_temp_20 max_temp_17,min_temp_21 max_temp_15,max_temp_8 max_temp_19,max_temp_18 avg_temp_6
0,37435.2608695653,4121.858106994294,-37.13353052773369,-8914.668377914913,18169.27523924993,1239.582411007239,-1119.1488971302872,-21532.765267599327,5868.026937297663,8195.879951207751,7451.761206482938,-4908.670875939052,-8989.28183195699,1190.1074008184278,2308.391906848393,25625.196386377822,-2119.1404656101518,2417.6069886932933,9497.058373671882,831.7956558077179,-487.24007376739917,1863.0397830707457,-8946.360046630538,3307.8217233140085
