,intercept,Agricultural Land Mass,min_temp_4 min_temp_16,min_temp_6 min_temp_16,min_temp_6 max_temp_16,min_temp_6 avg_temp_16,min_temp_8 min_temp_19,min_temp_16 max_temp_4,min_temp_17 max_temp_6,min_temp_17 avg_temp_9,max_temp_4 avg_temp_16,avg_temp_4 avg_temp_16,Agricultural Land Mass^2
0,36670.804347774196,3558687.716549547,662224.6630925802,761537.1959423989,483295.99888936785,-1115966.3786733143,9101.567029156731,-963259.8508413242,8062.5276263808255,2436.3604670261866,1539059.8867667285,-1324997.9171804825,-3556844.8407476484
