,intercept,Agricultural Land Mass,min_temp_4 min_temp_16,min_temp_6 min_temp_16,min_temp_6 max_temp_16,min_temp_6 avg_temp_16,min_temp_8 min_temp_19,min_temp_16 max_temp_4,min_temp_17 max_temp_6,min_temp_17 avg_temp_9,max_temp_4 avg_temp_16,avg_temp_4 avg_temp_16,Agricultural Land Mass^2
0,39354.82608714436,2773028.2351603326,683719.5712928334,521304.40911794594,303302.96360600454,-726336.9497476526,9568.67903360223,-837265.7962313999,8064.705760069753,4656.293083806266,1454730.9755897042,-1374050.9173186184,-2771115.9365966585
