,intercept,Agricultural Land Mass,precip_5 max_temp_8,min_temp_4 min_temp_16,min_temp_5 min_temp_16,min_temp_5 min_temp_17,min_temp_6 min_temp_8,min_temp_6 max_temp_16,min_temp_6 max_temp_18,min_temp_6 avg_temp_18,min_temp_7 max_temp_16,min_temp_9 max_temp_12,min_temp_16 max_temp_3,min_temp_16 max_temp_21,min_temp_17 avg_temp_9,min_temp_19 avg_temp_7,min_temp_20 avg_temp_21,max_temp_8 max_temp_19,avg_temp_16 avg_temp_18
0,37099.95652173914,1049.6280675531048,-3053.795723523131,14569.5755347113,11200.873318487205,12934.862310330542,6421.274205316413,3558.068764504919,769.8698828445957,135.0962527262444,-9586.778081987042,6081.127335226882,-17324.087411427496,1853.8579410815714,-2194.3756211618856,-6026.50042831241,5483.580718136171,-3629.1279287426987,6523.222931949621
