,intercept,Agricultural Land Mass,min_temp_4 min_temp_16,Agricultural Land Mass^2
0,36321.63043454067,9257259.149442995,19329.774012666665,-9257255.439594585
