,intercept,Agricultural Land Mass,min_temp_4 min_temp_16,min_temp_6 min_temp_16,min_temp_6 max_temp_16,min_temp_6 avg_temp_16,min_temp_8 min_temp_19,min_temp_16 max_temp_4,min_temp_17 max_temp_6,min_temp_17 avg_temp_9,max_temp_4 avg_temp_16,avg_temp_4 avg_temp_16,Agricultural Land Mass^2
0,38182.652173865135,2730322.7558425446,716409.3316473602,755688.7619335651,585183.4734774968,-1229763.815242595,8991.03228974768,-892700.1440855413,9054.375068555224,3598.6372829014335,1555979.6316252004,-1451491.4930104227,-2727823.706047493
