,intercept,Agricultural Land Mass,min_temp_4 min_temp_16,min_temp_6 min_temp_16,min_temp_6 max_temp_16,min_temp_6 avg_temp_16,min_temp_8 min_temp_19,min_temp_16 max_temp_4,min_temp_17 max_temp_6,min_temp_17 avg_temp_9,max_temp_4 avg_temp_16,avg_temp_4 avg_temp_16,Agricultural Land Mass^2
0,42426.456521741784,78341.83137259303,178643.12782247394,181121.63930268504,-38153.6724354935,-79263.86044289729,5372.935152429791,-347359.79066523374,8879.2058353242,6293.663489047725,423743.8393705322,-301935.4638977985,-76027.47167408775
