,intercept,Agricultural Land Mass,Agricultural Land Mass^2
0,35845.586956101,11836620.948301798,-11841339.232102938
