,intercept,Agricultural Land Mass,min_temp_4 min_temp_16,min_temp_6 min_temp_16,min_temp_6 max_temp_16,min_temp_6 avg_temp_16,min_temp_8 min_temp_19,min_temp_16 max_temp_4,min_temp_17 max_temp_6,min_temp_17 avg_temp_9,max_temp_4 avg_temp_16,avg_temp_4 avg_temp_16,Agricultural Land Mass^2
0,39370.586956547864,3641694.3000591616,653159.2387516482,580542.0281659605,355051.61637758324,-836284.1210857219,7706.737776030945,-854154.7716691189,9924.589453035127,4032.7505458080295,1465781.8206248113,-1332455.4390510865,-3639491.0421525557
