,intercept,Agricultural Land Mass,min_temp_4 min_temp_16,Agricultural Land Mass^2
0,39573.28260876573,10216625.571566805,21381.883719963025,-10217903.23562553
