,intercept,Agricultural Land Mass,precip_5^2,min_temp_4 max_temp_21,min_temp_5 max_temp_17,min_temp_6 min_temp_18,min_temp_7 max_temp_16,min_temp_8 avg_temp_9,min_temp_9 min_temp_21,min_temp_9 max_temp_12,min_temp_9 max_temp_19,min_temp_16 max_temp_3,min_temp_16 max_temp_21,min_temp_16 avg_temp_4,min_temp_17 max_temp_6,min_temp_17 avg_temp_9,min_temp_18 min_temp_19,min_temp_18 max_temp_2,min_temp_20 avg_temp_21,min_temp_21 avg_temp_3,max_temp_4 avg_temp_16,max_temp_7 avg_temp_18,max_temp_8 max_temp_19,avg_temp_6 avg_temp_18
0,35996.86956521744,280.0804753353872,-5234.315731621571,-8770.724332379246,16650.720346683192,5468.749520396176,-17460.99198381802,12209.85919952439,-84.02477103486687,3555.3924874942923,-4534.499768788559,-8691.087905059143,-3214.0694866639797,22666.763521766014,-1906.5960623818744,1250.5975208149152,11153.978967645982,103.25812892574561,-229.83292337927725,6059.561062586841,3327.968853666243,89.26262027655068,-11078.56504422218,1833.2155174215022
