,intercept,Agricultural Land Mass,Agricultural Land Mass^2
0,40171.47826047947,13860654.69163552,-13865399.284923932
