,intercept,Agricultural Land Mass,precip_0 precip_20,precip_1 precip_8,precip_2 min_temp_16,precip_5 precip_13,precip_7 precip_9,precip_7 avg_temp_1,precip_8 precip_16,precip_8 precip_21,precip_11 max_temp_13,precip_11 avg_temp_13,precip_13 precip_18,precip_15 precip_22,precip_15 min_temp_2,precip_15 max_temp_12,precip_15 avg_temp_22,precip_16 precip_19,precip_17 min_temp_13,precip_19 min_temp_1,precip_20 min_temp_14,precip_21 avg_temp_0,precip_22 avg_temp_12,precip_23 min_temp_13,precip_23 min_temp_14,min_temp_2 min_temp_10,min_temp_2 min_temp_14,min_temp_4 min_temp_8,min_temp_4 min_temp_9,min_temp_4 max_temp_22,min_temp_4 max_temp_23,min_temp_5 max_temp_11,min_temp_5 max_temp_17,min_temp_5 avg_temp_17,min_temp_9 min_temp_15,min_temp_14 avg_temp_23,min_temp_16 max_temp_23,min_temp_22^2,max_temp_3 max_temp_21,max_temp_18 Agricultural Land Mass,max_temp_19 max_temp_21,avg_temp_0 avg_temp_11
0,39309.65217391331,5454.402041535138,163.6243668964979,-9636.4956405306,125.65167483347896,-2182.0085866431154,-1268.6926886741148,-507.83472603442345,-679.9177185652583,-1509.6713514143655,-5270.058704446592,-3894.0173048898805,-2853.600282006714,4610.962532980336,1159.6598875290476,8770.369987092166,2874.0476651268827,-6913.111095595947,1841.6363733863932,3351.080645524374,-34.10262911817604,-2267.774434173044,1785.1272245122873,5159.179609718263,-7241.222948181601,-4114.784762358127,6759.334184221766,6497.546654235943,3669.37325407823,2625.6311120062455,672.1162853321057,4187.285230688824,19778.826629320152,4483.4582991688485,1275.251702374198,5897.150530081852,2580.4811564850406,-2395.3065385092896,-3461.5611486448884,3519.455929301276,-1854.380594568349,4808.646455167684
