,intercept,Agricultural Land Mass,min_temp_4 min_temp_16,min_temp_6 min_temp_16,min_temp_6 max_temp_16,min_temp_6 avg_temp_16,min_temp_8 min_temp_19,min_temp_16 max_temp_4,min_temp_17 max_temp_6,min_temp_17 avg_temp_9,max_temp_4 avg_temp_16,avg_temp_4 avg_temp_16,Agricultural Land Mass^2
0,35753.695652048606,2958978.455332038,443594.22291998146,1180418.9641597886,1238112.9377513956,-2303483.810072286,4626.850607684125,-606122.9185366246,5831.568581079049,6891.538561627441,980919.6923211202,-871327.7120935435,-2958039.832105494
