,intercept,Agricultural Land Mass,precip_5 max_temp_8,min_temp_4 min_temp_16,min_temp_4 max_temp_21,min_temp_4 avg_temp_3,min_temp_5 max_temp_17,min_temp_6 avg_temp_18,min_temp_7 max_temp_16,min_temp_8 avg_temp_9,min_temp_9 max_temp_12,min_temp_9 max_temp_19,min_temp_16 max_temp_3,min_temp_16 avg_temp_4,min_temp_17 max_temp_7,min_temp_17 avg_temp_9,min_temp_18 min_temp_19,min_temp_20 max_temp_17,min_temp_21 max_temp_15,min_temp_21 avg_temp_3,max_temp_8 max_temp_19,max_temp_18 avg_temp_6,avg_temp_6 avg_temp_18
0,35307.086956521714,1761.7176725509169,-2261.395689355061,1113.9163633476796,-13017.723026847201,3928.68360320462,16042.009966631233,1068.4437390319408,-14096.688200914956,10045.622611342638,6698.456992853653,-8768.067137965329,-17201.623455472494,29097.301616357836,-1240.6286091668312,933.202644148509,9433.898692628696,-471.98646392693945,5296.429243644259,1226.9481905240652,-5813.733094910731,2064.938780129211,1652.043948716107
