,intercept,Agricultural Land Mass,min_temp_4 min_temp_16,min_temp_6 min_temp_16,min_temp_6 max_temp_16,min_temp_6 avg_temp_16,min_temp_8 min_temp_19,min_temp_16 max_temp_4,min_temp_17 max_temp_6,min_temp_17 avg_temp_9,max_temp_4 avg_temp_16,avg_temp_4 avg_temp_16,Agricultural Land Mass^2
0,38705.13043465429,3982648.8923341148,495303.3715908897,1101025.505428035,1214036.9870362808,-2229487.079331285,4743.400585560653,-635219.8797369045,8609.954463949549,8612.79490779985,1126195.4553438826,-1029980.520846553,-3983955.8353689886
