,intercept,Agricultural Land Mass,Agricultural Land Mass^2
0,39776.06521798218,14583981.08354905,-14590362.555058766
