,intercept,Agricultural Land Mass,min_temp_4 min_temp_16,min_temp_6 min_temp_16,min_temp_6 max_temp_16,min_temp_6 avg_temp_16,min_temp_8 min_temp_19,min_temp_16 max_temp_4,min_temp_17 max_temp_6,min_temp_17 avg_temp_9,max_temp_4 avg_temp_16,avg_temp_4 avg_temp_16,Agricultural Land Mass^2
0,37805.02173916859,776470.1200344466,694027.4923821129,779782.9302811649,698585.2188882418,-1388589.3424842793,10196.469047479875,-812905.0110994069,8398.574034716728,2957.4394461950637,1472777.2858158085,-1404904.535958061,-775515.5136472592
