,intercept,Agricultural Land Mass,min_temp_4 min_temp_16,min_temp_6 min_temp_16,min_temp_6 max_temp_16,min_temp_6 avg_temp_16,min_temp_8 min_temp_19,min_temp_16 max_temp_4,min_temp_17 max_temp_6,min_temp_17 avg_temp_9,max_temp_4 avg_temp_16,avg_temp_4 avg_temp_16,Agricultural Land Mass^2
0,35870.91304336616,4383974.532504437,262419.32622373296,477085.446995724,554907.8908750002,-998475.0987640874,6179.038083039758,-284467.5705390947,6442.8331274040875,8837.478784236657,541606.3400249797,-530417.6473669733,-4383576.245411799
