,intercept,Agricultural Land Mass,Agricultural Land Mass^2
0,37892.41304413101,13074269.999363383,-13079634.154449847
