,intercept,Agricultural Land Mass,min_temp_4 min_temp_16,min_temp_6 min_temp_16,min_temp_6 max_temp_16,min_temp_6 avg_temp_16,min_temp_8 min_temp_19,min_temp_16 max_temp_4,min_temp_17 max_temp_6,min_temp_17 avg_temp_9,max_temp_4 avg_temp_16,avg_temp_4 avg_temp_16,Agricultural Land Mass^2
0,34972.47826103953,1938474.4604485147,833806.094511378,1046286.0887117819,950042.7572793624,-1861517.5727254956,3576.9200367864114,-1033913.1870343711,5648.420307717873,8372.304978071672,1831866.6670214063,-1707714.6669877218,-1935734.6678690207
