,intercept,Agricultural Land Mass,min_temp_4 min_temp_16,min_temp_6 min_temp_16,min_temp_6 max_temp_16,min_temp_6 avg_temp_16,min_temp_8 min_temp_19,min_temp_16 max_temp_4,min_temp_17 max_temp_6,min_temp_17 avg_temp_9,max_temp_4 avg_temp_16,avg_temp_4 avg_temp_16,Agricultural Land Mass^2
0,37733.63043490659,4059375.770246324,728144.4669098259,622385.8683413838,267135.32043204526,-757926.0127965653,8516.64157220306,-1033250.4202622138,7356.534141426011,5428.059034302578,1689237.8157324449,-1482775.7053256927,-4058512.208131224
