,intercept,Agricultural Land Mass,min_temp_4 min_temp_16,Agricultural Land Mass^2
0,34121.956521790635,8095701.514834524,15788.86396354951,-8094419.574407047
