,intercept,Agricultural Land Mass,min_temp_4 min_temp_16,min_temp_6 min_temp_16,min_temp_6 max_temp_16,min_temp_6 avg_temp_16,min_temp_8 min_temp_19,min_temp_16 max_temp_4,min_temp_17 max_temp_6,min_temp_17 avg_temp_9,max_temp_4 avg_temp_16,avg_temp_4 avg_temp_16,Agricultural Land Mass^2
0,37772.91304348244,61902.20191469821,125175.09507835396,137471.26483906436,54761.16667567429,-163893.85943625504,7299.5505727014615,-194646.69232389017,9449.612987950104,6818.549570541735,273505.64773518866,-221748.90696078716,-59678.26531595452
