,intercept,Agricultural Land Mass,precip_5 max_temp_8,min_temp_4 min_temp_16,min_temp_5 min_temp_16,min_temp_5 min_temp_17,min_temp_5 max_temp_17,min_temp_6 max_temp_18,min_temp_6 avg_temp_18,min_temp_7 max_temp_16,min_temp_8 min_temp_16,min_temp_9 max_temp_12,min_temp_16 max_temp_3,min_temp_18 min_temp_19,min_temp_18 max_temp_2,min_temp_19 avg_temp_7,min_temp_20 avg_temp_21,min_temp_21 avg_temp_3,max_temp_8 max_temp_19,avg_temp_9 avg_temp_21,avg_temp_16 avg_temp_18
0,33469.43478260875,0.2125503208162231,-2634.866007726815,7739.181086961885,6716.799197467511,6100.708467984617,7627.311367125026,6336.940925238119,413.9673097409626,-5443.739714054623,10974.200460631366,2817.140426493477,-10566.083201683588,2302.3406392968154,-561.6409610291518,-7632.713920103613,3604.7065533999016,1180.7747696290446,-4213.1333369337,-1178.8082184172438,1062.2073222072534
