,intercept,min_temp_4 min_temp_16,min_temp_6 max_temp_16,min_temp_8 min_temp_19,min_temp_17 max_temp_6,min_temp_17 avg_temp_9,max_temp_4 avg_temp_16,Agricultural Land Mass^2
0,36447.4347826087,19281.97220604592,-2135.11284640884,3364.154125710633,7693.653734735185,9840.597539073326,-10718.839497577972,-373.2566381983421
