,intercept,Agricultural Land Mass,min_temp_4 min_temp_16,min_temp_6 min_temp_16,min_temp_6 max_temp_16,min_temp_6 avg_temp_16,min_temp_8 min_temp_19,min_temp_16 max_temp_4,min_temp_17 max_temp_6,min_temp_17 avg_temp_9,max_temp_4 avg_temp_16,avg_temp_4 avg_temp_16,Agricultural Land Mass^2
0,36400.9565217365,54015.95219765844,161074.5918727678,128926.83155029791,-3892.659160589565,-89489.07430310808,3554.042255724216,-257888.74729314414,8415.678396409667,9815.728291274088,354230.11297009606,-281910.5400966457,-53988.99458177758
