,intercept,Agricultural Land Mass,precip_5^2,min_temp_4 min_temp_16,min_temp_4 max_temp_21,min_temp_5 max_temp_17,min_temp_7 max_temp_16,min_temp_8 avg_temp_5,min_temp_8 avg_temp_9,min_temp_9 max_temp_12,min_temp_9 max_temp_19,min_temp_16 max_temp_3,min_temp_16 avg_temp_4,min_temp_17 max_temp_7,min_temp_17 avg_temp_9,min_temp_18 min_temp_19,min_temp_20 avg_temp_16,min_temp_21 max_temp_15,max_temp_4 avg_temp_16,max_temp_8 max_temp_19,max_temp_18 avg_temp_6,avg_temp_6 avg_temp_18,avg_temp_16 avg_temp_18
0,38498.32608695661,1045.5651490668874,-3576.7426393851606,6596.186312192285,-5544.434922351384,16356.988866790083,-19026.56238064436,633.7762808966962,10547.301813335987,8905.870195532616,-12389.70547115873,-11579.225457850176,18264.035126981486,-3857.3981548252377,2283.4417920846986,10769.98428004276,1798.184049476008,6003.203879141424,838.5822668219628,-10536.68399181243,4293.241810905532,3621.1253820828156,3968.2220112175337
