,intercept,Agricultural Land Mass,min_temp_4 min_temp_16,min_temp_6 min_temp_16,min_temp_6 max_temp_16,min_temp_6 avg_temp_16,min_temp_8 min_temp_19,min_temp_16 max_temp_4,min_temp_17 max_temp_6,min_temp_17 avg_temp_9,max_temp_4 avg_temp_16,avg_temp_4 avg_temp_16,Agricultural Land Mass^2
0,39687.89130439585,996334.491308683,826076.8838131625,1637148.580862138,1561961.4947444715,-3020732.9387685554,6066.983569815205,-1166951.7330135023,8073.683826581922,3723.1304035722533,1869530.1458736595,-1642374.644406336,-993493.2341643114
