,intercept,Agricultural Land Mass,min_temp_4 min_temp_16,min_temp_6 min_temp_16,min_temp_6 max_temp_16,min_temp_6 avg_temp_16,min_temp_8 min_temp_19,min_temp_16 max_temp_4,min_temp_17 max_temp_6,min_temp_17 avg_temp_9,max_temp_4 avg_temp_16,avg_temp_4 avg_temp_16,Agricultural Land Mass^2
0,38681.17391304645,77856.75970724232,203739.0013398939,175281.0328912956,-44484.26250123738,-71611.98947599961,7015.682782331486,-364132.3053794128,9397.938864916698,5884.1184125121645,472967.32558245497,-358971.3808523614,-77866.00532735219
