,intercept,precip_1 max_temp_13,precip_3 precip_10,precip_4 precip_20,precip_9 min_temp_2,precip_10 max_temp_13,precip_12 max_temp_23,precip_16 max_temp_20,precip_21 min_temp_13,precip_21 min_temp_22,min_temp_0 max_temp_2,min_temp_3 avg_temp_8,min_temp_5 min_temp_15,min_temp_5 min_temp_17,min_temp_6 min_temp_17,min_temp_6 avg_temp_18,min_temp_8 min_temp_17,min_temp_8 max_temp_9,min_temp_9^2,min_temp_16 min_temp_17,min_temp_16 min_temp_21,min_temp_16 max_temp_4,min_temp_16 avg_temp_4,min_temp_17 min_temp_18,min_temp_17 max_temp_9,min_temp_19 max_temp_15,max_temp_4 avg_temp_16,max_temp_5 max_temp_15,max_temp_7 avg_temp_19,max_temp_8 max_temp_19,max_temp_8 avg_temp_19,max_temp_8 avg_temp_20,max_temp_18 avg_temp_6,avg_temp_2 avg_temp_20,avg_temp_3 avg_temp_22,avg_temp_12 avg_temp_23
0,35178.173913043516,-968.0257386169264,4069.6857426292527,2219.233084963892,84.75819115936856,-1095.414956574323,1336.9314664820404,-2044.8147704558778,-420.70724992626594,-519.533782692487,-1390.593305283482,2115.969576114394,5451.601575402828,5364.300901953411,504.71147122273106,3472.0667456099395,5604.599217419779,3805.128688751026,4115.578687978259,3691.7244564661755,2211.999131534008,2328.521951562145,565.5379933047557,3267.021340260076,953.9003707262253,-2258.104982194267,2705.4924698107434,-7901.153182206057,-2157.1327069505073,-2655.245257486255,-5472.583672021655,-4972.197963066626,5224.993825581857,-877.6130114718281,-4673.424853513776,5109.325688757333
