,intercept,Agricultural Land Mass,precip_0 precip_8,precip_0 min_temp_11,precip_2 min_temp_2,precip_5 precip_16,precip_5 min_temp_21,precip_7 precip_9,precip_7 precip_21,precip_7 min_temp_3,precip_7 avg_temp_1,precip_8 precip_9,precip_8 precip_21,precip_11 max_temp_13,precip_12 precip_17,precip_12 max_temp_12,precip_13 precip_18,precip_15 max_temp_12,precip_16 precip_19,precip_18 min_temp_21,precip_19 min_temp_1,precip_20 precip_22,precip_20 min_temp_11,precip_20 min_temp_14,precip_22 min_temp_14,precip_23 min_temp_21,min_temp_2 min_temp_10,min_temp_2 min_temp_14,min_temp_3 max_temp_13,min_temp_5 min_temp_8,min_temp_5 min_temp_16,min_temp_5 min_temp_17,min_temp_5 min_temp_19,min_temp_5 avg_temp_17,min_temp_6 min_temp_19,min_temp_6 max_temp_18,min_temp_7 max_temp_3,min_temp_8 min_temp_17,min_temp_8 max_temp_22,min_temp_10 min_temp_14,min_temp_14^2,min_temp_14 avg_temp_12,min_temp_17 min_temp_20,min_temp_17 avg_temp_20,min_temp_19 max_temp_18,min_temp_19 avg_temp_17,min_temp_20 max_temp_4,min_temp_20 max_temp_11,min_temp_20 max_temp_22,min_temp_20 avg_temp_17,min_temp_22 avg_temp_0,max_temp_3 max_temp_6,max_temp_13 avg_temp_3,max_temp_17 max_temp_18,max_temp_18 avg_temp_17,max_temp_18 Agricultural Land Mass,avg_temp_0 avg_temp_1,avg_temp_0 avg_temp_11,Agricultural Land Mass^2
0,39354.10869565216,30.937357354955743,-4588.69269970509,3131.2007476683357,5512.791655463716,-1447.3914268255776,-1142.2196292617818,-1689.5097729419876,-1571.473861152619,-2974.6960951528977,-4312.468333159896,-1845.4025459390177,-2839.796570498085,-5884.590640094697,227.16856070626898,1908.2205913835342,-1821.056037394899,6763.835630790013,-10373.394504995162,-818.5480392225852,228.99702179773686,-5417.113411801204,220.39648441751632,-5817.976504272488,9022.67291284541,-4943.076458323303,-864.2778803765614,9806.829769725993,-1198.5923601296727,5043.709624380668,2276.684413956624,16826.507808565442,1916.6469539772484,169.16478858675256,201.64216445620448,2077.9001883323535,-1876.6218129209956,290.0861771705589,1672.902288822331,953.4073078766241,1573.4740730947108,393.2233246109092,395.41065655292334,49.49494859065317,1246.6652317613052,40.186459173528654,8.02990537085869,4389.283037961605,364.99488632989056,15.382550216017384,1339.8327929400918,-1943.7536717391733,-3067.1275382406307,318.91787700950897,659.2385704223498,4474.047463565136,325.8775147462745,4115.658434127834,2950.538931812776
