,intercept,Agricultural Land Mass,min_temp_4 min_temp_16,min_temp_6 min_temp_16,min_temp_6 max_temp_16,min_temp_6 avg_temp_16,min_temp_8 min_temp_19,min_temp_16 max_temp_4,min_temp_17 max_temp_6,min_temp_17 avg_temp_9,max_temp_4 avg_temp_16,avg_temp_4 avg_temp_16,Agricultural Land Mass^2
0,37684.63043480079,3172250.1805851758,344168.5853165482,1302098.3630690358,1353689.6412154937,-2523069.2974624587,4213.7623142887605,-575429.7118064158,5022.575163788983,8106.052467163848,829469.8267388166,-662195.3934126487,-3170282.426208394
