,intercept,precip_5 precip_6,precip_5 precip_8,precip_6 precip_9,precip_6 precip_17,precip_6 min_temp_9,precip_6 max_temp_0,precip_6 max_temp_1,precip_6 avg_temp_1,precip_7 precip_9,precip_7 max_temp_1,precip_10 precip_18,precip_11 precip_19,precip_11 precip_23,precip_11 min_temp_15,precip_11 max_temp_13,precip_11 avg_temp_14,precip_12 precip_21,precip_15 precip_22,precip_15 min_temp_1,precip_15 min_temp_2,precip_15 max_temp_23,precip_16 precip_19,precip_18 max_temp_13,precip_20 precip_22,precip_20 min_temp_14,precip_21 min_temp_1,precip_22 avg_temp_12,precip_23 min_temp_14,precip_23 avg_temp_10,min_temp_2 min_temp_22,min_temp_4 max_temp_11,min_temp_5 max_temp_11,min_temp_5 max_temp_17,min_temp_5 max_temp_22,min_temp_5 max_temp_23,min_temp_7 max_temp_6,min_temp_14^2,min_temp_14 avg_temp_12,min_temp_14 avg_temp_13,min_temp_20 max_temp_11,min_temp_22 avg_temp_0,min_temp_22 avg_temp_1,max_temp_5 max_temp_18,max_temp_17 avg_temp_5,max_temp_18 avg_temp_5,max_temp_18 Agricultural Land Mass,avg_temp_0 avg_temp_11,avg_temp_11^2
0,38753.3478260869,-1665.9238100500218,-4178.761996345922,-478.5797342336209,-2452.7955034043334,-822.127205290076,-25.691144970658325,-2009.6780675269902,-844.0802181992018,-15.479336074221898,-1021.8341521722358,-992.7920073732901,-762.8564538951787,-3312.843536805717,-1017.2574216880557,-4260.386633272217,-196.83764372610946,1317.190959251401,1280.0589973173353,-1100.619361989395,7066.4117542507765,19.160227705802438,-6321.041877673486,-1189.009012978562,-210.93620560615818,-782.7108022963868,-698.8056523791283,2531.832243158359,-7168.488965046662,-164.3101817406624,683.6344763414272,3911.3437334555915,3438.790453744312,14917.865093729679,3184.156331555862,633.3147063253255,-1580.0057821023656,15356.783772851753,3553.215985860102,3082.7558380559553,1068.3083352449896,927.171759737185,2515.104741272859,3817.980165416928,2408.176456838462,15.285139464108125,2824.7582567145464,9279.975544099221,97.228223019491
