,intercept,Agricultural Land Mass,min_temp_4 min_temp_16,min_temp_6 min_temp_16,min_temp_6 max_temp_16,min_temp_6 avg_temp_16,min_temp_8 min_temp_19,min_temp_16 max_temp_4,min_temp_17 max_temp_6,min_temp_17 avg_temp_9,max_temp_4 avg_temp_16,avg_temp_4 avg_temp_16,Agricultural Land Mass^2
0,38024.130434782404,93013.511992728,104709.63468766074,112234.315800783,20450.980512057788,-104875.5315381672,5820.948832061621,-181459.60982618225,5189.963236704468,12738.125294773517,231207.9344399085,-174146.52488490552,-91848.63230692476
