,intercept,min_temp_4 min_temp_16,min_temp_8 min_temp_19,min_temp_17 max_temp_6,min_temp_17 avg_temp_9,max_temp_4 avg_temp_16,Agricultural Land Mass^2
0,39580.32608695651,20432.698894552574,7374.734285941045,9417.393373716603,5339.369014719024,-9668.781052020262,-393.5115953215208
