,intercept,Agricultural Land Mass,min_temp_4 min_temp_16,min_temp_6 min_temp_16,min_temp_6 max_temp_16,min_temp_6 avg_temp_16,min_temp_8 min_temp_19,min_temp_16 max_temp_4,min_temp_17 max_temp_6,min_temp_17 avg_temp_9,max_temp_4 avg_temp_16,avg_temp_4 avg_temp_16,Agricultural Land Mass^2
0,36039.86956517023,3788776.1178434845,266072.00836155337,1491906.7304034058,1834815.464152985,-3248706.4247528785,3155.795300971615,-323759.8865508639,10062.834715274292,7611.1897746255245,557520.665880047,-520860.2880043268,-3787393.4131060815
