,intercept,Agricultural Land Mass,min_temp_4 min_temp_16,min_temp_6 min_temp_16,min_temp_6 max_temp_16,min_temp_6 avg_temp_16,min_temp_8 min_temp_19,min_temp_16 max_temp_4,min_temp_17 max_temp_6,min_temp_17 avg_temp_9,max_temp_4 avg_temp_16,avg_temp_4 avg_temp_16,Agricultural Land Mass^2
0,38998.60869580696,3297172.5350579526,365014.9963902835,919999.7725623271,891586.2970263698,-1713497.8707572394,6828.131420469173,-558066.0947267299,8274.656422628224,6954.260423732251,857053.2380768292,-722468.0402233364,-3297642.637354428
