,intercept,Agricultural Land Mass,min_temp_4 min_temp_16,min_temp_6 min_temp_16,min_temp_6 max_temp_16,min_temp_6 avg_temp_16,min_temp_8 min_temp_19,min_temp_16 max_temp_4,min_temp_17 max_temp_6,min_temp_17 avg_temp_9,max_temp_4 avg_temp_16,avg_temp_4 avg_temp_16,Agricultural Land Mass^2
0,37252.41304347892,50118.91739854532,168565.96395930645,148315.85069254087,-26496.583502868576,-74029.47289909312,4080.177031593341,-300581.3184181289,7258.8129757548195,9118.42995826465,388932.2628098287,-292488.63348611095,-47584.579022902944
