,intercept,Agricultural Land Mass,min_temp_4 min_temp_16,min_temp_6 min_temp_16,min_temp_6 max_temp_16,min_temp_8 min_temp_19,min_temp_16 max_temp_4,min_temp_17 max_temp_6,min_temp_17 avg_temp_9
0,39304.47826086951,1611.0331637970469,28651.044552673065,6448.173035193613,1368.2856447435788,7863.208581538875,-26118.692756018525,11137.65733039635,4667.329420321966
