,intercept,Agricultural Land Mass,precip_5^2,min_temp_4 min_temp_16,min_temp_4 max_temp_21,min_temp_5 max_temp_17,min_temp_6 max_temp_18,min_temp_6 max_temp_19,min_temp_6 avg_temp_18,min_temp_7 max_temp_16,min_temp_8 min_temp_16,min_temp_9 min_temp_21,min_temp_9 max_temp_12,min_temp_9 max_temp_19,min_temp_16 max_temp_3,min_temp_16 avg_temp_4,min_temp_16 avg_temp_18,min_temp_17 avg_temp_9,min_temp_18 max_temp_2,min_temp_19 avg_temp_7,max_temp_7 avg_temp_18,max_temp_8 max_temp_19,max_temp_18 avg_temp_6
0,37740.67391304352,1630.8445346209598,-2918.7574079772126,20535.665417852157,-4359.283878789035,16748.69926141866,6998.465430115733,-5441.508056465026,3560.1237445191473,-15763.518283440013,10672.016821648127,-1265.4991009942046,7555.550055052374,-5147.416293873923,-16097.156607276205,1661.3126633911081,7246.380535393867,3527.9105246470726,-2237.674424795743,-390.7635055040583,3268.522262422742,-362.11195252769676,2415.877978068459
