,intercept,Agricultural Land Mass,min_temp_4 min_temp_16,min_temp_6 min_temp_16,min_temp_6 max_temp_16,min_temp_6 avg_temp_16,min_temp_8 min_temp_19,min_temp_16 max_temp_4,min_temp_17 max_temp_6,min_temp_17 avg_temp_9,max_temp_4 avg_temp_16,avg_temp_4 avg_temp_16,Agricultural Land Mass^2
0,37425.304347932375,3959079.758956685,628419.8866015926,1072614.9770464522,909016.0084574919,-1841569.3485893751,9392.747293869246,-949790.1104200026,7851.273056061764,4216.419451753643,1481793.1537003312,-1258998.9625456592,-3957207.580755043
