,intercept,Agricultural Land Mass,min_temp_4 min_temp_16,min_temp_6 min_temp_16,min_temp_6 max_temp_16,min_temp_6 avg_temp_16,min_temp_8 min_temp_19,min_temp_16 max_temp_4,min_temp_17 max_temp_6,min_temp_17 avg_temp_9,max_temp_4 avg_temp_16,avg_temp_4 avg_temp_16,Agricultural Land Mass^2
0,38459.32608696103,67969.22542838179,209221.37666635518,134687.9339435035,-10865.690482579877,-79791.29903381044,5736.321942881549,-297775.2325785229,9814.90969942727,3835.360965911255,435957.16873073776,-373576.87025197886,-67025.89393968224
