,intercept,Agricultural Land Mass,min_temp_4 min_temp_16,min_temp_6 min_temp_16,min_temp_6 max_temp_16,min_temp_6 avg_temp_16,min_temp_8 min_temp_19,min_temp_16 max_temp_4,min_temp_17 max_temp_6,min_temp_17 avg_temp_9,max_temp_4 avg_temp_16,avg_temp_4 avg_temp_16,Agricultural Land Mass^2
0,38464.47826084062,4505557.146824031,691620.075773545,1171009.0133612864,1028460.8836068568,-2043051.7284572055,5198.9387170399295,-1002090.9905493549,6588.761474608795,3076.770006638751,1602352.4125943729,-1389591.5024580376,-4503076.237699542
