,intercept,Agricultural Land Mass,min_temp_4 min_temp_16,min_temp_6 min_temp_16,min_temp_6 max_temp_16,min_temp_6 avg_temp_16,min_temp_8 min_temp_19,min_temp_16 max_temp_4,min_temp_17 max_temp_6,min_temp_17 avg_temp_9,max_temp_4 avg_temp_16,avg_temp_4 avg_temp_16,Agricultural Land Mass^2
0,32696.434782657503,1380477.0149570182,1011152.5601184057,733955.8667620858,387522.57318129326,-983738.9800338036,7984.647370682676,-1287141.0648927793,3335.608525341396,8339.260430220256,2301300.279957046,-2135507.972714885,-1377682.195252433
