,intercept,Agricultural Land Mass,min_temp_4 min_temp_16,min_temp_6 min_temp_16,min_temp_6 max_temp_16,min_temp_6 avg_temp_16,min_temp_8 min_temp_19,min_temp_16 max_temp_4,min_temp_17 max_temp_6,min_temp_17 avg_temp_9,max_temp_4 avg_temp_16,avg_temp_4 avg_temp_16,Agricultural Land Mass^2
0,37817.956521650354,3334628.679883175,378455.56362950173,1241672.7933721768,1427982.4029961445,-2576709.404896462,4766.844423669914,-502642.81932291907,7200.4717709283905,7668.181276331962,824965.0858757403,-744394.4758713519,-3333104.2143730847
