,intercept,precip_5 max_temp_8,min_temp_4 min_temp_16,min_temp_4 max_temp_21,min_temp_5 min_temp_16,min_temp_5 min_temp_17,min_temp_5 max_temp_17,min_temp_6 max_temp_18,min_temp_6 max_temp_19,min_temp_6 avg_temp_18,min_temp_7 max_temp_16,min_temp_8 min_temp_16,min_temp_8 avg_temp_9,min_temp_9 max_temp_12,min_temp_9 max_temp_19,min_temp_16 max_temp_3,min_temp_17 avg_temp_9,min_temp_18 max_temp_2,min_temp_21 max_temp_15,min_temp_21 avg_temp_3,max_temp_7 avg_temp_18,max_temp_8 max_temp_19,avg_temp_16 avg_temp_18,Agricultural Land Mass^2
0,40441.3260869565,-4867.026883074443,20017.74843533295,-4111.789666992329,14676.693398206724,5700.233853823265,7236.697744081699,4663.816454004061,-8359.649861011556,8862.728475522297,-15154.72992587815,1160.3990321615158,13014.785925141894,8577.566978218367,-11770.46884093612,-15599.948289500564,2030.613141002192,-1204.1920637884034,3535.2750517892173,1173.6831490308432,613.8761752525877,-4474.052141754835,3173.4477670842844,-323.24578578544686
