,intercept,Agricultural Land Mass,Agricultural Land Mass^2
0,40228.65217420791,12238093.086095717,-12243889.0518742
