,intercept,Agricultural Land Mass,min_temp_4 min_temp_16,min_temp_6 min_temp_16,min_temp_6 max_temp_16,min_temp_8 min_temp_19,min_temp_17 max_temp_6,min_temp_17 avg_temp_9,max_temp_4 avg_temp_16
0,35815.086956521794,429.3506657211876,21794.006057499242,1635.3392932667737,6857.3825476198335,3002.436428500405,8197.59584930261,907.3210736061702,-17404.999456143316
