,intercept,Agricultural Land Mass,Agricultural Land Mass^2
0,37087.76086878287,13647370.47786855,-13651428.035513846
