,intercept,Agricultural Land Mass,precip_5 max_temp_8,min_temp_4 min_temp_16,min_temp_4 max_temp_21,min_temp_5 min_temp_17,min_temp_7 max_temp_16,min_temp_8 avg_temp_5,min_temp_8 avg_temp_9,min_temp_9 max_temp_12,min_temp_9 max_temp_19,min_temp_16 max_temp_3,min_temp_17 max_temp_7,min_temp_18 min_temp_19,min_temp_18 max_temp_2,min_temp_20 max_temp_17,min_temp_20 avg_temp_21,min_temp_21 max_temp_15,min_temp_21 avg_temp_3,max_temp_4 avg_temp_16,max_temp_8 max_temp_19,max_temp_18 avg_temp_6,avg_temp_4 avg_temp_16
0,36688.84782608696,1911.3900007310165,-2427.023712700756,7136.593600429724,-8307.37408254601,14975.900876641985,-11187.90665459104,4.554742015893326,17063.87646485062,4865.407781492654,-10730.21093925676,-12498.893220046713,-4390.334129713905,15835.506580306797,1230.9120596762373,-881.9627622601183,-2134.4216824756045,5266.017473514372,2137.6903910313886,7647.983213692505,-7495.36662750621,3468.9319091171574,6280.265845254176
