,intercept,Agricultural Land Mass,precip_5 max_temp_6,min_temp_4 min_temp_16,min_temp_5 min_temp_16,min_temp_5 max_temp_17,min_temp_6 max_temp_18,min_temp_6 max_temp_19,min_temp_7 max_temp_16,min_temp_8 min_temp_16,min_temp_9 max_temp_12,min_temp_9 max_temp_19,min_temp_16 max_temp_3,min_temp_16 avg_temp_4,min_temp_17 max_temp_6,min_temp_17 max_temp_9,min_temp_18 min_temp_19,min_temp_18 max_temp_2,min_temp_19 avg_temp_7,min_temp_20 max_temp_17,min_temp_21 avg_temp_3,max_temp_4 avg_temp_16,max_temp_8 max_temp_19,max_temp_18 avg_temp_6
0,36840.00000000021,2332.6099630744097,-5554.049657433235,4199.976565168072,12074.844046736165,12100.432618370718,4050.4951356415854,-417.7079108946924,-21502.537153915368,16637.5937615359,7867.224860231092,-2854.231649237637,-20077.555237927027,2531.8732181728897,-3487.724925545132,5567.40962628004,8912.915051915077,367.53587859859897,-1108.1619042120506,-1978.530901016042,5033.068695227955,10528.921494665545,-8811.46674994252,4354.902650676822
