,intercept,Agricultural Land Mass,min_temp_4 min_temp_16,min_temp_6 min_temp_16,min_temp_6 max_temp_16,min_temp_6 avg_temp_16,min_temp_8 min_temp_19,min_temp_16 max_temp_4,min_temp_17 max_temp_6,min_temp_17 avg_temp_9,max_temp_4 avg_temp_16,avg_temp_4 avg_temp_16,Agricultural Land Mass^2
0,39593.76086943629,1875571.1929867126,428829.5004431914,1235625.1165782437,1285391.414708737,-2407570.4838523245,4361.001158437572,-609497.092321295,10534.942997987906,6341.1940638393535,966203.6304627217,-843530.1383510946,-1875028.3145568843
