,intercept,Agricultural Land Mass,min_temp_4 min_temp_16,min_temp_6 min_temp_16,min_temp_6 max_temp_16,min_temp_6 avg_temp_16,min_temp_8 min_temp_19,min_temp_16 max_temp_4,min_temp_17 max_temp_6,min_temp_17 avg_temp_9,max_temp_4 avg_temp_16,avg_temp_4 avg_temp_16,Agricultural Land Mass^2
0,39293.478260918004,1166016.582977519,753136.7957459927,1639015.905662662,1601988.6877762876,-3065871.111234511,6726.719769068059,-1053815.4683957102,11371.91789275092,5044.465828888356,1686541.288317091,-1493545.67720308,-1163695.1013095982
