,intercept,Agricultural Land Mass,Agricultural Land Mass^2
0,39303.782609283866,14029215.046153013,-14033079.725633226
