,intercept,Agricultural Land Mass,precip_5^2,precip_5 max_temp_8,min_temp_5 max_temp_17,min_temp_6 max_temp_18,min_temp_6 max_temp_19,min_temp_7 max_temp_16,min_temp_8 min_temp_16,min_temp_8 min_temp_19,min_temp_8 avg_temp_9,min_temp_9 max_temp_12,min_temp_9 max_temp_19,min_temp_16 max_temp_3,min_temp_16 max_temp_4,min_temp_16 avg_temp_4,min_temp_17 avg_temp_9,min_temp_18 min_temp_19,min_temp_18 max_temp_2,min_temp_20 max_temp_17,min_temp_21 max_temp_15,min_temp_21 avg_temp_3,max_temp_7 avg_temp_18,max_temp_8 max_temp_19,max_temp_18 avg_temp_6
0,38012.21739130437,1089.6729603884532,-166.6255551899075,-3966.982523391644,20024.043025502095,2241.4502292425127,-1711.4365855683545,-19534.626631986117,10449.950742462388,442.6998928179677,8398.058354867902,10086.752958981991,-10424.769127912108,-8953.994455279293,1462.6701690192117,15708.57324849476,762.0401902300915,6076.439654976181,-2922.6041059600943,-2460.979864569726,3225.6900055161846,514.7755597459524,1083.6282406257778,-6301.067850085251,6053.798013366339
