,intercept,Agricultural Land Mass,min_temp_4 min_temp_16,Agricultural Land Mass^2
0,39481.565217969655,8934028.377211554,21953.865142269202,-8933943.354132455
