,intercept,Agricultural Land Mass,min_temp_4 min_temp_16,min_temp_6 min_temp_16,min_temp_6 max_temp_16,min_temp_6 avg_temp_16,min_temp_8 min_temp_19,min_temp_16 max_temp_4,min_temp_17 max_temp_6,min_temp_17 avg_temp_9,max_temp_4 avg_temp_16,avg_temp_4 avg_temp_16,Agricultural Land Mass^2
0,37092.434782757344,3329004.383483872,590427.8717449836,438295.727413094,314242.8281687927,-680776.9672264289,9746.97585719755,-668553.0320090066,7272.764452623051,2174.675875153476,1235201.251642005,-1194139.6867562917,-3327448.46345894
