,intercept,Agricultural Land Mass,min_temp_4 min_temp_16,min_temp_6 min_temp_16,min_temp_6 max_temp_16,min_temp_6 avg_temp_16,min_temp_8 min_temp_19,min_temp_16 max_temp_4,min_temp_17 max_temp_6,min_temp_17 avg_temp_9,max_temp_4 avg_temp_16,avg_temp_4 avg_temp_16,Agricultural Land Mass^2
0,37046.36956521406,61966.85894872003,77853.8872229373,120198.39486687547,21589.33384549828,-115448.85677426324,6283.462477321801,-163338.4044112509,8124.863622820135,7987.8050984339625,172274.57577558563,-104075.23391974626,-63219.67931287759
