,intercept,Agricultural Land Mass,min_temp_4 min_temp_16,min_temp_6 max_temp_16,min_temp_8 min_temp_19,min_temp_16 max_temp_4,min_temp_17 max_temp_6,min_temp_17 avg_temp_9,max_temp_4 avg_temp_16
0,39456.630434782564,2585.433193526309,21025.92611816576,-85.9867582645428,11234.027803245195,-6681.185169250091,10680.082324732171,5623.042567587426,-7599.112259058121
