,intercept,Agricultural Land Mass,min_temp_4 min_temp_16,min_temp_6 min_temp_16,min_temp_6 max_temp_16,min_temp_6 avg_temp_16,min_temp_8 min_temp_19,min_temp_16 max_temp_4,min_temp_17 max_temp_6,min_temp_17 avg_temp_9,max_temp_4 avg_temp_16,avg_temp_4 avg_temp_16,Agricultural Land Mass^2
0,39032.39130446569,1664245.9054887113,770745.1405658333,1784577.0705869389,1735521.8873920112,-3325920.958132965,4705.334107125892,-1160807.3761905106,8997.339115694242,3500.2991575390834,1810908.1435999097,-1537275.22576126,-1661391.172778041
