,intercept,Agricultural Land Mass,min_temp_4 min_temp_16,min_temp_6 min_temp_16,min_temp_6 max_temp_16,min_temp_6 avg_temp_16,min_temp_8 min_temp_19,min_temp_16 max_temp_4,min_temp_17 max_temp_6,min_temp_17 avg_temp_9,max_temp_4 avg_temp_16,avg_temp_4 avg_temp_16,Agricultural Land Mass^2
0,38600.43478248858,4323139.834649626,595028.7345351238,426784.9560482866,127168.65242642551,-452687.0283421872,8912.869813100291,-820507.3426769167,6699.517526465556,2447.194455710107,1334274.1073906843,-1180607.4981482048,-4323220.7293909555
