,intercept,Agricultural Land Mass,min_temp_4 min_temp_16,min_temp_6 min_temp_16,min_temp_6 max_temp_16,min_temp_6 avg_temp_16,min_temp_8 min_temp_19,min_temp_16 max_temp_4,min_temp_17 max_temp_6,min_temp_17 avg_temp_9,max_temp_4 avg_temp_16,avg_temp_4 avg_temp_16,Agricultural Land Mass^2
0,40110.282608691254,3690808.4596369327,729540.4150369263,1131675.9170653168,989307.6235984875,-1974426.3002159116,5617.45097069027,-991407.769131525,9556.777284271657,3744.261371005509,1644704.757692136,-1473002.754897109,-3689822.4651357806
