,intercept,Agricultural Land Mass,min_temp_4 min_temp_16,min_temp_6 min_temp_16,min_temp_8 min_temp_19,min_temp_17 max_temp_6,min_temp_17 avg_temp_9,max_temp_4 avg_temp_16
0,41535.695652173934,918.2961902110749,17820.51631502358,275.4363441638106,6895.109209763071,13411.88491893175,5861.428038932261,-10640.417390776573
