,intercept,Agricultural Land Mass,precip_5 max_temp_8,min_temp_4 min_temp_16,min_temp_5 max_temp_17,min_temp_6 min_temp_8,min_temp_6 min_temp_18,min_temp_6 max_temp_19,min_temp_7 max_temp_16,min_temp_8 min_temp_16,min_temp_8 max_temp_19,min_temp_9 min_temp_21,min_temp_9 max_temp_12,min_temp_16 max_temp_3,min_temp_17 min_temp_18,min_temp_18 max_temp_2,min_temp_19 avg_temp_7,min_temp_20 max_temp_17,min_temp_20 avg_temp_21,max_temp_8 avg_temp_19
0,37579.652173913186,2301.449817564785,-1181.0469588050544,4544.410475397477,13073.84351488265,5959.566394353453,271.00541487630875,6071.4681973341085,-10293.676266970595,13637.571107026693,413.10693597041836,166.47488406110747,3526.1702718116367,-1198.4963911944878,4568.129188578424,-329.55648137489777,-4437.819755181182,3919.2477303857195,333.8531948709111,-9335.101748587447
