,intercept,Agricultural Land Mass,precip_5 max_temp_8,min_temp_4 min_temp_16,min_temp_4 max_temp_21,min_temp_5 min_temp_17,min_temp_5 max_temp_17,min_temp_6 max_temp_18,min_temp_6 max_temp_19,min_temp_7 max_temp_16,min_temp_8 min_temp_16,min_temp_8 avg_temp_5,min_temp_8 avg_temp_9,min_temp_9 max_temp_12,min_temp_9 max_temp_19,min_temp_16 max_temp_3,min_temp_16 avg_temp_4,min_temp_17 max_temp_7,min_temp_18 min_temp_19,min_temp_18 max_temp_2,min_temp_19 avg_temp_7,min_temp_21 avg_temp_3,max_temp_4 avg_temp_16,max_temp_8 max_temp_19
0,36430.999999999876,46.145955861963515,-3994.2957545875474,10059.506846991591,-9238.357848358299,6587.245390789514,15225.716892255768,14016.321217006616,-5721.677103704037,-18786.23041281029,8460.793296816857,1214.1826728101498,2360.297026313288,5887.6389959336975,-2672.931966199482,-11269.48876271662,10578.281750811155,-5523.0807973915535,4734.002682073782,-25.396442583466804,-365.75376832116945,4011.0171183119915,6402.903288143625,-3864.3690039150674
