,intercept,Agricultural Land Mass,min_temp_4 min_temp_16,min_temp_6 min_temp_16,min_temp_8 min_temp_19,min_temp_17 max_temp_6,min_temp_17 avg_temp_9,max_temp_4 avg_temp_16
0,39308.93478260866,444.5669916074469,15911.19753092579,1337.100984012875,7050.075482409799,10894.040327067278,6439.547594674876,-9292.514195931366
