,intercept,Agricultural Land Mass,min_temp_4 min_temp_16,min_temp_6 min_temp_16,min_temp_6 max_temp_16,min_temp_6 avg_temp_16,min_temp_8 min_temp_19,min_temp_16 max_temp_4,min_temp_17 max_temp_6,min_temp_17 avg_temp_9,max_temp_4 avg_temp_16,avg_temp_4 avg_temp_16,Agricultural Land Mass^2
0,40381.32608690689,1296915.2747204006,540915.9538661216,950134.4943380762,882053.0295323897,-1721008.6346794656,9648.728443661983,-747245.6753148987,7942.050304022194,5791.782989690558,1222769.4750984043,-1081974.8354392748,-1294705.4781573801
