,intercept,Agricultural Land Mass,min_temp_4 min_temp_16,min_temp_6 min_temp_16,min_temp_6 max_temp_16,min_temp_6 avg_temp_16,min_temp_8 min_temp_19,min_temp_16 max_temp_4,min_temp_17 max_temp_6,min_temp_17 avg_temp_9,max_temp_4 avg_temp_16,avg_temp_4 avg_temp_16,Agricultural Land Mass^2
0,40524.239130196875,3400014.2460231376,654270.0771777373,940833.1861592386,726847.8094204594,-1525671.8680846228,6542.760938399933,-901683.5205007254,7471.217309610228,5229.387606059049,1410833.9900586484,-1257295.2846458582,-3398496.812218854
