,intercept,Agricultural Land Mass,min_temp_4 min_temp_16,Agricultural Land Mass^2
0,38522.304347842444,10783987.775196416,18575.820710249212,-10783395.330608424
