,intercept,Agricultural Land Mass,min_temp_4 min_temp_16,min_temp_6 min_temp_16,min_temp_6 max_temp_16,min_temp_6 avg_temp_16,min_temp_8 min_temp_19,min_temp_16 max_temp_4,min_temp_17 max_temp_6,min_temp_17 avg_temp_9,max_temp_4 avg_temp_16,avg_temp_4 avg_temp_16,Agricultural Land Mass^2
0,36774.652173927476,3762529.437566237,410783.51570151525,1156435.597496735,1329342.830344338,-2398301.6986981803,6227.495438692829,-534098.4020988783,6568.773383976539,6716.374165440462,898423.1062485009,-814536.9402254074,-3760729.1348807076
