,intercept,Agricultural Land Mass,Agricultural Land Mass^2
0,38798.97826143955,13588217.4114579,-13591656.923374046
