,intercept,Agricultural Land Mass,min_temp_4 min_temp_16,min_temp_6 min_temp_16,min_temp_8 min_temp_19,min_temp_16 max_temp_4,min_temp_17 max_temp_6
0,36777.00000000001,1107.5927756522196,25276.636321880465,16694.021983534592,5316.343250883714,-28699.132804280533,9921.55175697151
