,intercept,Agricultural Land Mass,min_temp_4 min_temp_16,min_temp_6 min_temp_16,min_temp_6 max_temp_16,min_temp_6 avg_temp_16,min_temp_8 min_temp_19,min_temp_16 max_temp_4,min_temp_17 max_temp_6,min_temp_17 avg_temp_9,max_temp_4 avg_temp_16,avg_temp_4 avg_temp_16,Agricultural Land Mass^2
0,38569.10869576236,2369767.071138139,680716.8229521485,1157717.8595350585,858388.5241836313,-1842670.7333565063,7554.550333748312,-1073009.2015995767,8157.766317298193,4199.722994328123,1604138.368027793,-1338192.6589946973,-2367038.3443685574
