,intercept,Agricultural Land Mass,min_temp_4 min_temp_16,min_temp_6 min_temp_16,min_temp_6 max_temp_16,min_temp_6 avg_temp_16,min_temp_8 min_temp_19,min_temp_16 max_temp_4,min_temp_17 max_temp_6,min_temp_17 avg_temp_9,max_temp_4 avg_temp_16,avg_temp_4 avg_temp_16,Agricultural Land Mass^2
0,39454.58695661812,4435469.724751758,748278.6251095275,835642.0464072643,609018.5725803934,-1317037.212746238,9334.483665812226,-980149.5280291493,7869.16960209786,3942.4960432122753,1625355.0632529557,-1486628.3019143934,-4432396.973577003
