,intercept,Agricultural Land Mass,min_temp_4 min_temp_16,Agricultural Land Mass^2
0,37100.782608669884,10838648.277522082,20894.36541234103,-10839727.054056393
