,intercept,precip_5^2,min_temp_4 min_temp_16,min_temp_5 max_temp_17,min_temp_6 min_temp_16,min_temp_6 min_temp_18,min_temp_6 avg_temp_6,min_temp_7 max_temp_16,min_temp_8 avg_temp_9,min_temp_9 max_temp_12,min_temp_9 max_temp_19,min_temp_16 min_temp_18,min_temp_16 max_temp_3,min_temp_16 avg_temp_4,min_temp_17 max_temp_7,min_temp_17 avg_temp_9,min_temp_18 min_temp_19,min_temp_18 max_temp_2,min_temp_20 avg_temp_21,min_temp_21 max_temp_15,max_temp_8 max_temp_19,max_temp_17 avg_temp_5,avg_temp_6 avg_temp_18,Agricultural Land Mass^2
0,39857.63043478271,-3262.795461247249,6165.336725302029,18880.74084218769,2522.5597057339805,2873.959490987956,3177.9746678018396,-22729.242791604513,6634.5395395669,7820.209982508208,-8878.99846567996,4293.87681691632,-7977.756748878012,11326.905824745183,-9193.120016445684,1974.5934134731622,9256.182640122723,-1524.643079703853,-1423.5140970802727,8334.70808948772,-7146.478459025792,740.5032844457918,7096.167561288809,-173.93114458380415
