,intercept,Agricultural Land Mass,min_temp_4 min_temp_16,Agricultural Land Mass^2
0,40487.521739134274,176680.58195737712,24187.28626942601,-175654.38441368344
