,intercept,precip_5 max_temp_8,min_temp_4 min_temp_16,min_temp_5 max_temp_17,min_temp_6 max_temp_16,min_temp_6 avg_temp_16,min_temp_6 avg_temp_17,min_temp_7 max_temp_16,min_temp_8 min_temp_16,min_temp_9 max_temp_12,min_temp_16 max_temp_3,min_temp_16 avg_temp_4,min_temp_17 avg_temp_9,min_temp_18 min_temp_19,min_temp_18 max_temp_2,min_temp_20 max_temp_17,min_temp_20 avg_temp_21,min_temp_21 max_temp_15,min_temp_21 avg_temp_3,max_temp_6 max_temp_16,max_temp_8 max_temp_19,max_temp_17 avg_temp_16,max_temp_18 avg_temp_6,avg_temp_6 avg_temp_18
0,39724.652173913,-2902.1738251695792,3971.9383751430023,17307.584497780812,3634.478242899785,280.0986691608377,1017.1273198690042,-16433.064503260943,10406.37572391483,36.81390401823369,-18403.204335341212,20826.253783929955,3262.4234544835017,9278.734584385133,-4717.409689588535,-2284.3018143119125,-5714.70009270578,6451.156974011782,2140.0560433424544,1037.6522260125673,-4189.808625199627,167.87069285605745,3964.1837694695555,1964.3063609130488
