,intercept,Agricultural Land Mass,Agricultural Land Mass^2
0,38728.043479197826,13350127.070751395,-13358660.858266225
