,intercept,Agricultural Land Mass,min_temp_4 min_temp_16,min_temp_6 min_temp_16,min_temp_6 max_temp_16,min_temp_6 avg_temp_16,min_temp_8 min_temp_19,min_temp_16 max_temp_4,min_temp_17 max_temp_6,min_temp_17 avg_temp_9,max_temp_4 avg_temp_16,avg_temp_4 avg_temp_16,Agricultural Land Mass^2
0,36094.78260912916,6714688.0546976,379760.1464556627,1023901.5253067833,1156591.454768481,-2104956.747483101,3646.9538076442764,-496322.33610900136,7984.752077431138,7590.00283330022,871004.028298158,-790875.2885089364,-6714145.086567605
