,intercept,Agricultural Land Mass,precip_5 max_temp_8,min_temp_4 min_temp_16,min_temp_4 max_temp_21,min_temp_5 max_temp_17,min_temp_6 max_temp_18,min_temp_6 max_temp_19,min_temp_7 max_temp_16,min_temp_8 min_temp_16,min_temp_9 max_temp_12,min_temp_9 max_temp_19,min_temp_16 max_temp_3,min_temp_16 avg_temp_4,min_temp_18 min_temp_19,min_temp_18 max_temp_2,min_temp_20 max_temp_17,min_temp_20 avg_temp_21,min_temp_21 max_temp_15,max_temp_4 avg_temp_16,max_temp_8 max_temp_19,max_temp_18 avg_temp_6,avg_temp_16 avg_temp_18
0,39602.913043478366,310.98295489592977,-4661.369142992705,13570.044407207031,-7013.704965416723,22066.72539893476,13072.803681831596,-5149.851606546381,-11437.81109941901,7501.133004793218,7118.258146158687,-5237.457295613346,-16937.550142321008,7366.456723446065,8660.145385990467,-588.5491132284545,-691.4080582641368,-3052.247059866429,2696.1499380043406,2513.279112304927,-7036.88922616112,722.3834881394989,4486.181063610791
