,intercept,precip_0 precip_22,precip_0 precip_23,precip_0 min_temp_14,precip_1 precip_10,precip_2 min_temp_16,precip_3 precip_6,precip_3 max_temp_11,precip_4 precip_5,precip_4 precip_6,precip_4 precip_20,precip_11 precip_16,precip_11 max_temp_1,precip_11 max_temp_13,precip_12 avg_temp_11,precip_15 precip_22,precip_15 min_temp_2,precip_16 precip_19,precip_17 min_temp_13,precip_19 min_temp_1,precip_20 min_temp_12,precip_20 min_temp_14,precip_21 avg_temp_0,precip_22 min_temp_14,precip_23 min_temp_3,precip_23 min_temp_10,precip_23 min_temp_14,min_temp_5 min_temp_16,min_temp_5 max_temp_11,min_temp_5 avg_temp_17,min_temp_14^2,min_temp_14 avg_temp_12,min_temp_16 min_temp_18,min_temp_16 max_temp_4,min_temp_18 max_temp_9,max_temp_1 max_temp_2,max_temp_1 max_temp_3,max_temp_1 max_temp_21,max_temp_1 avg_temp_3,max_temp_3 max_temp_19,max_temp_4 max_temp_9,max_temp_5 avg_temp_18,max_temp_7 max_temp_19,max_temp_17 avg_temp_5,max_temp_19 max_temp_21,avg_temp_13 avg_temp_23
0,37708.97826086955,-2909.415524869767,-1246.7976983727353,-1661.9150942124115,-984.4855849851228,1911.8243553921047,1281.9755345969504,1905.3899729017487,411.6841431053361,1316.9870890926811,1244.2111588130765,-2652.873189442217,-4848.310509002355,-1460.815038967575,1786.888163336968,50.33886149244229,7092.059681493815,-4326.910523716214,712.4028753357286,3543.5184926759393,-719.023777184968,-7138.333344693063,-1047.8141290811855,7207.52932917403,-2812.6431078088904,-6420.721648120095,-1211.4274863440942,1198.3249160112794,1.164318898441786,6399.375523310785,8722.345164035987,7197.307111252037,2999.072543549988,1403.4614427146657,2852.7596730146315,-584.686679955684,-1277.150533159567,-294.1038357941849,-1872.7333246471037,-45.87582205096102,4674.851539083415,7943.856738407455,-4083.46682755472,10186.88765016851,-1559.257482389469,127.0859359940797
