,intercept,Agricultural Land Mass,min_temp_4 min_temp_16,min_temp_6 min_temp_16,min_temp_6 max_temp_16,min_temp_6 avg_temp_16,min_temp_8 min_temp_19,min_temp_16 max_temp_4,min_temp_17 max_temp_6,min_temp_17 avg_temp_9,max_temp_4 avg_temp_16,avg_temp_4 avg_temp_16,Agricultural Land Mass^2
0,36448.8043480503,5676532.30450437,200572.2767999667,613550.4206565968,704268.1470532542,-1277969.625251538,8967.343161635197,-263193.0173597036,5828.877446677173,5896.360524721633,449558.8815268547,-401549.9521096467,-5675641.31858081
