,intercept,Agricultural Land Mass,min_temp_4 min_temp_16,min_temp_6 min_temp_16,min_temp_6 max_temp_16,min_temp_6 avg_temp_16,min_temp_8 min_temp_19,min_temp_16 max_temp_4,min_temp_17 max_temp_6,min_temp_17 avg_temp_9,max_temp_4 avg_temp_16,avg_temp_4 avg_temp_16,Agricultural Land Mass^2
0,39585.06521728833,2939305.062926218,657578.3802113716,740297.0350909987,527747.2588312713,-1154661.6683880445,9485.724901879748,-851510.1267630558,9225.847457826474,2809.663595679685,1398071.4886178544,-1284191.4565230485,-2939366.735896482
