,intercept,Agricultural Land Mass,min_temp_4 min_temp_16,min_temp_6 min_temp_16,min_temp_6 max_temp_16,min_temp_6 avg_temp_16,min_temp_8 min_temp_19,min_temp_16 max_temp_4,min_temp_17 max_temp_6,min_temp_17 avg_temp_9,max_temp_4 avg_temp_16,avg_temp_4 avg_temp_16,Agricultural Land Mass^2
0,38780.30434790496,2709213.1603239127,707456.1308528823,1621001.6295108548,1661917.772412334,-3129140.572971084,6801.6324945612905,-1002996.0462567611,10433.457412699405,2155.09359433389,1614161.1169753328,-1413941.1076911874,-2706785.1237791283
