,intercept,Agricultural Land Mass,min_temp_4 min_temp_16,min_temp_6 min_temp_16,min_temp_6 max_temp_16,min_temp_6 avg_temp_16,min_temp_8 min_temp_19,min_temp_16 max_temp_4,min_temp_17 max_temp_6,min_temp_17 avg_temp_9,max_temp_4 avg_temp_16,avg_temp_4 avg_temp_16,Agricultural Land Mass^2
0,33871.78260869789,1576515.5606438518,412440.38802457193,1537264.900332846,1513044.4455691443,-2881711.53869003,405.4318900866959,-738288.6201839405,5129.12692730472,3256.797891419905,1027732.6630368609,-805295.3245023718,-1576432.0894737989
