,intercept,Agricultural Land Mass,Agricultural Land Mass^2
0,40176.565218162505,13438128.660073081,-13443794.242143873
