,intercept,Agricultural Land Mass,precip_5^2,precip_5 max_temp_6,min_temp_4 min_temp_16,min_temp_4 max_temp_21,min_temp_4 avg_temp_3,min_temp_5 min_temp_17,min_temp_5 max_temp_17,min_temp_6 min_temp_8,min_temp_6 max_temp_18,min_temp_6 max_temp_19,min_temp_6 avg_temp_18,min_temp_8 min_temp_16,min_temp_9 min_temp_21,min_temp_9 max_temp_12,min_temp_16^2,min_temp_16 max_temp_3,min_temp_16 max_temp_20,min_temp_16 max_temp_21,min_temp_16 avg_temp_4,min_temp_17 max_temp_6,min_temp_17 max_temp_7,min_temp_17 avg_temp_9,min_temp_18 min_temp_19,min_temp_18 max_temp_2,min_temp_18 max_temp_6,min_temp_19 avg_temp_6,min_temp_19 avg_temp_7,min_temp_20 max_temp_17,min_temp_21 max_temp_15,min_temp_21 avg_temp_3,max_temp_6 max_temp_16,max_temp_8 max_temp_19,Agricultural Land Mass^2
0,39578.45652173894,183.36132338347196,-5592.8325625018615,2966.2169645043614,18029.33559368578,-127290.09985908483,126241.92853489936,6377.559746790971,14652.194603608401,1475.2144942428495,10878.817017500862,-15986.864335480055,11663.671015968794,11262.907873537739,-28690.297791305704,11455.460661331672,-69474.25230995411,-165931.8504498612,33396.3730009495,124310.70472937454,61829.52566665921,-1204.6737506982583,-21480.1709979363,39522.8674171204,31227.24083221234,-1406.3912976575805,-11447.762796796655,-9211.6296425044,-530.4729557699806,-21894.564773532467,-6048.137011722955,30571.465796805453,-8225.074650342807,-8509.399243210866,1857.313213568749
