,intercept,Agricultural Land Mass,min_temp_4 min_temp_16,min_temp_6 min_temp_16,min_temp_6 max_temp_16,min_temp_6 avg_temp_16,min_temp_8 min_temp_19,min_temp_16 max_temp_4,min_temp_17 max_temp_6,min_temp_17 avg_temp_9,max_temp_4 avg_temp_16,avg_temp_4 avg_temp_16,Agricultural Land Mass^2
0,39305.3043478274,61071.58335454675,101773.13366901953,177577.86422156487,37765.42504019069,-174871.36505077558,5253.963994937191,-216876.2464549032,10914.869982529406,5923.108914140775,240515.14935256957,-155181.57476825098,-60422.65128883761
