,intercept,min_temp_16,Agricultural Land Mass,precip_5^2,precip_5 max_temp_6,min_temp_4 min_temp_16,min_temp_4 max_temp_21,min_temp_4 avg_temp_3,min_temp_4 avg_temp_21,min_temp_5 min_temp_17,min_temp_6 min_temp_17,min_temp_6 max_temp_18,min_temp_6 max_temp_19,min_temp_6 avg_temp_6,min_temp_7 avg_temp_16,min_temp_8 min_temp_19,min_temp_8 avg_temp_5,min_temp_8 avg_temp_9,min_temp_9 min_temp_21,min_temp_9 max_temp_12,min_temp_9 max_temp_19,min_temp_16^2,min_temp_16 max_temp_3,min_temp_16 max_temp_4,min_temp_16 max_temp_20,min_temp_16 max_temp_21,min_temp_16 avg_temp_6,min_temp_16 avg_temp_18,min_temp_16 avg_temp_19,min_temp_16 Agricultural Land Mass,min_temp_17 avg_temp_6,min_temp_17 avg_temp_9,min_temp_18 min_temp_19,min_temp_18 max_temp_2,min_temp_18 max_temp_6,min_temp_19 avg_temp_7,min_temp_20 max_temp_17,min_temp_20 avg_temp_21,min_temp_21 max_temp_15,min_temp_21 avg_temp_3,max_temp_6 max_temp_16,max_temp_7 max_temp_16,max_temp_8 avg_temp_19,max_temp_18 avg_temp_6,avg_temp_7 avg_temp_16,Agricultural Land Mass^2
0,38276.478260869495,-9191.100773278547,277.9803032439566,-48078.76980969755,43901.36398480133,127208.1997592475,-156945.3156988631,96882.00313672789,-12682.83918363609,43956.56346654351,-41852.15836563783,6304.294147219042,18513.108294208672,-790.500588584783,3781.674417798572,43726.78221325027,-39875.84087939491,16294.650529711727,-22814.84847211781,9945.337881582094,-5604.556181766984,-48749.343179258176,-155917.70455193977,59757.56308468406,55154.38556499179,159155.20994120455,-7306.697086559166,-16886.148629449322,-138025.60340791944,-11620.85160499205,-2787.3550896617503,30498.562569776524,62981.24074833581,-1190.959705332074,-24179.60495628764,-35068.29029407667,-22474.070082358518,1090.7017556963476,949.7056424977227,25347.69239181398,-5178.236874652225,10002.880458991332,-18055.585449440365,11054.963275027287,4819.583253079042,6673.482835459815
