,intercept,Agricultural Land Mass,min_temp_4 min_temp_16,min_temp_6 min_temp_16,min_temp_6 max_temp_16,min_temp_6 avg_temp_16,min_temp_8 min_temp_19,min_temp_16 max_temp_4,min_temp_17 max_temp_6,min_temp_17 avg_temp_9,max_temp_4 avg_temp_16,avg_temp_4 avg_temp_16,Agricultural Land Mass^2
0,38905.565217417796,3876619.343893516,372021.6765855344,1091043.5650417574,1460205.2291145,-2503552.7516100113,5260.846248923412,-316050.2422606717,5743.633867447889,10039.215998381958,725410.79878603,-777191.1164380354,-3875201.7646972546
