,intercept,Agricultural Land Mass,precip_5 max_temp_8,min_temp_4 max_temp_21,min_temp_5 max_temp_17,min_temp_7 max_temp_16,min_temp_8 min_temp_19,min_temp_8 avg_temp_9,min_temp_9 max_temp_12,min_temp_16 max_temp_3,min_temp_16 max_temp_4,min_temp_17 min_temp_18,min_temp_17 avg_temp_9,min_temp_18 min_temp_19,min_temp_18 max_temp_2,min_temp_18 max_temp_6,min_temp_19 avg_temp_7,min_temp_20 avg_temp_21,min_temp_21 max_temp_15,min_temp_21 avg_temp_3,max_temp_8 max_temp_19,max_temp_18 avg_temp_6,avg_temp_4 avg_temp_17,avg_temp_6 avg_temp_18
0,39173.021739130505,597.6965403230745,-4695.137332232688,-10661.113766139635,12196.597391204818,-17527.924270031133,2764.3803934589223,3042.1377270312587,4650.329450179823,-29664.100280601382,42498.86241957974,1763.0291916013384,5836.000765748451,6543.589353929263,-1005.5373490611202,378.96219890183147,-541.9065613322915,-4132.193348489814,2209.516370220785,11505.203835240609,-9167.827532110168,5906.5324198510025,1244.2277320633427,2410.897955012712
