,intercept,Agricultural Land Mass,min_temp_4 min_temp_16,min_temp_6 min_temp_16,min_temp_6 max_temp_16,min_temp_6 avg_temp_16,min_temp_8 min_temp_19,min_temp_16 max_temp_4,min_temp_17 max_temp_6,min_temp_17 avg_temp_9,max_temp_4 avg_temp_16,avg_temp_4 avg_temp_16,Agricultural Land Mass^2
0,36220.50000002291,3709375.9170845104,409432.2250978859,889840.3996089126,887610.5323825537,-1691909.7219866654,5275.919458120305,-578372.4928164119,7134.4333708766035,4103.698855727039,945732.6458424672,-822570.0342066118,-3709636.05843554
