,intercept,Agricultural Land Mass,Agricultural Land Mass^2
0,40480.826087224705,14517234.893922677,-14522853.824328505
