,intercept,Agricultural Land Mass,min_temp_4 min_temp_16,min_temp_6 max_temp_16,min_temp_8 min_temp_19,min_temp_17 max_temp_6,min_temp_17 avg_temp_9,max_temp_4 avg_temp_16
0,38407.02173913042,116.22734635239452,17089.131695669814,3648.2537962020683,8949.930785470633,9648.786637850058,6724.975413799134,-13187.376641985527
