,intercept,Agricultural Land Mass,precip_1 max_temp_13,precip_4 precip_20,precip_7 precip_19,precip_9 min_temp_2,precip_9 min_temp_10,precip_10 max_temp_13,precip_12 max_temp_23,precip_13 min_temp_2,precip_16 max_temp_20,precip_21 min_temp_13,precip_22 min_temp_2,min_temp_0 min_temp_2,min_temp_0 max_temp_2,min_temp_2 min_temp_12,min_temp_3 avg_temp_8,min_temp_4 avg_temp_14,min_temp_5 min_temp_17,min_temp_6 min_temp_18,min_temp_8 min_temp_17,min_temp_8 max_temp_4,min_temp_8 max_temp_5,min_temp_9 min_temp_15,min_temp_16 min_temp_21,min_temp_18 avg_temp_16,max_temp_3 avg_temp_8,max_temp_4 max_temp_16,max_temp_5 max_temp_15,max_temp_8 max_temp_19,max_temp_8 avg_temp_19,max_temp_16 max_temp_21,max_temp_18 max_temp_19,avg_temp_2 avg_temp_20,avg_temp_3 avg_temp_22,avg_temp_7 avg_temp_20,avg_temp_8 avg_temp_20,avg_temp_12 avg_temp_23
0,34045.93478260868,1975.0272226502775,-97.35199677804638,3404.1501517905062,-2573.3515555811755,3430.785781853684,-3915.4704492363335,-1155.9961948143045,1425.972519693049,-701.8757723366729,-4222.91106348433,-2098.465147263869,-4289.1636459403135,3509.2326572778925,-4429.964325335654,-3165.303829338185,6840.91673965312,4590.818919295364,7519.144609091558,7878.268521853562,2915.906971503245,1374.798765239736,7892.2536348825315,10525.262187542121,1921.0285129156205,2048.6851338009337,-4422.1385312514285,2296.740224105336,-7379.775204637853,-11899.379205412803,-2742.1505150322814,5478.220649757862,4528.80286746828,-2150.896411686682,-8016.876059019727,-2951.3330218135116,-1304.052501471269,7696.5181716809475
