,intercept,Agricultural Land Mass,min_temp_4 min_temp_16,min_temp_6 min_temp_16,min_temp_6 max_temp_16,min_temp_6 avg_temp_16,min_temp_8 min_temp_19,min_temp_16 max_temp_4,min_temp_17 max_temp_6,min_temp_17 avg_temp_9,max_temp_4 avg_temp_16,avg_temp_4 avg_temp_16,Agricultural Land Mass^2
0,38437.9782609467,1958588.2065979573,695279.8626750847,1433795.9888123698,1344008.9849502663,-2608180.051306907,5313.645700467076,-1009010.8585176411,10317.343889413905,2832.671203934246,1578330.4471475491,-1370366.494476687,-1956905.9976975096
