,intercept,Agricultural Land Mass,min_temp_4 min_temp_16,Agricultural Land Mass^2
0,34872.630434989595,9943984.601877153,19900.993730599854,-9945004.459924942
