,intercept,Agricultural Land Mass,precip_5 max_temp_8,min_temp_4 min_temp_16,min_temp_5 min_temp_16,min_temp_5 min_temp_17,min_temp_5 max_temp_17,min_temp_6 min_temp_8,min_temp_6 max_temp_18,min_temp_7 max_temp_16,min_temp_8 min_temp_16,min_temp_9 max_temp_12,min_temp_16 max_temp_3,min_temp_19 avg_temp_7,min_temp_20 avg_temp_16,min_temp_20 avg_temp_21,max_temp_8 max_temp_19,max_temp_18 avg_temp_6
0,37650.80434782614,1137.6623644623637,-3608.393770507048,13342.9278645882,13403.735822603941,8855.69148216472,1222.922418293843,3299.974271563987,2806.1109287841723,-5369.393766748362,4161.9486291909925,3891.218098979645,-14600.435969160397,-8427.238671551162,1556.0281147497585,4660.7119805049615,-1899.8392273037578,3697.770994195271
