,intercept,Agricultural Land Mass,min_temp_4 min_temp_16,min_temp_6 min_temp_16,min_temp_6 max_temp_16,min_temp_6 avg_temp_16,min_temp_8 min_temp_19,min_temp_16 max_temp_4,min_temp_17 max_temp_6,min_temp_17 avg_temp_9,max_temp_4 avg_temp_16,avg_temp_4 avg_temp_16,Agricultural Land Mass^2
0,40165.45652175903,793548.8892480992,802345.7715993895,1794327.3451078415,1674291.3911652272,-3277800.664900006,6114.7766631454915,-1207424.3659612886,9561.587664154968,4917.620213625631,1883243.3768869797,-1615036.1964480751,-790380.6402467397
