,intercept,Agricultural Land Mass,precip_5 max_temp_8,min_temp_4 min_temp_16,min_temp_5 min_temp_16,min_temp_5 min_temp_17,min_temp_6 max_temp_18,min_temp_7 max_temp_16,min_temp_8 min_temp_16,min_temp_9 min_temp_21,min_temp_9 max_temp_12,min_temp_9 avg_temp_19,min_temp_16 max_temp_3,min_temp_18 max_temp_2,min_temp_19 avg_temp_7,min_temp_20 avg_temp_16,min_temp_20 avg_temp_21,max_temp_8 avg_temp_19
0,36888.2173913044,2003.6051037700302,-4860.120461330934,18677.717749163974,7951.021808969201,8400.508353229381,8903.70845066017,-6763.484536234461,8252.831928317511,2083.216367135462,1595.718386679287,142.5149892866004,-17060.4616083,-3337.8810205661975,-7234.301965755978,2926.2269671096715,3742.4738982014155,-1240.1492636676521
