,intercept,Agricultural Land Mass,precip_1 max_temp_13,precip_4 precip_20,precip_5 min_temp_8,precip_7 precip_19,precip_7 min_temp_2,precip_9 min_temp_10,precip_10 max_temp_13,precip_12 max_temp_23,precip_13 min_temp_2,precip_21 min_temp_13,precip_21 min_temp_22,precip_22 min_temp_9,min_temp_2 min_temp_12,min_temp_3 max_temp_12,min_temp_3 avg_temp_8,min_temp_3 avg_temp_10,min_temp_4 avg_temp_14,min_temp_5 max_temp_4,min_temp_5 max_temp_17,min_temp_5 avg_temp_21,min_temp_6 min_temp_21,min_temp_6 max_temp_18,min_temp_7 min_temp_20,min_temp_7 avg_temp_19,min_temp_8 min_temp_16,min_temp_8 max_temp_4,min_temp_9 max_temp_12,min_temp_16 max_temp_4,min_temp_17 max_temp_2,min_temp_18 max_temp_9,min_temp_19 avg_temp_18,max_temp_3 avg_temp_8,max_temp_4 avg_temp_16,max_temp_5 max_temp_15,avg_temp_2 avg_temp_20,avg_temp_7 avg_temp_19,avg_temp_18^2
0,38723.41304347843,1197.580694643806,-4491.924991873987,2800.0571504063278,-10528.15474192902,-5345.219094318915,-429.55447865163075,-1956.8642624091112,-5799.552322892035,4494.020931715318,-3561.423601037014,1936.37146465507,8009.406836963578,5607.864205890089,-9562.229776071428,10515.931672012428,9245.622371407486,1948.2529739602794,3157.3034789481944,16191.69351892131,10762.478100557197,4615.980776264274,1355.5174004658684,17825.953070114138,-6546.11936018726,-20802.805134136295,9960.903135807715,2231.706521891945,7904.739377007955,4430.130251398919,-6647.558711089354,6143.75132549379,6159.660379233626,-24924.898805134828,3402.3676006225187,-11676.758311955044,-4807.78411755381,-2033.2315426390448,4167.96936507894
