,intercept,Agricultural Land Mass,min_temp_4 min_temp_16,min_temp_6 min_temp_16,min_temp_6 max_temp_16,min_temp_6 avg_temp_16,min_temp_8 min_temp_19,min_temp_16 max_temp_4,min_temp_17 max_temp_6,min_temp_17 avg_temp_9,max_temp_4 avg_temp_16,avg_temp_4 avg_temp_16,Agricultural Land Mass^2
0,35025.3260870966,4158635.2068406986,275594.98508521856,474799.25292218145,507967.0525221001,-941417.0773198059,8636.66865197647,-339295.68901375716,4613.504438715557,7164.750733150512,603988.5559626052,-556042.6375590055,-4157220.715717621
