,intercept,Agricultural Land Mass,min_temp_4 min_temp_16,min_temp_6 min_temp_16,min_temp_6 max_temp_16,min_temp_6 avg_temp_16,min_temp_8 min_temp_19,min_temp_16 max_temp_4,min_temp_17 max_temp_6,min_temp_17 avg_temp_9,max_temp_4 avg_temp_16,avg_temp_4 avg_temp_16,Agricultural Land Mass^2
0,37495.10869576059,1614510.180676939,471927.3334060968,1362645.206349644,1415911.7335727136,-2658507.6549493843,7625.2818196478165,-702530.1658909831,10228.266657226472,5076.801393735587,1118776.2634290636,-956163.5403592637,-1611751.1640137313
