,intercept,Agricultural Land Mass,min_temp_4 min_temp_16,min_temp_6 max_temp_16,min_temp_8 min_temp_19,min_temp_16 max_temp_4,min_temp_17 max_temp_6,min_temp_17 avg_temp_9,max_temp_4 avg_temp_16
0,40641.58695652171,32.90662149505734,19455.43064203571,2179.4898745971236,5786.063003018035,-7933.846637712631,12372.828005434141,6315.424021511505,-4979.887667602137
