,intercept,Agricultural Land Mass,min_temp_4 min_temp_16,min_temp_6 min_temp_16,min_temp_6 max_temp_16,min_temp_6 avg_temp_16,min_temp_8 min_temp_19,min_temp_16 max_temp_4,min_temp_17 max_temp_6,min_temp_17 avg_temp_9,max_temp_4 avg_temp_16,avg_temp_4 avg_temp_16,Agricultural Land Mass^2
0,38728.71739153619,2952427.2597405985,717790.0965067958,1153386.1581112626,1039591.8320157628,-2052772.6499245227,11807.686724936442,-965353.7048358633,11683.647126232327,1981.5015480514278,1585606.373440338,-1434429.8994841818,-2950163.671313156
