,intercept,Agricultural Land Mass,Agricultural Land Mass^2
0,33258.391304570774,10638104.668184431,-10641770.012017608
