,intercept,Agricultural Land Mass,min_temp_4 min_temp_16,min_temp_6 max_temp_16,min_temp_8 min_temp_19,min_temp_16 max_temp_4,min_temp_17 max_temp_6,min_temp_17 avg_temp_9,max_temp_4 avg_temp_16
0,35315.54347826085,715.3018019962328,22386.53057686912,10253.076020849161,2402.1454708024226,-58.12407336915883,9145.13465739295,-282.3782114284617,-16701.604751360577
