,intercept,precip_3 precip_10,precip_5 min_temp_8,precip_7 precip_19,precip_7 min_temp_2,precip_9 min_temp_2,precip_9 min_temp_10,precip_10 max_temp_13,precip_16 max_temp_20,precip_21 min_temp_13,precip_22 min_temp_2,min_temp_0 max_temp_2,min_temp_3 max_temp_12,min_temp_3 avg_temp_8,min_temp_4 max_temp_16,min_temp_4 avg_temp_21,min_temp_5 min_temp_8,min_temp_5 min_temp_17,min_temp_5 min_temp_18,min_temp_5 max_temp_16,min_temp_6 min_temp_18,min_temp_6 max_temp_16,min_temp_8 min_temp_17,min_temp_8 max_temp_21,min_temp_9 min_temp_15,min_temp_20 max_temp_7,max_temp_3 avg_temp_8,max_temp_5 max_temp_15,max_temp_5 avg_temp_8,max_temp_7 max_temp_17,max_temp_7 avg_temp_19,max_temp_9 avg_temp_8,max_temp_14 avg_temp_9,max_temp_16 max_temp_21,avg_temp_3 avg_temp_22,avg_temp_12 avg_temp_23,Agricultural Land Mass^2
0,37587.04347826088,8174.228380493544,-1703.285297152324,-1232.065752792933,-1636.4091549962807,-2010.0886263776388,-8195.11502931078,-15456.67204657761,850.0938383400985,3708.955959216956,-188.05716945635274,3093.3162839053275,-960.0837805885626,4329.891622463982,9189.260663158726,7765.213118806566,3050.200902221563,8792.91272473434,541.9178631270921,7526.765720837225,8362.759883778512,1839.1119163871467,6959.449695599373,1295.5696957577936,6294.1009177109745,-1402.635157843907,-5812.752786882267,-6711.071314087656,-4955.649766452991,-1075.557037188656,-12765.837035692424,-1478.053988821661,-1382.6993452597217,8742.718746128134,-1530.7553359611115,8611.536594741487,-1215.3165005238402
