,intercept,min_temp_4 min_temp_16,min_temp_6 max_temp_16,min_temp_8 min_temp_19,min_temp_16 max_temp_4,min_temp_17 max_temp_6,min_temp_17 avg_temp_9,max_temp_4 avg_temp_16,Agricultural Land Mass^2
0,36104.304347826066,19263.99397709982,4600.433144816605,5198.1505428102455,-5105.147294713283,9617.120262662562,260.71054260001785,-6030.8083931733545,-619.3155271997422
