,intercept,Agricultural Land Mass,precip_2 min_temp_16,precip_5 precip_17,precip_6 precip_17,precip_6 avg_temp_0,precip_7 precip_9,precip_7 precip_21,precip_7 max_temp_1,precip_8 precip_9,precip_8 precip_21,precip_10 avg_temp_1,precip_11 precip_13,precip_11 max_temp_13,precip_12 precip_13,precip_13 precip_18,precip_13 max_temp_1,precip_14 min_temp_14,precip_15 precip_22,precip_15 min_temp_0,precip_15 min_temp_1,precip_15 min_temp_21,precip_19 min_temp_3,precip_19 min_temp_12,precip_20 precip_22,precip_20 min_temp_13,precip_21 avg_temp_0,precip_22 avg_temp_12,precip_23 min_temp_3,precip_23 min_temp_13,min_temp_4 min_temp_9,min_temp_4 max_temp_11,min_temp_5 min_temp_16,min_temp_5 avg_temp_17,min_temp_8 max_temp_4,min_temp_9 min_temp_17,min_temp_13 avg_temp_0,min_temp_14^2,min_temp_16 max_temp_11,min_temp_22^2,min_temp_23 avg_temp_23,max_temp_3^2,max_temp_4 max_temp_20,max_temp_4 max_temp_22,max_temp_18 Agricultural Land Mass,max_temp_22 avg_temp_4,avg_temp_0 avg_temp_11,Agricultural Land Mass^2
0,37925.56521739134,2684.205947947761,1777.0820656284818,-951.9216541652511,-952.0251613603688,-3608.90768340726,-911.2928422656931,-1774.8040432017658,-1685.800944014272,-1665.4981629140707,-245.02490843676878,-1133.925188956781,-3482.0951882622226,-3914.8285783688866,-478.40209187706,-3363.9513827264027,-681.5996998456453,1120.1577196117778,10901.60970896281,-2686.666208076857,-403.6274317284166,2541.888072498416,-867.8948205183457,1654.0137265947656,-10261.246768041492,-3543.472395354493,-309.57188713772587,5758.815677450974,-4655.551349430494,10316.617105362642,3608.2696961216425,5219.113098578538,4383.71867605553,18289.87092366228,160.22227498637605,986.6299435243103,576.4443378557982,4509.134629800668,2743.33840729508,-4576.6484585542485,-1525.133723062214,-4387.705250417016,557.4301604585607,1541.1369126324464,5228.713717238129,1701.55864178153,8057.526801396699,581.4557936190674
