,intercept,Agricultural Land Mass,Agricultural Land Mass^2
0,38092.1304342183,14083670.420524849,-14089302.705122208
