,intercept,precip_5 max_temp_8,min_temp_4 max_temp_21,min_temp_5 max_temp_17,min_temp_6 max_temp_16,min_temp_6 max_temp_18,min_temp_6 avg_temp_17,min_temp_7 max_temp_16,min_temp_8 min_temp_16,min_temp_9 max_temp_12,min_temp_9 max_temp_19,min_temp_16 max_temp_3,min_temp_16 max_temp_4,min_temp_16 max_temp_20,min_temp_16 avg_temp_4,min_temp_18 min_temp_19,min_temp_18 max_temp_2,min_temp_19 avg_temp_7,min_temp_20 avg_temp_21,min_temp_21 max_temp_15,max_temp_4 avg_temp_16,max_temp_18 avg_temp_6,avg_temp_16 avg_temp_18,Agricultural Land Mass^2
0,37474.391304347875,-3731.423877825968,-1758.6396006165444,20620.286089873563,1561.7651837478275,1348.6609183385985,766.9679903007154,-20768.669433576917,9309.279771326397,9171.454041907062,-3626.371003889626,-9499.686692344192,7100.9096210006555,727.3852322329036,9201.679799699788,3192.8097042602158,692.9930452655257,-1048.2039501565364,-4199.8790182365465,5500.9263930977,2467.978516010705,2332.1453351717564,2421.6982186752093,-165.19216080661948
