,intercept,Agricultural Land Mass,min_temp_4 min_temp_16,min_temp_6 min_temp_16,min_temp_6 max_temp_16,min_temp_8 min_temp_19,min_temp_16 max_temp_4,min_temp_17 max_temp_6,min_temp_17 avg_temp_9,max_temp_4 avg_temp_16,avg_temp_4 avg_temp_16
0,32030.21739130426,2499.247271587593,150559.76712611425,101134.31193965109,-56049.00842409643,2938.5859443047552,-259818.55680122154,4564.058427193962,-43.28817119667617,336852.29441180575,-255823.12710268854
