,intercept,Agricultural Land Mass,min_temp_4 min_temp_16,min_temp_6 min_temp_16,min_temp_6 max_temp_16,min_temp_6 avg_temp_16,min_temp_8 min_temp_19,min_temp_16 max_temp_4,min_temp_17 max_temp_6,min_temp_17 avg_temp_9,max_temp_4 avg_temp_16,avg_temp_4 avg_temp_16,Agricultural Land Mass^2
0,35134.456521908425,2978284.202247777,382544.31594780966,1241192.8873564415,1328487.6434644924,-2451275.290828721,2623.4008392736346,-611763.507858685,5660.011140268866,2361.7851019917807,942283.1824419354,-776947.822989213,-2978330.253168072
