,intercept,Agricultural Land Mass,min_temp_4 min_temp_16,min_temp_6 min_temp_16,min_temp_6 max_temp_16,min_temp_6 avg_temp_16,min_temp_8 min_temp_19,min_temp_16 max_temp_4,min_temp_17 max_temp_6,min_temp_17 avg_temp_9,max_temp_4 avg_temp_16,avg_temp_4 avg_temp_16,Agricultural Land Mass^2
0,36169.93478261058,68401.4315514384,192334.217282001,124474.51464697391,49471.26246266367,-145781.61521582757,4353.690668900993,-230480.37622132513,6899.423910778802,9613.883470278077,375576.16652846587,-352666.1108753784,-67259.32076174258
