,intercept,min_temp_7,Agricultural Land Mass,precip_3 precip_10,precip_4 precip_20,precip_5 min_temp_16,precip_9 min_temp_10,precip_10 max_temp_13,precip_12 max_temp_23,precip_16 min_temp_0,precip_16 max_temp_20,precip_21 min_temp_13,precip_22 min_temp_2,precip_22 avg_temp_10,min_temp_3 avg_temp_8,min_temp_3 avg_temp_10,min_temp_4 min_temp_5,min_temp_4 avg_temp_14,min_temp_5 min_temp_15,min_temp_5 min_temp_17,min_temp_5 max_temp_16,min_temp_5 avg_temp_16,min_temp_6 max_temp_16,min_temp_6 max_temp_18,min_temp_8 min_temp_17,min_temp_8 max_temp_21,min_temp_9^2,min_temp_15 min_temp_21,min_temp_18 max_temp_2,max_temp_5 max_temp_15,max_temp_7 avg_temp_19,max_temp_8 max_temp_19,max_temp_9 avg_temp_8,max_temp_16 max_temp_21,max_temp_16 avg_temp_21,avg_temp_3 avg_temp_22,avg_temp_12 avg_temp_23
0,36615.43478260877,-3135.163613700813,897.438048677186,6513.790839305011,3384.179677865602,-6163.331284811679,-4449.752850547625,-8776.538114930863,3.6693997423818745,1630.0543455472896,-1654.3432394549368,3310.999294553437,-1186.4429576240177,-269.1560761179156,1074.0098262106194,-886.933144278279,9285.626216249668,85.70480757483507,5898.393378734463,2370.5796267060373,4264.938237461657,3263.552382905762,11661.970059922021,904.1412557440136,16400.768182250285,2060.8797679115046,678.4763134455127,1459.0749547880855,-866.5430405485611,-4944.332090289018,-8335.813191298417,-5909.830426724567,-324.8458298450751,1695.6439412109075,1171.6123460327271,-3466.959424673848,9459.591472874958
