,intercept,Agricultural Land Mass,min_temp_4 min_temp_16,min_temp_6 min_temp_16,min_temp_6 max_temp_16,min_temp_6 avg_temp_16,min_temp_8 min_temp_19,min_temp_16 max_temp_4,min_temp_17 max_temp_6,min_temp_17 avg_temp_9,max_temp_4 avg_temp_16,avg_temp_4 avg_temp_16,Agricultural Land Mass^2
0,39926.41304355226,2864119.710030511,772202.463133644,819567.5469217397,368131.338439646,-1016203.5649210664,5286.398784954924,-1185790.603323703,9416.707019106372,4469.029675231817,1812595.510010697,-1534729.6798098523,-2862184.224826271
