,intercept,Agricultural Land Mass,precip_5 max_temp_8,min_temp_4 min_temp_16,min_temp_5 max_temp_17,min_temp_6 max_temp_18,min_temp_7 max_temp_16,min_temp_8 min_temp_16,min_temp_8 avg_temp_9,min_temp_9 max_temp_12,min_temp_9 max_temp_19,min_temp_16 max_temp_3,min_temp_16 max_temp_18,min_temp_17 max_temp_6,min_temp_18 min_temp_19,min_temp_18 max_temp_2,max_temp_8 max_temp_19,max_temp_18 avg_temp_6,avg_temp_4 avg_temp_17
0,40564.86956521757,3052.109793810099,-4973.64538582915,5412.978705142333,17322.714365410007,7097.150300472526,-20378.76405889035,14610.228638730716,7084.844601363615,8460.357965132158,-3522.3076443117184,-5758.208934036479,7331.249933733677,-394.9843354668161,5561.035197968204,-2464.9574763568326,-8362.522999197272,927.9371357921376,3998.7103242260973
