,intercept,precip_1 max_temp_13,precip_3 precip_10,precip_5 max_temp_22,precip_7 precip_19,precip_9 min_temp_10,precip_10 max_temp_13,precip_20 max_temp_22,precip_21 min_temp_13,precip_21 min_temp_22,precip_22 avg_temp_10,min_temp_3 max_temp_12,min_temp_3 avg_temp_8,min_temp_4 min_temp_6,min_temp_4 min_temp_16,min_temp_4 avg_temp_14,min_temp_5 min_temp_8,min_temp_5 min_temp_15,min_temp_5 min_temp_18,min_temp_5 max_temp_17,min_temp_5 max_temp_20,min_temp_5 avg_temp_17,min_temp_5 avg_temp_21,min_temp_6^2,min_temp_6 min_temp_8,min_temp_6 min_temp_18,min_temp_7 avg_temp_5,min_temp_9 min_temp_21,min_temp_16 min_temp_21,max_temp_3 max_temp_8,max_temp_5 max_temp_15,max_temp_7 avg_temp_19,avg_temp_12 avg_temp_23
0,35947.71739130433,-799.1770323726723,4949.779589824891,-5298.7249846228915,-3620.9051265599246,-2701.682920046348,-12958.437280929971,907.6596190072491,1300.0205670612602,1322.4783898386827,-1183.467859860323,2976.5727654240413,1364.826209675439,5179.05594406359,7594.358885958025,916.3660580887232,1745.207500560875,1974.766245332852,3996.161854938795,4149.180071878618,2174.743492036328,7877.356577257999,144.64732880586197,971.2226444783288,6122.177588297383,7153.380073561514,-3834.8373064988405,4224.273797377452,8427.776194448048,-11025.223637552483,-3934.1459083293785,-13024.615710932392,4125.294123230378
