,intercept,Agricultural Land Mass,precip_5 max_temp_8,min_temp_4 min_temp_16,min_temp_5 min_temp_16,min_temp_5 min_temp_17,min_temp_5 max_temp_17,min_temp_6 min_temp_8,min_temp_6 min_temp_18,min_temp_6 max_temp_16,min_temp_6 max_temp_19,min_temp_7 max_temp_16,min_temp_9 max_temp_12,min_temp_16 max_temp_3,min_temp_17 avg_temp_9,min_temp_18 max_temp_2,min_temp_19 avg_temp_7,min_temp_20 avg_temp_16,min_temp_20 avg_temp_21,max_temp_8 max_temp_19,max_temp_8 avg_temp_19,max_temp_18 avg_temp_6,avg_temp_4 avg_temp_17
0,36985.21739130444,2231.7041420781375,-4359.302237530411,14237.144313947441,15840.470344012323,7196.130665746204,636.7936690398975,11086.013076175903,2181.0321281955153,3562.3247858559766,250.9495282888833,-18248.722001785864,2894.458568313555,-13627.240556350302,-990.4948747324916,1795.0131876445703,-729.5916808785743,3311.9924568374972,5214.8290397803685,-783.1510473164947,-4095.811826544712,1539.5880347154161,-626.3851864436776
