,intercept,min_temp_4 min_temp_16,min_temp_8 min_temp_19,min_temp_17 max_temp_6,min_temp_17 avg_temp_9,max_temp_4 avg_temp_16
0,39295.63043478264,17740.073718793596,7243.508747019394,9226.664444382757,6032.472930423012,-6858.372836545818
