,intercept,min_temp_16,Agricultural Land Mass,precip_5 max_temp_6,precip_5 max_temp_8,min_temp_4 max_temp_21,min_temp_4 avg_temp_3,min_temp_4 avg_temp_21,min_temp_5 min_temp_16,min_temp_5 min_temp_17,min_temp_6 min_temp_8,min_temp_6 min_temp_16,min_temp_6 min_temp_17,min_temp_6 min_temp_18,min_temp_6 max_temp_18,min_temp_6 avg_temp_6,min_temp_6 avg_temp_16,min_temp_6 avg_temp_17,min_temp_7 max_temp_16,min_temp_8 min_temp_16,min_temp_8 min_temp_19,min_temp_8 avg_temp_5,min_temp_8 avg_temp_9,min_temp_9 min_temp_21,min_temp_9 max_temp_12,min_temp_9 max_temp_19,min_temp_16^2,min_temp_16 min_temp_17,min_temp_16 max_temp_3,min_temp_16 max_temp_5,min_temp_16 max_temp_18,min_temp_16 max_temp_20,min_temp_16 avg_temp_6,min_temp_16 Agricultural Land Mass,min_temp_17 max_temp_6,min_temp_17 max_temp_7,min_temp_17 avg_temp_9,min_temp_18 min_temp_19,min_temp_18 max_temp_2,min_temp_18 max_temp_6,min_temp_19 avg_temp_8,min_temp_20 max_temp_17,min_temp_20 avg_temp_16,min_temp_20 avg_temp_21,min_temp_21 max_temp_15,min_temp_21 avg_temp_3,max_temp_4 avg_temp_16,max_temp_6 max_temp_16,max_temp_8 max_temp_19,max_temp_16 avg_temp_6,max_temp_17 avg_temp_5,max_temp_18 avg_temp_6,avg_temp_4 avg_temp_17,avg_temp_9 avg_temp_21,avg_temp_16 avg_temp_18,Agricultural Land Mass^2
0,34485.93478260823,-12149.730588052267,1388.5164121486944,6724.048930923133,-9134.965928912305,-23729.874140397995,24260.391720899916,-5257.827914430221,-23679.03194282001,67751.4040711241,81742.79899100748,86465.90777719309,-63387.93673809171,-22930.62947972762,-7319.712969508875,-17675.090525455984,21636.949096208788,-3440.3212473028802,-18926.786394162264,54421.10653399797,-45385.820789573634,-35354.46352025372,-13150.00473943532,9999.273313959142,826.1151121656276,-6562.521727236577,15300.647238479338,55082.05972769618,-62399.986734680504,-36759.95080301012,-63549.406016207424,1709.869296520214,48327.64524845197,-33335.18267437154,-36039.92165342051,-2992.696116524194,37202.22946163259,73205.53564998867,1054.7162393607762,-6794.445322526005,-49942.269697188996,-7665.380422115747,-36443.472946886366,44591.28657934482,-29577.248438217266,23445.184871551013,12861.653673087769,2165.9927423967742,3894.773605760087,9372.536811755237,-1096.4933943480555,23904.997263474565,15099.61509949833,-19112.99637263899,-12038.16910974592,404.8254352857556
