,intercept,Agricultural Land Mass,min_temp_4 min_temp_16,min_temp_6 min_temp_16,min_temp_6 max_temp_16,min_temp_6 avg_temp_16,min_temp_8 min_temp_19,min_temp_16 max_temp_4,min_temp_17 max_temp_6,min_temp_17 avg_temp_9,max_temp_4 avg_temp_16,avg_temp_4 avg_temp_16,Agricultural Land Mass^2
0,39149.282608752415,1645654.6619358677,696871.312738681,1455990.652105102,1151370.113954029,-2407300.544527719,8916.714871857448,-1180622.4894378074,8822.501710687111,2801.8626023382985,1724160.666658743,-1384760.1662636437,-1645329.4218754596
