,intercept,Agricultural Land Mass,min_temp_4 min_temp_16,min_temp_6 max_temp_16,min_temp_8 min_temp_19,min_temp_16 max_temp_4,min_temp_17 max_temp_6,max_temp_4 avg_temp_16
0,36983.15217391309,1154.8591850773732,21483.87117862704,9128.284770141003,1865.8208634334264,-504.49411567755,11968.959564437066,-16288.41329273474
