,intercept,Agricultural Land Mass,min_temp_4 min_temp_16,min_temp_6 min_temp_16,min_temp_6 max_temp_16,min_temp_6 avg_temp_16,min_temp_8 min_temp_19,min_temp_16 max_temp_4,min_temp_17 max_temp_6,min_temp_17 avg_temp_9,max_temp_4 avg_temp_16,avg_temp_4 avg_temp_16,Agricultural Land Mass^2
0,39277.97826087178,81026.18758473791,197074.15185219838,141741.58587723374,13447.700389542233,-111990.79921192852,7287.0471866999405,-277909.750908687,10474.98000681025,5700.177287156944,417977.2578769073,-364136.2607078553,-81088.87336367462
