,intercept,Agricultural Land Mass,precip_5 max_temp_8,min_temp_4 min_temp_16,min_temp_4 max_temp_21,min_temp_5 min_temp_16,min_temp_5 min_temp_17,min_temp_5 max_temp_17,min_temp_6 min_temp_18,min_temp_6 avg_temp_18,min_temp_7 max_temp_16,min_temp_8 min_temp_16,min_temp_9 max_temp_12,min_temp_9 max_temp_19,min_temp_16 max_temp_3,min_temp_17 avg_temp_9,min_temp_18 min_temp_19,min_temp_20 max_temp_17,min_temp_21 avg_temp_3,max_temp_4 avg_temp_16,max_temp_8 max_temp_19,avg_temp_6 avg_temp_18,avg_temp_16 avg_temp_18
0,39298.63043478246,1747.61791739822,-6715.357919080778,11151.82006562065,-3546.9627207037975,9480.381434410743,5615.810988231961,10116.704949083623,83.91708400182593,6472.015916301796,-21810.080495012422,15866.410179439737,9909.837893121005,-5529.925166674992,-22675.753551316775,3344.2282829789447,1276.9378070546238,-557.8316546991134,5933.90005412007,12335.125319913495,-8649.317825520171,1723.8818120627766,2987.068220437211
