,intercept,Agricultural Land Mass,min_temp_4 min_temp_16,min_temp_6 min_temp_16,min_temp_6 max_temp_16,min_temp_6 avg_temp_16,min_temp_8 min_temp_19,min_temp_16 max_temp_4,min_temp_17 max_temp_6,min_temp_17 avg_temp_9,max_temp_4 avg_temp_16,avg_temp_4 avg_temp_16,Agricultural Land Mass^2
0,39615.95652190878,4678728.778676327,430831.99024563894,630447.0209649022,368883.33783191966,-892616.0994639224,10608.387921221522,-733164.4450029314,8972.0202268647,3736.4939097544393,1062389.8042550439,-838476.4066205965,-4678911.119263864
