,intercept,Agricultural Land Mass,precip_5 max_temp_8,min_temp_4 min_temp_16,min_temp_5 min_temp_17,min_temp_5 max_temp_17,min_temp_6 max_temp_18,min_temp_6 avg_temp_6,min_temp_7 max_temp_16,min_temp_8 min_temp_16,min_temp_9 max_temp_12,min_temp_16 min_temp_17,min_temp_16 max_temp_3,min_temp_17 max_temp_6,min_temp_18 max_temp_2,min_temp_19 avg_temp_7,min_temp_20 avg_temp_21,min_temp_21 avg_temp_3,max_temp_8 max_temp_19,max_temp_17 avg_temp_5,avg_temp_4 avg_temp_17,avg_temp_16 avg_temp_18
0,37397.58695652181,1548.6193332356904,-5970.542934834482,21180.61780938172,13804.160257067273,21350.3114820038,15576.30731987137,-5081.168489017379,-3261.622003264859,5328.429261320927,5745.558934667868,5299.526937623387,-21695.962789432742,-6752.092095963137,-2827.8803530756454,-7224.6606925928345,1738.7130230683929,3808.7372558257293,-4575.091274040285,-17000.339447859584,-1526.8597792939938,5506.276375896752
