,intercept,Agricultural Land Mass,Agricultural Land Mass^2
0,37680.30434830914,12984657.482500935,-12989632.535405902
