,intercept,Agricultural Land Mass,precip_5 max_temp_8,min_temp_4 min_temp_16,min_temp_5 min_temp_16,min_temp_5 min_temp_17,min_temp_5 max_temp_17,min_temp_6 min_temp_8,min_temp_7 max_temp_16,min_temp_8 min_temp_16,min_temp_9 max_temp_12,min_temp_9 max_temp_18,min_temp_16 max_temp_3,min_temp_18 max_temp_2,min_temp_19 avg_temp_7,min_temp_20 avg_temp_21,max_temp_7 avg_temp_18,max_temp_8 max_temp_19,max_temp_17 avg_temp_5,max_temp_18 avg_temp_6
0,35278.80434782615,1454.4080979662056,-1763.205493974159,11754.97401473553,5598.48565492711,10119.40778957719,2649.166275855104,1996.7705630836692,-2909.4575395212883,10838.679618392676,1299.9634787831883,2484.194830178705,-14343.339876173311,-34.2904570837954,-4973.004118939469,4057.9165539542337,-1650.344388432254,-1202.2911864022506,-1564.7164214286056,2139.598942195914
