,intercept,Agricultural Land Mass,precip_5^2,min_temp_4 max_temp_21,min_temp_5 min_temp_17,min_temp_5 max_temp_17,min_temp_6 max_temp_19,min_temp_6 avg_temp_18,min_temp_7 max_temp_16,min_temp_8 avg_temp_9,min_temp_9 max_temp_12,min_temp_9 max_temp_19,min_temp_16 max_temp_3,min_temp_16 avg_temp_4,min_temp_17 avg_temp_9,min_temp_18 min_temp_19,min_temp_20 max_temp_17,min_temp_21 avg_temp_3,max_temp_7 avg_temp_18,max_temp_8 max_temp_19,max_temp_18 avg_temp_6,avg_temp_6 avg_temp_18
0,39051.71739130434,662.1917811937936,-2001.5848554311735,-8756.243111733324,5778.59835398853,11324.278493658552,-3794.8140153323457,2271.39013152855,-17111.376748750157,17656.67964534375,8926.3676796705,-13295.67560648358,-11393.84162264228,26966.748553818557,7.75457349703815,8715.825075508674,-1466.1361475802212,5592.344542072812,155.50322406869108,-10261.837142341186,4954.969839195684,2127.3719203488536
