,intercept,Agricultural Land Mass,min_temp_4 min_temp_16,min_temp_6 min_temp_16,min_temp_6 max_temp_16,min_temp_6 avg_temp_16,min_temp_8 min_temp_19,min_temp_16 max_temp_4,min_temp_17 max_temp_6,min_temp_17 avg_temp_9,max_temp_4 avg_temp_16,avg_temp_4 avg_temp_16,Agricultural Land Mass^2
0,38828.49999991532,2114076.8287897226,751169.5523308436,1399789.0176110147,1280031.954214087,-2512977.7695407276,10884.563783210762,-1094221.3755918534,8110.199319683365,2122.2097462931447,1758046.7289134397,-1518229.8426863288,-2108529.870128708
