,intercept,Agricultural Land Mass,min_temp_4 min_temp_16,min_temp_8 min_temp_19,min_temp_16 max_temp_4,min_temp_17 max_temp_6,min_temp_17 avg_temp_9,max_temp_4 avg_temp_16
0,38335.78260869569,655.4756591915537,18346.640948009597,9609.909209564037,-6124.499760552933,10487.249377778267,5398.095962472281,-5120.06210415096
