,intercept,precip_5 max_temp_4,precip_5 max_temp_21,precip_7 precip_19,precip_9 min_temp_10,precip_10 max_temp_13,precip_12 max_temp_23,precip_16 avg_temp_5,precip_20 max_temp_22,precip_21 min_temp_13,min_temp_0 min_temp_2,min_temp_0 max_temp_2,min_temp_2 min_temp_12,min_temp_3 max_temp_12,min_temp_3 avg_temp_8,min_temp_3 avg_temp_10,min_temp_4 min_temp_21,min_temp_4 max_temp_16,min_temp_5 min_temp_15,min_temp_5 min_temp_17,min_temp_5 min_temp_18,min_temp_5 max_temp_16,min_temp_5 max_temp_20,min_temp_6 max_temp_18,min_temp_7 avg_temp_5,min_temp_7 avg_temp_19,min_temp_8 max_temp_20,min_temp_8 max_temp_21,min_temp_9 min_temp_15,max_temp_3 avg_temp_8,max_temp_5 max_temp_15,max_temp_7 avg_temp_19,max_temp_8 max_temp_19,avg_temp_3 avg_temp_22,avg_temp_7 avg_temp_19,avg_temp_12 avg_temp_23,avg_temp_18^2
0,36072.173913043465,-6196.54175884046,-536.3356375642726,-3263.7984897183137,-4191.726808084756,-7073.967586053261,2025.1733594600375,-6.483213774443913,-1179.0001661501083,-16.184777625600123,3056.431789803302,6.862992507470746,-649.3097012610419,2737.335395361627,4512.195977723753,-236.3335725704274,2575.9896717707466,15960.891285956093,978.7413935966558,6604.812504802153,618.5928419738285,9216.303071787059,5665.562298431508,10473.693314194908,-3347.7181496356147,-5770.989110060043,706.5923728202437,10915.21912630856,1982.5742727052475,-15757.785158277595,-6542.691045536123,-1101.2617324708567,-3148.331709447344,-121.57229473285442,-1944.7343657451347,6369.370306709838,2090.8401042369414
