,intercept,precip_5^2,precip_5 max_temp_8,min_temp_4 min_temp_16,min_temp_4 max_temp_21,min_temp_5 max_temp_17,min_temp_6 max_temp_18,min_temp_6 avg_temp_18,min_temp_7 max_temp_16,min_temp_8 avg_temp_5,min_temp_9 max_temp_12,min_temp_9 max_temp_19,min_temp_16 max_temp_3,min_temp_17 max_temp_6,min_temp_18 min_temp_19,min_temp_18 max_temp_2,min_temp_19 avg_temp_7,min_temp_20 max_temp_17,min_temp_21 avg_temp_3,max_temp_4 avg_temp_16,max_temp_7 avg_temp_18,max_temp_8 max_temp_19,avg_temp_16 avg_temp_18,Agricultural Land Mass^2
0,38832.71739130434,-287.0682845718339,-4775.159151924382,20730.586383016325,-5864.425666124218,16113.04964312384,310.0308043003923,10078.43605522867,-18400.269107944594,4176.400475393322,8517.595264478505,-3680.213892830303,-6145.918888650136,-400.14370492553724,8657.421014082634,-2083.7554767365828,-5726.087700815745,-3771.326773338272,2699.4494980653863,106.84088563197102,1235.77685751547,-919.6283263112957,10365.649759167121,-734.0875628717434
