,intercept,Agricultural Land Mass,precip_5 max_temp_8,min_temp_4 min_temp_16,min_temp_4 avg_temp_21,min_temp_5 min_temp_16,min_temp_5 min_temp_17,min_temp_5 max_temp_17,min_temp_6 min_temp_8,min_temp_6 max_temp_16,min_temp_7 max_temp_16,min_temp_7 avg_temp_16,min_temp_9 max_temp_12,min_temp_9 max_temp_19,min_temp_16 max_temp_3,min_temp_17 max_temp_6,min_temp_18 max_temp_2,min_temp_19 avg_temp_7,min_temp_20 avg_temp_21,min_temp_21 avg_temp_3,max_temp_8 max_temp_19,avg_temp_4 avg_temp_17,avg_temp_9 avg_temp_21,avg_temp_16 avg_temp_18
0,38299.413043478475,4245.24525926769,-2973.9845598272386,18545.92218391122,1805.7466857428997,7923.680417009979,14749.098679866838,2030.8352341222417,10201.348225050902,1795.9169013251872,-4913.622099703766,-1877.9896789312097,6290.984913574625,-565.7361922459395,-24682.216994723265,-5923.057098877533,-4272.567073940888,-4666.465564761277,5816.0150061792465,3077.2869032176386,-9552.1545348932,-2290.51116587418,2751.9589949404153,14110.974204166328
