,intercept,Agricultural Land Mass,precip_5 max_temp_8,min_temp_4 min_temp_16,min_temp_5 min_temp_16,min_temp_5 min_temp_17,min_temp_6 max_temp_16,min_temp_6 max_temp_18,min_temp_7 min_temp_16,min_temp_7 avg_temp_16,min_temp_8 min_temp_16,min_temp_9 max_temp_12,min_temp_9 max_temp_19,min_temp_16 max_temp_3,min_temp_17 max_temp_6,min_temp_18 max_temp_2,min_temp_19 avg_temp_7,min_temp_20 avg_temp_21,min_temp_21 avg_temp_3,max_temp_4 avg_temp_16,max_temp_8 max_temp_19,max_temp_17 avg_temp_5,avg_temp_16 avg_temp_18
0,36751.04347826099,1645.0209770844663,-4481.622899689757,12311.2715227002,7338.928615742946,14269.397700847452,4129.638545012145,3954.813298216804,-4769.352495650608,-10360.450375018016,18210.70726923689,7675.622733246807,-1592.5308424072298,-19150.13155642805,-2939.258106800572,-1067.0690665413085,-3656.7938161909515,6371.003727171318,2495.059506947916,2179.098709609385,-8855.481513693345,-656.2953673865825,4555.690102248672
