,intercept,Agricultural Land Mass,min_temp_4 min_temp_16,min_temp_6 min_temp_16,min_temp_6 max_temp_16,min_temp_6 avg_temp_16,min_temp_8 min_temp_19,min_temp_16 max_temp_4,min_temp_17 max_temp_6,min_temp_17 avg_temp_9,max_temp_4 avg_temp_16,avg_temp_4 avg_temp_16,Agricultural Land Mass^2
0,36433.326086954556,64191.14617728363,196167.98714921638,112890.02999620361,20391.40784122025,-103545.80342099065,7184.693180618328,-247557.77404453908,7807.659602157274,8035.769391922252,395679.17687091004,-362112.3984623463,-62843.19818942785
