,intercept,Agricultural Land Mass,min_temp_4 min_temp_16,min_temp_6 min_temp_16,min_temp_6 max_temp_16,min_temp_6 avg_temp_16,min_temp_8 min_temp_19,min_temp_16 max_temp_4,min_temp_17 max_temp_6,min_temp_17 avg_temp_9,max_temp_4 avg_temp_16,avg_temp_4 avg_temp_16,Agricultural Land Mass^2
0,38359.804347879726,2918809.776858094,823075.6022234646,1079866.4381178862,840125.9650173051,-1764620.2823028893,5828.930610352499,-1164452.83363531,7918.914722559989,5256.014434286342,1931517.5433838388,-1692268.2114774906,-2917774.321905126
