,intercept,Agricultural Land Mass,precip_5^2,precip_5 max_temp_8,min_temp_4 min_temp_16,min_temp_5 min_temp_17,min_temp_5 max_temp_17,min_temp_6 min_temp_16,min_temp_6 max_temp_18,min_temp_6 avg_temp_18,min_temp_7 max_temp_16,min_temp_8 min_temp_16,min_temp_9 max_temp_12,min_temp_9 max_temp_19,min_temp_16 max_temp_3,min_temp_16 avg_temp_4,min_temp_17 avg_temp_9,min_temp_18 min_temp_19,min_temp_18 max_temp_2,min_temp_19 avg_temp_7,min_temp_20 avg_temp_21,min_temp_21 avg_temp_3,max_temp_7 avg_temp_18,max_temp_8 max_temp_19
0,39408.10869565236,2982.1824938239197,-1829.652242605931,-833.4158177868272,8979.472728512801,2079.1865821481206,12702.135796040471,2910.446133199761,1337.267605913774,10087.778492953645,-15537.402738519137,18844.59356849702,4204.230062264434,-3765.2961524020757,-14454.650413120024,6487.544175499234,8944.257133804378,7829.189402429207,-1141.0736412972717,-469.40826893638854,-4178.537826666589,-594.1328447662403,-1541.8217547926274,-8503.540898227964
