,intercept,min_temp_16,precip_5^2,precip_5 max_temp_6,min_temp_4 min_temp_16,min_temp_4 max_temp_21,min_temp_4 avg_temp_3,min_temp_4 avg_temp_21,min_temp_5 min_temp_17,min_temp_5 max_temp_17,min_temp_6 max_temp_18,min_temp_6 max_temp_19,min_temp_6 avg_temp_6,min_temp_6 avg_temp_17,min_temp_7 min_temp_16,min_temp_7 max_temp_16,min_temp_7 avg_temp_16,min_temp_8 min_temp_16,min_temp_8 min_temp_19,min_temp_8 avg_temp_5,min_temp_9 min_temp_21,min_temp_9 max_temp_12,min_temp_9 max_temp_18,min_temp_9 max_temp_19,min_temp_16 min_temp_17,min_temp_16 max_temp_3,min_temp_16 max_temp_4,min_temp_16 max_temp_20,min_temp_16 max_temp_21,min_temp_16 avg_temp_6,min_temp_16 Agricultural Land Mass,min_temp_17 avg_temp_6,min_temp_17 avg_temp_9,min_temp_18 min_temp_19,min_temp_18 max_temp_2,min_temp_18 max_temp_6,min_temp_19 avg_temp_7,min_temp_20 max_temp_17,min_temp_20 avg_temp_21,min_temp_21 max_temp_15,max_temp_4 avg_temp_16,max_temp_8 max_temp_19,max_temp_17 avg_temp_5,max_temp_18 avg_temp_6,avg_temp_9 avg_temp_21,Agricultural Land Mass^2
0,39162.15217391359,-42832.4305713892,-39217.113546177374,33020.46702402409,35062.90438121289,-170748.1560701152,134637.91787148203,49530.790600297296,3439.386856759099,24227.745990758696,2604.228687392865,-8912.3526909359,28763.694316494704,-35842.221755276645,21079.04378130906,522.963897325642,6514.963803286337,68492.4899948451,23593.847635935952,-52807.190111268326,-30936.558355488603,8537.834554050693,64183.06285008385,-51463.204902013014,41680.93437575007,-165561.32090095044,37523.86310845595,58204.30927180827,112359.02897563776,-10853.280539607373,-129933.26231031088,-12598.306541708984,23795.143758515344,58958.15749235607,-6838.878901193075,-27716.830046487896,-42248.58059076492,-36824.55756400658,17297.486456302733,-81.27534388271845,6586.221139118275,-9707.68689475991,14429.618069441109,8646.188908699918,1970.6346920065957,5186.731362782643
