,intercept,Agricultural Land Mass,min_temp_4 min_temp_16,min_temp_6 min_temp_16,min_temp_6 max_temp_16,min_temp_6 avg_temp_16,min_temp_8 min_temp_19,min_temp_16 max_temp_4,min_temp_17 max_temp_6,min_temp_17 avg_temp_9,max_temp_4 avg_temp_16,avg_temp_4 avg_temp_16,Agricultural Land Mass^2
0,36792.30434798827,4065575.5694479053,174672.57677946912,852209.9073621882,980785.4952048273,-1768339.7294306837,7201.497550524546,-303759.88882500946,10276.344683565212,3287.81629164827,427604.28940701525,-325257.96838745923,-4066367.454035017
