,intercept,min_temp_16,Agricultural Land Mass,precip_5^2,precip_5 max_temp_6,min_temp_4 min_temp_16,min_temp_4 min_temp_17,min_temp_4 max_temp_21,min_temp_4 avg_temp_3,min_temp_4 avg_temp_17,min_temp_4 avg_temp_21,min_temp_5 min_temp_17,min_temp_6 min_temp_8,min_temp_6 min_temp_16,min_temp_6 min_temp_18,min_temp_6 min_temp_19,min_temp_6 max_temp_16,min_temp_6 max_temp_18,min_temp_6 avg_temp_6,min_temp_6 avg_temp_18,min_temp_7 max_temp_16,min_temp_8 min_temp_16,min_temp_8 min_temp_19,min_temp_8 avg_temp_9,min_temp_9 min_temp_21,min_temp_9 max_temp_12,min_temp_9 max_temp_19,min_temp_16^2,min_temp_16 min_temp_17,min_temp_16 max_temp_3,min_temp_16 max_temp_20,min_temp_16 avg_temp_7,min_temp_16 Agricultural Land Mass,min_temp_17 min_temp_18,min_temp_17 max_temp_6,min_temp_17 avg_temp_9,min_temp_18 min_temp_19,min_temp_18 max_temp_2,min_temp_18 max_temp_6,min_temp_19 avg_temp_7,min_temp_19 avg_temp_8,min_temp_20 max_temp_17,min_temp_20 avg_temp_21,min_temp_21 max_temp_15,min_temp_21 avg_temp_3,max_temp_4 avg_temp_16,max_temp_7 max_temp_16,max_temp_8 avg_temp_19,max_temp_17 avg_temp_5,max_temp_18 avg_temp_6,avg_temp_9 avg_temp_21,Agricultural Land Mass^2
0,35821.89130434795,-49048.04157690022,1860.5185667273133,17787.861973911255,-19651.166702966,81107.2905490202,-60327.81421343577,-114722.86218034933,77556.22529107294,-755.6812382506965,61480.91108432157,3316.691728221028,75646.53249287697,43923.43574359926,-21788.222090657648,-9728.545299146765,-1433.3196495375803,-4988.396835569916,-4308.092646139365,-7210.72287998372,62.04961188874015,145842.53621809778,-113716.60920489502,-41285.71249236558,-3038.0859993678323,-3857.2993114755004,8814.242355442175,-120284.16092520449,153383.72265899484,-103119.7414842207,13530.570527564923,-19823.49593445234,-46034.54713151782,-11390.356084598543,-24669.876847124007,20124.101360674915,95331.56123445551,-6192.667236101218,-23735.581259115836,1336.6455791056244,-27858.45560081456,-43207.415200890726,44112.51612306613,-26537.69322852331,-17326.80178860242,10121.630263708103,-3674.6373368953145,-2630.594680406657,3142.8461129383863,28531.453657900827,40377.85855749745,593.131946304257
