,intercept,Agricultural Land Mass,min_temp_4 min_temp_16,min_temp_6 min_temp_16,min_temp_6 max_temp_16,min_temp_6 avg_temp_16,min_temp_8 min_temp_19,min_temp_16 max_temp_4,min_temp_17 max_temp_6,min_temp_17 avg_temp_9,max_temp_4 avg_temp_16,avg_temp_4 avg_temp_16,Agricultural Land Mass^2
0,37612.63043476705,521473.381036032,723304.3304844454,1075829.6152541165,972128.6274129187,-1918773.743198053,11729.62017163938,-955908.4678474836,11105.378727592743,1182.1441714136663,1603752.8596989573,-1453934.4753410413,-518061.4406594221
