,intercept,Agricultural Land Mass,min_temp_4 min_temp_16,min_temp_6 min_temp_16,min_temp_6 max_temp_16,min_temp_6 avg_temp_16,min_temp_8 min_temp_19,min_temp_16 max_temp_4,min_temp_17 max_temp_6,min_temp_17 avg_temp_9,max_temp_4 avg_temp_16,avg_temp_4 avg_temp_16,Agricultural Land Mass^2
0,38227.60869577274,4052350.7142102853,301916.6444234264,1433454.3073204271,1556913.8754241292,-2868031.185542476,3313.7084267945093,-543441.6221221486,8227.640557075056,6851.280030062625,758405.5711195956,-584818.9932365591,-4052753.2942369287
