,intercept,Agricultural Land Mass,precip_5 max_temp_8,min_temp_4 min_temp_16,min_temp_5 min_temp_16,min_temp_5 max_temp_17,min_temp_6 min_temp_8,min_temp_6 min_temp_18,min_temp_6 avg_temp_17,min_temp_6 avg_temp_18,min_temp_7 max_temp_16,min_temp_8 min_temp_16,min_temp_9 max_temp_12,min_temp_9 max_temp_18,min_temp_16 min_temp_17,min_temp_16 max_temp_3,min_temp_18 max_temp_2,min_temp_19 avg_temp_7,min_temp_20 avg_temp_21,max_temp_8 max_temp_19
0,37978.82608695664,2286.6893419055177,-3441.3039889485253,13556.007439575164,5392.946560789116,10211.686311908044,1955.6781904506593,3040.4692965346185,827.2375946798749,4126.754109186403,-8985.32810671345,11547.757126811774,4209.802453954578,-403.07096499441195,3058.328695515211,-13908.258865916107,-199.72208437231617,-3556.0410585992927,4788.621648064045,-6731.7567251683195
