,intercept,Agricultural Land Mass,min_temp_4 min_temp_16,min_temp_6 min_temp_16,min_temp_6 max_temp_16,min_temp_6 avg_temp_16,min_temp_8 min_temp_19,min_temp_16 max_temp_4,min_temp_17 max_temp_6,min_temp_17 avg_temp_9,max_temp_4 avg_temp_16,avg_temp_4 avg_temp_16,Agricultural Land Mass^2
0,41718.10869565557,64243.568777146094,178995.22546608123,211829.15252146134,-46001.42088094771,-89142.29992641651,5156.25064582567,-395496.0001485927,11347.007110668012,4744.351846351038,448870.7565314397,-293645.20604462776,-63773.40780071241
