,intercept,Agricultural Land Mass,min_temp_4 min_temp_16,min_temp_8 min_temp_19,min_temp_17 max_temp_6,min_temp_17 avg_temp_9,max_temp_4 avg_temp_16
0,38436.95652173914,269.1869944790667,19478.84191391694,8463.704100350587,8651.427972321393,9598.687703063018,-13825.81624281471
