,intercept,Agricultural Land Mass,min_temp_4 min_temp_16,min_temp_6 avg_temp_16,min_temp_8 min_temp_19,min_temp_17 max_temp_6,min_temp_17 avg_temp_9,max_temp_4 avg_temp_16
0,38045.456521739194,691.2572500371049,13537.813947037006,9697.21038182049,4466.487718615652,8102.857846918581,3447.596080210113,-10734.83535367381
