,intercept,Agricultural Land Mass,min_temp_4 min_temp_16,min_temp_6 max_temp_16,min_temp_8 min_temp_19,min_temp_17 max_temp_6,min_temp_17 avg_temp_9,max_temp_4 avg_temp_16
0,40559.195652173956,915.8239096350712,19848.38163032332,227.2620547937919,6450.500230341953,11856.306563426253,6217.329128678456,-11455.631815205474
