,intercept,Agricultural Land Mass,min_temp_4 min_temp_16,min_temp_6 min_temp_16,min_temp_6 max_temp_16,min_temp_6 avg_temp_16,min_temp_8 min_temp_19,min_temp_16 max_temp_4,min_temp_17 max_temp_6,min_temp_17 avg_temp_9,max_temp_4 avg_temp_16,avg_temp_4 avg_temp_16,Agricultural Land Mass^2
0,39207.739130452996,1322297.3607423557,711397.0037277783,778851.9012213286,473655.8499915716,-1121063.063935898,11564.149901098426,-985117.0091859326,9355.982333677459,3231.982082264245,1589103.1766958018,-1416297.812132987,-1319965.5699709055
