,intercept,Agricultural Land Mass,min_temp_4 min_temp_16,min_temp_6 min_temp_16,min_temp_6 max_temp_16,min_temp_6 avg_temp_16,min_temp_8 min_temp_19,min_temp_16 max_temp_4,min_temp_17 max_temp_6,min_temp_17 avg_temp_9,max_temp_4 avg_temp_16,avg_temp_4 avg_temp_16,Agricultural Land Mass^2
0,39641.00000007868,2363963.882955836,692499.2543712625,844227.9079485576,681304.6712760142,-1411889.3611771562,10988.737332202263,-883430.4179611956,8096.522792677982,3899.833028657804,1466771.1552376498,-1359591.1827177156,-2361357.4159738137
