,intercept,Agricultural Land Mass,precip_5^2,precip_5 max_temp_18,min_temp_4 min_temp_16,min_temp_5 min_temp_17,min_temp_5 max_temp_17,min_temp_6 max_temp_18,min_temp_6 max_temp_19,min_temp_6 avg_temp_18,min_temp_7 max_temp_16,min_temp_8 min_temp_16,min_temp_9 max_temp_12,min_temp_9 max_temp_19,min_temp_16 max_temp_3,min_temp_16 max_temp_20,min_temp_17 avg_temp_9,min_temp_18 min_temp_19,min_temp_18 max_temp_2,min_temp_20 max_temp_17,min_temp_20 avg_temp_21,min_temp_21 max_temp_15,max_temp_8 max_temp_19,max_temp_18 avg_temp_6
0,40428.58695652192,3874.659394613317,1233.3558745913838,-5484.388880038576,11609.383521343221,617.9927256170873,19548.330338143172,8611.71129225687,-6328.706767406127,2565.637766169583,-10647.605744174767,10095.696792780236,7385.061275124948,-7691.51228519799,-16362.181077625364,11705.533584603916,3811.5378754624644,8532.810452667612,1831.1848980376953,-125.29242724509312,-8738.266221826962,2649.295072015862,-4106.423731206726,1428.8127625829222
