,intercept,Agricultural Land Mass,min_temp_4 min_temp_16,min_temp_6 min_temp_16,min_temp_6 max_temp_16,min_temp_6 avg_temp_16,min_temp_8 min_temp_19,min_temp_16 max_temp_4,min_temp_17 max_temp_6,min_temp_17 avg_temp_9,max_temp_4 avg_temp_16,avg_temp_4 avg_temp_16,Agricultural Land Mass^2
0,38649.06521755341,2368057.696656225,683304.3617776663,595321.2076641602,307651.27348581096,-793975.9035157186,12055.422734952372,-902458.8401221964,7436.678375205341,3206.318523700925,1523033.5275465336,-1379616.1444799427,-2367103.053744461
