,intercept,Agricultural Land Mass,min_temp_4 min_temp_16,min_temp_6 min_temp_16,min_temp_6 max_temp_16,min_temp_6 avg_temp_16,min_temp_8 min_temp_19,min_temp_16 max_temp_4,min_temp_17 max_temp_6,min_temp_17 avg_temp_9,max_temp_4 avg_temp_16,avg_temp_4 avg_temp_16,Agricultural Land Mass^2
0,39457.956521817774,2590141.30141542,822804.6502188231,792046.9267098093,537181.5594637636,-1205004.289254041,10479.007022028558,-1068554.576058559,8019.627600431613,3838.5830574440824,1838745.7473690936,-1677936.6507806156,-2587230.0809049886
