,intercept,Agricultural Land Mass,Agricultural Land Mass^2
0,35430.84782654403,10567903.686275821,-10571791.774563422
