,intercept,precip_5 precip_16,precip_5 precip_22,precip_7 max_temp_1,precip_7 avg_temp_1,precip_8 precip_16,precip_8 precip_22,precip_10 precip_21,precip_10 max_temp_13,precip_11 max_temp_13,precip_11 avg_temp_0,precip_12 precip_13,precip_12 min_temp_14,precip_12 max_temp_13,precip_14 max_temp_1,precip_15 min_temp_0,precip_15 avg_temp_22,precip_18 avg_temp_0,precip_19 precip_22,precip_20 min_temp_12,precip_21 min_temp_14,precip_22 precip_23,precip_23 min_temp_13,min_temp_2 min_temp_10,min_temp_2 min_temp_23,min_temp_3 max_temp_13,min_temp_4 min_temp_8,min_temp_5 min_temp_8,min_temp_5 min_temp_17,min_temp_5 avg_temp_17,min_temp_6 avg_temp_17,min_temp_7 max_temp_10,min_temp_8 min_temp_16,min_temp_8 min_temp_17,min_temp_11 avg_temp_11,min_temp_12 max_temp_12,min_temp_19 max_temp_10,min_temp_21 max_temp_0,min_temp_23 avg_temp_23,max_temp_0 avg_temp_11,avg_temp_0^2,avg_temp_0 avg_temp_11,avg_temp_7 avg_temp_19
0,33274.15217391308,-2441.2866131631936,-279.7587672489532,-1844.0947522986596,-112.02164409194333,-2095.243087595305,-2209.562258313389,-144.67223162616352,-2873.623882479262,-970.9922596538139,-1830.2232898114833,-1124.6979106121667,-155.98361538788652,-506.7363212606772,-352.1718015797382,-1360.1658691575997,1988.5695304799367,-622.5999884175108,-5951.393300723453,-1231.3635882653114,2360.9229139729955,-571.5074972905883,5770.827754583366,-1008.953354277368,-4368.8461053550745,-3908.189238738736,6100.3419769992815,3823.947289661666,366.14357688137665,11839.61774567857,2062.4069244028883,-3259.1856884852277,1668.5896011779496,4111.1330686724195,1991.0636835940102,-261.9935381929933,-2101.048563529385,2.2450732657537666,-2490.8806117793365,2020.2948648196243,3656.691477188918,5812.758642369965,-845.006163278432
