,intercept,Agricultural Land Mass,min_temp_4 min_temp_16,min_temp_6 max_temp_16,min_temp_8 min_temp_19,min_temp_17 max_temp_6,max_temp_4 avg_temp_16
0,38071.695652174,150.02085920455377,16478.51509801854,7661.437227838846,6312.710187608034,10152.152370586793,-12140.918157631628
