,intercept,precip_1 max_temp_13,precip_3 precip_10,precip_5 max_temp_9,precip_5 max_temp_22,precip_7 precip_19,precip_9 min_temp_2,precip_9 min_temp_10,precip_13 min_temp_2,precip_21 min_temp_13,precip_21 min_temp_22,precip_22 min_temp_9,min_temp_0 max_temp_2,min_temp_2 min_temp_12,min_temp_3 max_temp_12,min_temp_3 avg_temp_8,min_temp_3 avg_temp_10,min_temp_4 avg_temp_14,min_temp_5 max_temp_4,min_temp_5 max_temp_17,min_temp_6 max_temp_18,min_temp_7 min_temp_20,min_temp_7 avg_temp_6,min_temp_9 max_temp_12,min_temp_16 max_temp_18,min_temp_17 max_temp_7,min_temp_18 max_temp_2,min_temp_18 max_temp_15,min_temp_19 avg_temp_18,min_temp_21 avg_temp_9,max_temp_3 avg_temp_8,max_temp_8 max_temp_19,max_temp_18 avg_temp_6,max_temp_18 avg_temp_17,avg_temp_3 avg_temp_22,avg_temp_12 avg_temp_23,avg_temp_18^2,Agricultural Land Mass^2
0,35906.8043478262,-3147.764392016724,-3395.701059475826,782.742653265066,4421.875208025647,-3163.4334526573816,-691.2468102394662,-1935.354824062807,-3448.5525352851414,-1686.335401723883,4649.85885412576,7097.697141727436,-728.070804283376,-9929.661037593329,12131.886888741295,-2568.6461689650455,3876.214656149408,9070.456247081933,1453.8570763563441,21601.52346872394,909.602487568094,-8847.913291094525,-1313.800899150845,385.6762531734775,2854.652326286803,-3069.7911264858762,-5339.991421486543,-2254.0241723224094,1258.6594908881675,4248.831111833544,-5278.65884078849,-2679.7576053936164,622.2197326054693,8624.850972879043,-10385.638565357513,4488.52111657366,2893.1471453458003,3238.3686027582253
