,intercept,Agricultural Land Mass,Agricultural Land Mass^2
0,40374.304348497695,14578233.678332658,-14585704.850536637
