,intercept,Agricultural Land Mass,min_temp_4 min_temp_16,min_temp_6 min_temp_16,min_temp_6 max_temp_16,min_temp_6 avg_temp_16,min_temp_8 min_temp_19,min_temp_16 max_temp_4,min_temp_17 max_temp_6,min_temp_17 avg_temp_9,max_temp_4 avg_temp_16,avg_temp_4 avg_temp_16,Agricultural Land Mass^2
0,36915.91304351479,3492863.6736725383,341734.01371203637,1089693.92314401,1162148.4493527887,-2157082.9309207615,4857.268399856843,-498678.00793426664,6561.098748508162,8354.399766325983,792727.8427533373,-683175.1796299072,-3492288.2696376066
