,intercept,Agricultural Land Mass,Agricultural Land Mass^2
0,36737.95652169155,10767710.549015416,-10770965.520449571
