,intercept,Agricultural Land Mass,precip_5 max_temp_8,min_temp_4 min_temp_16,min_temp_5 min_temp_17,min_temp_6 max_temp_18,min_temp_7 max_temp_16,min_temp_8 min_temp_16,min_temp_9 max_temp_12,min_temp_16 max_temp_3,min_temp_17 avg_temp_9,min_temp_18 min_temp_19,min_temp_18 max_temp_2,min_temp_19 avg_temp_7,min_temp_20 avg_temp_16,min_temp_20 avg_temp_21,max_temp_8 max_temp_19
0,38568.67391304354,1825.9814358238082,-2796.4787775823756,9890.258559719141,15290.712786378108,5436.366491132267,-4922.267444131801,18710.11074706354,6164.597013800018,-13670.59370642661,-2710.3918087591233,3603.486226076137,287.1112751825523,-6123.031154735574,1492.155071614994,4062.192825151517,-7527.250938379474
