,intercept,Agricultural Land Mass,min_temp_4 min_temp_16,min_temp_6 min_temp_16,min_temp_6 max_temp_16,min_temp_6 avg_temp_16,min_temp_8 min_temp_19,min_temp_16 max_temp_4,min_temp_17 max_temp_6,min_temp_17 avg_temp_9,max_temp_4 avg_temp_16,avg_temp_4 avg_temp_16,Agricultural Land Mass^2
0,37013.82608715973,3271324.916617591,785551.9933766141,895310.7122867592,591304.5615573833,-1341400.958183926,6964.361350113509,-1090184.4272916676,7672.431088434409,964.2797060696857,1766689.6229169518,-1566893.5922962006,-3269903.5158619066
