,intercept,Agricultural Land Mass,min_temp_4 min_temp_16,min_temp_6 min_temp_16,min_temp_6 max_temp_16,min_temp_6 avg_temp_16,min_temp_8 min_temp_19,min_temp_16 max_temp_4,min_temp_17 max_temp_6,min_temp_17 avg_temp_9,max_temp_4 avg_temp_16,avg_temp_4 avg_temp_16,Agricultural Land Mass^2
0,38739.45652181856,4134441.5412151725,471348.85825366725,893096.4810785524,862769.693271763,-1656818.7779986444,9272.88675774404,-654826.3403165858,10611.400839396269,1800.6573001989666,1061616.9348688493,-932534.7730413688,-4131470.257978945
