,intercept,Agricultural Land Mass,precip_5 max_temp_6,min_temp_4 min_temp_16,min_temp_4 max_temp_21,min_temp_5 min_temp_16,min_temp_5 min_temp_17,min_temp_5 max_temp_17,min_temp_6 max_temp_16,min_temp_6 max_temp_19,min_temp_6 avg_temp_18,min_temp_7 max_temp_16,min_temp_8 min_temp_16,min_temp_9 min_temp_21,min_temp_9 max_temp_12,min_temp_9 max_temp_19,min_temp_16 max_temp_3,min_temp_18 min_temp_19,min_temp_18 max_temp_2,min_temp_21 max_temp_15,max_temp_8 max_temp_19,max_temp_18 avg_temp_6
0,38114.869565217545,2605.168475849659,-5878.223067524586,27403.68443266245,-13052.773252030856,3020.458353548675,1622.8640211479008,17388.799517273026,4487.610454741844,-2768.4754504130774,7298.937067608957,-14090.961603720783,1383.0679428965361,-1101.4929941894363,6343.970041030932,-3311.7094895706055,-9444.909800222378,1761.4662485237059,439.0940310577676,7056.723945125689,-4655.85785887552,6458.659418982498
