,intercept,Agricultural Land Mass,min_temp_4 min_temp_16,Agricultural Land Mass^2
0,39741.47826049952,11372810.856235636,17160.08463547899,-11374910.72180777
