,intercept,Agricultural Land Mass,min_temp_4 min_temp_16,min_temp_6 min_temp_16,min_temp_6 max_temp_16,min_temp_6 avg_temp_16,min_temp_8 min_temp_19,min_temp_16 max_temp_4,min_temp_17 max_temp_6,min_temp_17 avg_temp_9,max_temp_4 avg_temp_16,avg_temp_4 avg_temp_16,Agricultural Land Mass^2
0,37575.00000006443,1289234.2155260013,632209.1197864827,718090.2567971539,616706.1649457266,-1240038.7014186904,10018.36576409571,-788636.3887373082,8917.264725207951,4258.829168990234,1393284.47870296,-1292388.4649793277,-1286240.638238596
