,intercept,Agricultural Land Mass,precip_5 max_temp_8,min_temp_4 min_temp_16,min_temp_5 min_temp_16,min_temp_5 min_temp_17,min_temp_6 min_temp_8,min_temp_6 min_temp_18,min_temp_7 max_temp_16,min_temp_8 min_temp_16,min_temp_9 max_temp_12,min_temp_16 max_temp_3,min_temp_17 avg_temp_9,min_temp_18 max_temp_2,min_temp_19 avg_temp_7,min_temp_20 max_temp_17,min_temp_20 avg_temp_16,min_temp_20 avg_temp_21,max_temp_7 avg_temp_18,max_temp_8 max_temp_19,max_temp_8 avg_temp_19
0,36186.49999999996,1321.4030216245424,-3926.85574899351,13521.614583106197,11373.325748303329,11209.569379671073,5496.1689322881875,4797.295502578369,-14340.75964795311,8243.563417177402,3393.6527385797526,-15982.223744115081,-836.6650466867908,1095.507582239035,-3886.3149249144194,3949.9193452407167,3456.7267692483406,1571.7210057199839,-245.994433094315,-912.5263749102584,-925.7443929957607
