,intercept,Agricultural Land Mass,Agricultural Land Mass^2
0,32072.347826073157,7799227.439054132,-7802354.064680837
