,intercept,Agricultural Land Mass,min_temp_4 min_temp_16,min_temp_6 min_temp_16,min_temp_6 max_temp_16,min_temp_6 avg_temp_16,min_temp_8 min_temp_19,min_temp_16 max_temp_4,min_temp_17 max_temp_6,min_temp_17 avg_temp_9,max_temp_4 avg_temp_16,avg_temp_4 avg_temp_16,Agricultural Land Mass^2
0,39237.58695651985,3749810.9894742873,698498.0048446617,555964.7972080235,393474.23546477134,-859053.3493614552,10025.720174525119,-831409.0985898906,9052.784270036895,3408.4269874568577,1467465.753153481,-1392914.9112559608,-3748177.5608147266
