,intercept,Agricultural Land Mass,min_temp_4 min_temp_16,min_temp_6 min_temp_16,min_temp_6 max_temp_16,min_temp_6 avg_temp_16,min_temp_8 min_temp_19,min_temp_16 max_temp_4,min_temp_17 max_temp_6,min_temp_17 avg_temp_9,max_temp_4 avg_temp_16,avg_temp_4 avg_temp_16,Agricultural Land Mass^2
0,38274.34782606745,2172874.022777752,487779.167875379,1439008.0856682663,1582896.0051793617,-2892785.02772806,6620.5670295398995,-677819.5547486317,7222.2130199938965,6257.4300202536715,1089536.2668372465,-961240.2783147765,-2170449.8799619265
