,intercept,Agricultural Land Mass,min_temp_4 min_temp_16,min_temp_6 min_temp_16,min_temp_6 max_temp_16,min_temp_6 avg_temp_16,min_temp_8 min_temp_19,min_temp_16 max_temp_4,min_temp_17 max_temp_6,min_temp_17 avg_temp_9,max_temp_4 avg_temp_16,avg_temp_4 avg_temp_16,Agricultural Land Mass^2
0,39316.93478261004,79508.9644008365,117614.67762640165,112344.04702954023,41788.3806611364,-132538.49843077222,7023.229148648861,-171082.9464419272,10969.052941228914,6431.787009077441,245303.53321016498,-204642.87277330382,-77532.51227504581
