,intercept,Agricultural Land Mass,min_temp_4 min_temp_16,min_temp_6 min_temp_16,min_temp_6 max_temp_16,min_temp_6 avg_temp_16,min_temp_8 min_temp_19,min_temp_16 max_temp_4,min_temp_17 max_temp_6,min_temp_17 avg_temp_9,max_temp_4 avg_temp_16,avg_temp_4 avg_temp_16,Agricultural Land Mass^2
0,39401.84782604847,2889285.9272327963,655217.7274379202,816425.7592724174,519401.8105500764,-1200136.6317713624,9477.54890989074,-970362.3292019885,7029.086881134063,3885.486999808408,1524569.100771834,-1307464.895268541,-2889109.8686213423
