,intercept,Agricultural Land Mass,precip_5^2,min_temp_4 min_temp_16,min_temp_4 max_temp_21,min_temp_4 avg_temp_3,min_temp_5 min_temp_17,min_temp_5 max_temp_17,min_temp_6 min_temp_8,min_temp_6 max_temp_19,min_temp_8 min_temp_16,min_temp_9 min_temp_21,min_temp_9 max_temp_12,min_temp_9 max_temp_19,min_temp_16 max_temp_3,min_temp_16 max_temp_5,min_temp_16 max_temp_20,min_temp_16 max_temp_21,min_temp_16 avg_temp_4,min_temp_17 max_temp_6,min_temp_17 max_temp_7,min_temp_17 avg_temp_9,min_temp_18 min_temp_19,min_temp_18 max_temp_2,min_temp_18 max_temp_6,min_temp_19 avg_temp_7,min_temp_20 max_temp_17,min_temp_21 avg_temp_3,max_temp_4 avg_temp_16,max_temp_8 max_temp_19,max_temp_18 avg_temp_6
0,37656.021739130585,1491.9434397761572,-7478.353222123511,7087.720443687059,-74562.97986298699,73252.94647880018,31564.874223659164,7942.417814329788,757.6842200915132,-4866.025669703796,10950.206550805508,-12521.625734643447,8880.43918099389,-1528.1206350023747,-104227.61245503312,-43188.7955577334,26548.670205071212,64237.59203125684,45361.173703987806,-16882.530852709075,-8571.176743580096,16507.953018106105,25785.695133301233,298.5956934690462,-7970.937027248946,-17285.10617736851,-12602.117692615047,12134.390646117079,3010.229104919165,-9258.474611952724,18886.188021265854
