,intercept,Agricultural Land Mass,min_temp_4 min_temp_16,Agricultural Land Mass^2
0,34646.89130489512,8628626.999668054,15472.381564123041,-8629333.225999512
