,intercept,Agricultural Land Mass,min_temp_4 min_temp_16,min_temp_6 min_temp_16,min_temp_6 max_temp_16,min_temp_6 avg_temp_16,min_temp_8 min_temp_19,min_temp_16 max_temp_4,min_temp_17 max_temp_6,min_temp_17 avg_temp_9,max_temp_4 avg_temp_16,avg_temp_4 avg_temp_16,Agricultural Land Mass^2
0,38209.76086986667,3678844.413612459,410226.34614468855,1202566.6073516035,1314239.5965954268,-2421554.818725288,5897.928576266047,-543469.6568294537,11140.737100929304,6427.9450928806355,904562.846632213,-815871.8796396714,-3678194.620111933
