,intercept,Agricultural Land Mass,min_temp_4 min_temp_16,min_temp_6 min_temp_16,min_temp_6 max_temp_16,min_temp_6 avg_temp_16,min_temp_8 min_temp_19,min_temp_16 max_temp_4,min_temp_17 max_temp_6,min_temp_17 avg_temp_9,max_temp_4 avg_temp_16,avg_temp_4 avg_temp_16,Agricultural Land Mass^2
0,37434.260869517384,4808893.612212417,330801.45786214154,1210427.7415277702,1352333.6718313533,-2462213.8147148932,5866.969761898291,-503940.3426753984,9152.511372669087,7163.700129086121,775509.7942304837,-653569.4611323614,-4807977.685681868
