,intercept,Agricultural Land Mass,precip_5 max_temp_8,min_temp_4 min_temp_16,min_temp_5 min_temp_16,min_temp_5 max_temp_17,min_temp_6 max_temp_18,min_temp_7 max_temp_16,min_temp_8 min_temp_16,min_temp_9 min_temp_21,min_temp_16 min_temp_17,min_temp_16 max_temp_3,min_temp_18 max_temp_2,min_temp_19 avg_temp_7,min_temp_20 avg_temp_21,max_temp_7 avg_temp_18,max_temp_8 avg_temp_19,avg_temp_16 avg_temp_18
0,36239.43478260883,2872.114177579361,-3460.3057718586283,21542.091987478012,9882.157261136761,8103.970451006245,10192.483231137356,-6677.117907227965,3010.0963393553993,3680.9503527986303,2107.4181582780775,-22781.5266901179,-6410.011585005786,-7152.194762051509,5303.415379545251,2732.713723570906,-305.2417526111629,3199.5019921271432
