,intercept,Agricultural Land Mass,min_temp_4 min_temp_16,min_temp_6 min_temp_16,min_temp_6 max_temp_16,min_temp_6 avg_temp_16,min_temp_8 min_temp_19,min_temp_16 max_temp_4,min_temp_17 max_temp_6,min_temp_17 avg_temp_9,max_temp_4 avg_temp_16,avg_temp_4 avg_temp_16,Agricultural Land Mass^2
0,39882.173913308485,4766225.211398064,561655.1564153592,815015.508934204,667918.5777046041,-1364251.0215883658,5586.294369789206,-770620.7583438847,6232.6760662983115,7011.277780277504,1216618.7465036244,-1082681.7166981534,-4765251.503962197
