,intercept,Agricultural Land Mass,Agricultural Land Mass^2
0,35621.32608754799,12095721.707309132,-12099320.555657469
