,intercept,Agricultural Land Mass,min_temp_4 min_temp_16,Agricultural Land Mass^2
0,38021.608695933675,10595197.7678539,20468.682381492657,-10595298.277147695
