,intercept,Agricultural Land Mass,min_temp_4 min_temp_16,min_temp_6 min_temp_16,min_temp_6 max_temp_16,min_temp_6 avg_temp_16,min_temp_8 min_temp_19,min_temp_16 max_temp_4,min_temp_17 max_temp_6,min_temp_17 avg_temp_9,max_temp_4 avg_temp_16,avg_temp_4 avg_temp_16,Agricultural Land Mass^2
0,37082.26086965529,3771366.5155538083,333231.0615961374,1170559.8499162626,1347943.8217107002,-2443281.174703361,7777.819505860742,-428833.56412449584,7388.085898451113,6959.89728393177,735917.6622158688,-669079.2401800236,-3766740.573804595
