,intercept,Agricultural Land Mass,min_temp_4 min_temp_16,min_temp_6 min_temp_16,min_temp_6 max_temp_16,min_temp_6 avg_temp_16,min_temp_8 min_temp_19,min_temp_16 max_temp_4,min_temp_17 max_temp_6,min_temp_17 avg_temp_9,max_temp_4 avg_temp_16,avg_temp_4 avg_temp_16,Agricultural Land Mass^2
0,40477.99999999026,2857831.927833893,762498.4257152131,1107281.01602184,944277.2899992726,-1902691.4436311624,4652.376976113109,-1003569.3343351657,10339.861149086655,4522.07092582325,1663401.6815847128,-1512961.2267814726,-2857833.8161973227
