,intercept,Agricultural Land Mass,precip_5^2,min_temp_4 min_temp_16,min_temp_4 max_temp_21,min_temp_5 min_temp_16,min_temp_5 min_temp_17,min_temp_6 max_temp_18,min_temp_9 max_temp_12,min_temp_9 max_temp_19,min_temp_16 max_temp_3,min_temp_17 max_temp_6,min_temp_18 max_temp_2,min_temp_18 max_temp_6,min_temp_19 avg_temp_7,min_temp_20 avg_temp_16,min_temp_20 avg_temp_21,min_temp_21 max_temp_15,max_temp_8 max_temp_19,max_temp_8 avg_temp_19,max_temp_17 avg_temp_5,avg_temp_4 avg_temp_17
0,35173.58695652183,3467.5024352403784,-1775.50732902953,20229.51074071376,-2320.9059927693847,9711.30222575457,13076.45850177281,5709.580899633899,5811.748531195189,-2723.823601784912,-17032.257126074815,-465.56955883503093,-1378.8376500044967,-675.6462710523184,-8421.448548304685,2823.8264796617314,9956.090832115458,-1653.3960321288425,-2091.7471081514764,-15.769674663366459,-5577.646426196984,-2606.749231861513
