,intercept,Agricultural Land Mass,min_temp_4 min_temp_16,min_temp_6 min_temp_16,min_temp_6 max_temp_16,min_temp_6 avg_temp_16,min_temp_8 min_temp_19,min_temp_16 max_temp_4,min_temp_17 max_temp_6,min_temp_17 avg_temp_9,max_temp_4 avg_temp_16,avg_temp_4 avg_temp_16,Agricultural Land Mass^2
0,37714.695652377995,3092009.862052428,442403.2665600753,939060.8977682266,1071358.4874284705,-1939526.1599234648,7643.027011759476,-526600.3168670527,7268.335758744501,6889.232864327798,956896.4510693708,-904348.1404617396,-3089770.764605433
