,intercept,precip_1 max_temp_13,precip_3 precip_10,precip_4 precip_20,precip_5 min_temp_8,precip_5 max_temp_22,precip_7 precip_19,precip_7 min_temp_2,precip_9 min_temp_10,precip_10 max_temp_13,precip_21 min_temp_13,precip_22 avg_temp_10,min_temp_0 min_temp_2,min_temp_3 max_temp_12,min_temp_3 avg_temp_8,min_temp_4 min_temp_16,min_temp_4 avg_temp_14,min_temp_4 avg_temp_16,min_temp_5 min_temp_15,min_temp_5 avg_temp_17,min_temp_6 min_temp_8,min_temp_6 min_temp_18,min_temp_6 max_temp_16,min_temp_6 max_temp_17,min_temp_7 avg_temp_19,min_temp_8 min_temp_17,min_temp_8 max_temp_2,min_temp_8 avg_temp_16,min_temp_9 min_temp_15,max_temp_3 avg_temp_8,max_temp_5 max_temp_15,max_temp_8 max_temp_19,max_temp_9 avg_temp_8,max_temp_16 max_temp_21,max_temp_16 avg_temp_21
0,33134.06521739133,-303.3667099104635,1074.3707590610088,3998.2923188627638,-3969.83771939657,-1500.350968058244,-2983.210120236893,-1497.3839898908857,-5222.966713908546,-7899.300552362722,249.6619024824518,-3715.25437824311,2004.3336499498798,6416.318935024292,6643.164634295675,4310.510733230406,102.38617980755818,6082.542252453213,3665.041435075948,12940.012131528003,8882.554061267252,10784.666735773928,3984.0483861776156,983.7627459199413,-11432.532500338319,649.3181243253185,118.77701340244802,142.4879518982678,7294.097995546807,-8299.041644837362,-13282.530092574703,-4008.778449952787,-319.06736725122505,1181.1116679968782,1682.30904855116
