,intercept,Agricultural Land Mass,min_temp_4 min_temp_16,min_temp_6 min_temp_16,min_temp_6 max_temp_16,min_temp_6 avg_temp_16,min_temp_8 min_temp_19,min_temp_16 max_temp_4,min_temp_17 max_temp_6,min_temp_17 avg_temp_9,max_temp_4 avg_temp_16,avg_temp_4 avg_temp_16,Agricultural Land Mass^2
0,37619.282608828784,4722234.286774608,312278.85692976386,1091400.949779625,1230131.3540248475,-2242164.615917775,5279.0190219234855,-440059.0614680162,8648.81176276929,8274.004461296056,717547.632611729,-625001.8313417817,-4723227.73076327
