,intercept,Agricultural Land Mass,precip_1 max_temp_13,precip_3 precip_10,precip_4 precip_20,precip_5 max_temp_21,precip_9 min_temp_2,precip_9 min_temp_10,precip_12 max_temp_23,precip_13 min_temp_2,precip_21 min_temp_13,precip_21 min_temp_22,precip_22 min_temp_2,precip_22 min_temp_9,min_temp_0 min_temp_2,min_temp_0 max_temp_2,min_temp_3 avg_temp_8,min_temp_4 avg_temp_14,min_temp_5 min_temp_8,min_temp_5 min_temp_15,min_temp_5 min_temp_16,min_temp_5 min_temp_17,min_temp_5 avg_temp_17,min_temp_8 min_temp_16,min_temp_8 min_temp_17,min_temp_8 max_temp_4,min_temp_8 max_temp_9,min_temp_18 max_temp_2,max_temp_4 max_temp_16,max_temp_5 max_temp_15,max_temp_7 avg_temp_18,max_temp_7 avg_temp_19,max_temp_8 max_temp_19,max_temp_8 avg_temp_20,max_temp_9 max_temp_21,max_temp_16 max_temp_21,max_temp_18 max_temp_19,max_temp_18 avg_temp_6,max_temp_18 avg_temp_16,avg_temp_3 avg_temp_22,avg_temp_12 avg_temp_23
0,34522.65217391307,509.91622661975146,-66.70469409897738,2862.3278167226044,2240.5447221354643,954.0462638104993,1118.4797030974123,-2454.0392338142246,785.92238220336,2828.2741078758427,862.7762211981939,-2928.0851285900194,-1198.3838706532272,872.862753069959,5006.477327973738,-812.696515533331,2149.5049785686356,2190.1962935353863,2906.5786734710396,5799.80393294024,42.03573729091246,11232.774900693626,2868.5013593105277,84.42714823660076,1756.975676077085,2478.773693310459,871.2641498697104,-2416.8876487578664,4131.102851377074,-4122.114171692452,-2599.9655034752045,-5583.596430392922,-8029.5274681605515,-3428.378260951122,219.65552352911618,4889.171199939485,7114.1136107458115,4540.107933214449,31.13661385835115,-2845.8915552722874,8777.948458155224
