,intercept,Agricultural Land Mass,min_temp_4 min_temp_16,min_temp_8 min_temp_19,min_temp_17 max_temp_6,min_temp_17 avg_temp_9,max_temp_4 avg_temp_16
0,37773.9347826088,1939.5334448520914,19839.627759783085,8023.871580076226,8981.663761787966,6934.250846948038,-12699.550642357219
