,intercept,Agricultural Land Mass,min_temp_4 min_temp_16,min_temp_6 min_temp_16,min_temp_6 max_temp_16,min_temp_6 avg_temp_16,min_temp_8 min_temp_19,min_temp_16 max_temp_4,min_temp_17 max_temp_6,min_temp_17 avg_temp_9,max_temp_4 avg_temp_16,avg_temp_4 avg_temp_16,Agricultural Land Mass^2
0,37680.97826087972,468297.7968714418,792502.5644502986,1361858.6249510197,1194579.4208869215,-2385046.3006571564,4691.454138738169,-1108688.631757162,8804.817278064766,-1433.1308437073487,1803975.2645534347,-1597199.6470501584,-466398.7881674809
