,intercept,Agricultural Land Mass,min_temp_4 min_temp_16,min_temp_6 min_temp_16,min_temp_6 max_temp_16,min_temp_6 avg_temp_16,min_temp_8 min_temp_19,min_temp_16 max_temp_4,min_temp_17 max_temp_6,min_temp_17 avg_temp_9,max_temp_4 avg_temp_16,avg_temp_4 avg_temp_16,Agricultural Land Mass^2
0,34983.586956772015,3105942.805366755,363626.39345745987,491275.885393614,486961.3863985672,-931640.8470935167,8548.788493348784,-422089.25478871784,6220.526614794725,5171.639706191268,766605.7292959685,-731189.9695988505,-3104609.7236034824
