,intercept,Agricultural Land Mass,precip_5^2,precip_5 max_temp_8,min_temp_4 min_temp_16,min_temp_5 min_temp_17,min_temp_6 min_temp_18,min_temp_6 max_temp_18,min_temp_6 avg_temp_18,min_temp_7 avg_temp_16,min_temp_8 min_temp_16,min_temp_9 max_temp_12,min_temp_9 max_temp_19,min_temp_16 max_temp_3,min_temp_17 min_temp_18,min_temp_17 max_temp_6,min_temp_18 max_temp_2,min_temp_19 avg_temp_7,min_temp_20 avg_temp_21,min_temp_21 avg_temp_3,max_temp_8 avg_temp_19,max_temp_17 avg_temp_5,avg_temp_4 avg_temp_17,avg_temp_16 avg_temp_18
0,38159.41304347838,2783.9809293366948,796.7514221514748,-6265.08986934417,26664.487265127173,19802.70134543116,2515.0304030177494,4740.869110741368,3689.7527730931133,-7529.6058812766505,5793.403821134393,4788.89578166659,-2778.2864603785565,-19918.124056041677,337.99999059953456,-2448.3996219239402,-319.9811683548619,-3827.1129326559144,3184.573234387185,3.7910344067156827,-8.386611805147963,-2746.264384378609,-10306.786162242332,8764.305422957694
