,intercept,Agricultural Land Mass,Agricultural Land Mass^2
0,40441.630435497325,14226745.986720692,-14231981.879145566
