,intercept,Agricultural Land Mass,precip_5 max_temp_8,min_temp_4 max_temp_21,min_temp_5 min_temp_16,min_temp_5 min_temp_17,min_temp_5 max_temp_17,min_temp_6 max_temp_18,min_temp_7 max_temp_16,min_temp_8 avg_temp_9,min_temp_9 max_temp_12,min_temp_9 max_temp_19,min_temp_16 max_temp_3,min_temp_16 avg_temp_4,min_temp_17 max_temp_7,min_temp_17 avg_temp_9,min_temp_18 min_temp_19,min_temp_18 max_temp_2,min_temp_19 avg_temp_7,min_temp_21 avg_temp_3,max_temp_4 avg_temp_16,max_temp_8 max_temp_19,max_temp_18 avg_temp_6
0,35077.41304347832,1595.5343307404296,-3092.9580848170262,-11256.40813266254,834.7353824550516,392.07658333834524,13415.278569526738,1518.5348223245062,-16235.646969277388,9698.809084064009,4420.819159128423,-5580.864821934773,-17759.75492668265,22892.001203198353,-1060.4431967655564,3492.8433485048968,10215.53272282077,3981.8165653150504,-2777.313708443047,4305.86662518567,11239.81859027432,-6876.032944918954,6410.512865771793
