,intercept,Agricultural Land Mass,min_temp_4 min_temp_16,Agricultural Land Mass^2
0,40256.39130434363,160098.10387257356,23280.365659082705,-158626.65013201698
