,intercept,Agricultural Land Mass,min_temp_4 min_temp_16,min_temp_8 min_temp_19,min_temp_16 max_temp_4,min_temp_17 max_temp_6,min_temp_17 avg_temp_9,max_temp_4 avg_temp_16
0,41529.78260869563,677.1858239028799,17547.185711389287,9702.248123492473,-1887.5167216957846,11837.53388607156,4868.32886087456,-8752.976762100774
