,intercept,Agricultural Land Mass,min_temp_4 min_temp_16,min_temp_6 min_temp_16,min_temp_6 max_temp_16,min_temp_6 avg_temp_16,min_temp_8 min_temp_19,min_temp_16 max_temp_4,min_temp_17 max_temp_6,min_temp_17 avg_temp_9,max_temp_4 avg_temp_16,avg_temp_4 avg_temp_16,Agricultural Land Mass^2
0,40504.02173910904,1475527.814126972,814579.3260200189,1350903.4007801833,1241642.8037160477,-2436240.994500539,6496.681154152074,-1096067.0207954221,12094.35603536676,3998.4584241166194,1847142.1085839467,-1661074.3143229454,-1474811.7113311575
