,intercept,Agricultural Land Mass,min_temp_4 min_temp_16,min_temp_6 min_temp_16,min_temp_6 max_temp_16,min_temp_6 avg_temp_16,min_temp_8 min_temp_19,min_temp_16 max_temp_4,min_temp_17 max_temp_6,min_temp_17 avg_temp_9,max_temp_4 avg_temp_16,avg_temp_4 avg_temp_16,Agricultural Land Mass^2
0,37184.47826076593,5896151.9467801135,348250.6231896483,1066176.9184410924,1210419.5067191895,-2187801.6460766783,4399.190712190303,-481590.77794916416,6493.83834635769,10622.269175718859,805046.7986810815,-713398.4954160244,-5895699.818856789
