,intercept,Agricultural Land Mass,precip_0 precip_5,precip_0 precip_23,precip_1 precip_13,precip_2 min_temp_9,precip_2 min_temp_16,precip_5 precip_22,precip_5 min_temp_1,precip_5 min_temp_11,precip_5 min_temp_12,precip_6 min_temp_22,precip_7 precip_17,precip_8 precip_9,precip_8 precip_11,precip_10 precip_23,precip_11 precip_13,precip_11 precip_23,precip_12 precip_13,precip_13 precip_18,precip_13 avg_temp_13,precip_14 precip_19,precip_15 max_temp_12,precip_16 precip_19,precip_17 precip_19,precip_20 min_temp_22,precip_21 min_temp_13,precip_23 min_temp_13,precip_23 avg_temp_10,precip_23 avg_temp_14,min_temp_1 max_temp_1,min_temp_2 min_temp_10,min_temp_4 min_temp_8,min_temp_4 min_temp_16,min_temp_5 min_temp_6,min_temp_5 min_temp_8,min_temp_5 min_temp_16,min_temp_5 min_temp_17,min_temp_5 max_temp_16,min_temp_5 avg_temp_16,min_temp_6 min_temp_17,min_temp_6 max_temp_17,min_temp_6 avg_temp_17,min_temp_7 min_temp_19,min_temp_7 max_temp_15,min_temp_8 avg_temp_21,min_temp_9 max_temp_12,min_temp_14 min_temp_22,min_temp_16 max_temp_12,min_temp_19 max_temp_15,min_temp_22^2,min_temp_23 avg_temp_23,avg_temp_0^2,avg_temp_0 avg_temp_11,avg_temp_1^2,avg_temp_1 avg_temp_11,avg_temp_13^2,Agricultural Land Mass^2
0,37609.15217391314,157.0531401942206,-32.70594803157327,-1960.1490639282583,-786.1700866784081,351.91310444222694,280.55728405975015,-624.1737176310711,627.2546380324496,2009.7220382305895,72.97195663500253,-1427.0823189719379,-1189.8327794442162,-957.7859443762943,-5191.299301197766,-740.2262058151541,-1177.3246156700607,-231.41843297169171,-609.3231213476613,-2719.0792473505044,-504.11462281124335,-3292.9806367830574,167.61052019541816,-662.0123177098484,-123.7640318683481,-1259.0563134863419,-3.7619025996460227,5285.445213918345,-3537.30035608706,-2125.084589629561,2938.4038044217887,-4618.926078138533,6658.275796063238,7011.135507990038,5364.703207548179,1015.1658961379537,2416.876402297962,10662.870585958852,2586.4548348949966,368.0782106347842,2289.5189823367787,5567.775228119297,162.77275881467654,-2265.697190932267,-5573.565983295656,140.31299301562476,611.9757192637012,-2779.7038366664174,369.7213654199159,-3250.9899222318145,-2790.120151861213,-1284.3498941749128,4.838829500110082,6691.302882161562,567.9644199881069,983.5332851498154,-88.22942853300204,9924.35650665186
