,intercept,Agricultural Land Mass,Agricultural Land Mass^2
0,39890.934782602744,253912.83795626243,-258740.80879957747
