,intercept,Agricultural Land Mass,min_temp_4 min_temp_16,min_temp_6 min_temp_16,min_temp_6 max_temp_16,min_temp_6 avg_temp_16,min_temp_8 min_temp_19,min_temp_16 max_temp_4,min_temp_17 max_temp_6,min_temp_17 avg_temp_9,max_temp_4 avg_temp_16,avg_temp_4 avg_temp_16,Agricultural Land Mass^2
0,37353.89130439515,2061806.5335773958,327268.6679473287,1189476.9386018699,1358620.913212281,-2467667.6847662143,6821.910868359878,-452194.40405154636,6844.2196314767425,9215.913835087564,730969.7310153759,-645484.0114789695,-2059966.3812301564
