,intercept,Agricultural Land Mass,min_temp_4 min_temp_16,min_temp_6 min_temp_16,min_temp_6 max_temp_16,min_temp_6 avg_temp_16,min_temp_8 min_temp_19,min_temp_16 max_temp_4,min_temp_17 max_temp_6,min_temp_17 avg_temp_9,max_temp_4 avg_temp_16,avg_temp_4 avg_temp_16,Agricultural Land Mass^2
0,38241.26086955555,1333686.2708037714,873117.5847716946,996373.8004527878,792863.3115625229,-1646499.4772656763,2293.58172156653,-1111087.6058350154,8867.700290560178,9324.712081503092,1927089.3544676113,-1779461.881149816,-1331062.1948197316
