,intercept,Agricultural Land Mass,precip_5 max_temp_8,min_temp_4 min_temp_16,min_temp_5 min_temp_16,min_temp_5 max_temp_17,min_temp_6 min_temp_8,min_temp_6 min_temp_18,min_temp_6 max_temp_16,min_temp_6 avg_temp_18,min_temp_7 max_temp_16,min_temp_8 min_temp_16,min_temp_9 max_temp_12,min_temp_16 max_temp_3,min_temp_17 avg_temp_9,min_temp_18 max_temp_2,min_temp_19 avg_temp_7,min_temp_20 avg_temp_16,min_temp_20 avg_temp_21,max_temp_8 max_temp_19
0,35149.913043478395,1230.1938804520275,-4806.402324762824,14113.692740248942,17251.060137017932,5965.50962757564,4064.7154979162437,6621.227436955721,2899.4686937800693,170.7153097971039,-20350.39867125606,9497.078734064615,2520.6664098337064,-16727.158067239427,-50.139477853154496,1175.406383491265,-256.14819515447226,467.277580093382,7163.450564991979,-5174.3178239781855
