,intercept,precip_1 max_temp_13,precip_3 precip_10,precip_5 min_temp_17,precip_5 max_temp_21,precip_7 precip_19,precip_7 min_temp_2,precip_9 min_temp_2,precip_9 min_temp_10,precip_10 max_temp_13,precip_16 min_temp_0,precip_21 min_temp_22,precip_22 min_temp_9,min_temp_0 max_temp_2,min_temp_3 max_temp_12,min_temp_3 avg_temp_10,min_temp_5 max_temp_4,min_temp_6 max_temp_18,min_temp_7 avg_temp_6,min_temp_8 max_temp_4,min_temp_8 max_temp_9,min_temp_9 max_temp_12,min_temp_18 max_temp_2,min_temp_19 avg_temp_15,max_temp_3 max_temp_8,max_temp_4 avg_temp_16,max_temp_6 avg_temp_19,max_temp_7 avg_temp_19,max_temp_9 max_temp_21,max_temp_9 avg_temp_21,max_temp_14 avg_temp_8,max_temp_18 avg_temp_16,max_temp_18 avg_temp_17,max_temp_21 avg_temp_16,avg_temp_3 avg_temp_22,avg_temp_7 avg_temp_20,avg_temp_12 avg_temp_23,avg_temp_18^2
0,36633.76086956516,-4612.555153802207,-2169.464389910524,1472.2777337136752,33.38059183792582,-7429.995699361814,7965.176859016233,1663.9598534237596,-4692.002152732606,902.1122338249777,-858.3647466151469,1740.180730211631,7963.136357706586,-9142.583008297308,8170.547923286666,10362.626743682533,16202.6816274225,9287.836534650583,-10522.165934782475,3757.8918613145615,4576.1196813271,3139.2201943211967,-12814.429940325106,715.9767028243945,-16036.520299978618,751.6850095576804,-2607.776677819852,-2905.8265282350753,2379.718089532555,2465.7156359019828,-1379.804214047681,885.4111402948739,11928.682526476316,996.347249941423,-1156.406427706376,-3719.1184338065946,6050.160436780748,8933.535904425451
