,intercept,Agricultural Land Mass,min_temp_4 min_temp_16,Agricultural Land Mass^2
0,39579.239130193164,8245583.559285978,18669.594275768635,-8246185.492620766
