,intercept,Agricultural Land Mass,min_temp_4 min_temp_16,Agricultural Land Mass^2
0,36377.93478243548,11793623.490399782,18932.1555820922,-11793713.408080436
