,intercept,Agricultural Land Mass,min_temp_4 min_temp_16,min_temp_6 min_temp_16,min_temp_6 max_temp_16,min_temp_6 avg_temp_16,min_temp_8 min_temp_19,min_temp_16 max_temp_4,min_temp_17 max_temp_6,min_temp_17 avg_temp_9,max_temp_4 avg_temp_16,avg_temp_4 avg_temp_16,Agricultural Land Mass^2
0,40894.47826073755,3642143.327783864,670828.0564529699,898798.6111745265,777285.3566727303,-1557653.972700211,7796.907381131119,-870899.9359244423,11689.621049408805,2024.768726035928,1479086.500111108,-1350154.5688858146,-3640315.700068141
