,intercept,Agricultural Land Mass,precip_5^2,min_temp_4 min_temp_16,min_temp_5 max_temp_17,min_temp_6 max_temp_18,min_temp_6 max_temp_19,min_temp_6 avg_temp_18,min_temp_7 max_temp_16,min_temp_8 min_temp_16,min_temp_8 avg_temp_9,min_temp_9 min_temp_21,min_temp_9 max_temp_12,min_temp_9 max_temp_19,min_temp_16 max_temp_3,min_temp_16 avg_temp_4,min_temp_17 max_temp_6,min_temp_17 avg_temp_9,min_temp_18 min_temp_19,min_temp_18 max_temp_2,min_temp_19 avg_temp_7,min_temp_21 max_temp_15,max_temp_8 max_temp_19,avg_temp_16 avg_temp_18
0,38605.260869565005,3358.4241610977,-4913.100744032915,19557.36563480546,16497.947759505725,11299.886647550675,-3108.0359580519735,1435.8322077036937,-15391.805246183058,7945.0767336419185,3687.0329958367074,-2293.456652289137,5811.095846189462,-4527.258379543471,-14509.736791189864,1674.8767540880308,-5991.444747563771,6240.956430260271,5136.0912469121895,-1900.9953533190835,-4473.332185368256,5091.939946594068,-2588.0175914329466,4064.848242401687
