,intercept,Agricultural Land Mass,precip_5^2,precip_5 max_temp_8,min_temp_4 min_temp_16,min_temp_4 max_temp_21,min_temp_5 max_temp_17,min_temp_6 min_temp_18,min_temp_6 max_temp_16,min_temp_7 max_temp_16,min_temp_8 min_temp_16,min_temp_9 max_temp_12,min_temp_9 max_temp_19,min_temp_16 max_temp_3,min_temp_17 max_temp_7,min_temp_18 min_temp_19,min_temp_20 avg_temp_21,min_temp_21 avg_temp_3,max_temp_6 max_temp_16,max_temp_7 max_temp_16,max_temp_8 max_temp_19,avg_temp_6 avg_temp_18
0,38449.52173913058,775.2474748257096,-5677.372313316337,-114.84248379301268,16049.759102048536,-4691.866789957195,21696.44208678268,7575.15212334199,183.88688419391906,-30710.89519908339,23951.703617894826,8046.907596023844,-1994.7681600844946,-15187.140415018122,-2992.344362344873,5548.760308337738,-782.8844077837928,3328.8078464284126,2704.5547153880343,7087.467361303984,-10414.972937746803,5036.77692599509
