,intercept,Agricultural Land Mass,min_temp_4 min_temp_16,min_temp_8 min_temp_19,min_temp_16 max_temp_4,min_temp_17 max_temp_6,min_temp_17 avg_temp_9,max_temp_4 avg_temp_16
0,38234.04347826089,2632.5157975502752,22120.045232383476,10329.322763156051,-14485.989926065606,11503.724965906466,4009.253649271476,-144.0270970386904
