,intercept,Agricultural Land Mass,min_temp_4 min_temp_16,min_temp_6 min_temp_16,min_temp_6 max_temp_16,min_temp_6 avg_temp_16,min_temp_8 min_temp_19,min_temp_16 max_temp_4,min_temp_17 max_temp_6,min_temp_17 avg_temp_9,max_temp_4 avg_temp_16,avg_temp_4 avg_temp_16,Agricultural Land Mass^2
0,39090.30434805565,3558269.0287076407,346268.5105343635,1321431.367188399,1547181.909396375,-2776084.93639636,6763.069096219899,-528585.3640848268,8663.891845328517,6490.734640778934,837456.6907456492,-700003.9781435127,-3557142.586921566
