,intercept,Agricultural Land Mass,precip_0 precip_3,precip_0 precip_20,precip_1 precip_8,precip_4 precip_19,precip_4 precip_23,precip_5 precip_7,precip_5 precip_13,precip_6 precip_16,precip_7 precip_10,precip_7 precip_21,precip_7 max_temp_1,precip_7 avg_temp_1,precip_8^2,precip_8 precip_10,precip_11 min_temp_14,precip_11 max_temp_13,precip_12 precip_13,precip_15 min_temp_2,precip_19 min_temp_1,precip_20 precip_22,precip_20 min_temp_13,precip_20 min_temp_14,precip_21 avg_temp_1,precip_22 min_temp_9,precip_22 min_temp_14,precip_22 avg_temp_12,precip_23 min_temp_13,min_temp_2 min_temp_10,min_temp_3 min_temp_7,min_temp_3 max_temp_19,min_temp_4 min_temp_8,min_temp_4 min_temp_16,min_temp_4 max_temp_22,min_temp_4 max_temp_23,min_temp_5 min_temp_16,min_temp_5 max_temp_17,min_temp_5 avg_temp_17,min_temp_7 avg_temp_3,min_temp_10 min_temp_22,min_temp_16 avg_temp_4,max_temp_18 Agricultural Land Mass,avg_temp_0 avg_temp_11,Agricultural Land Mass^2
0,37987.52173913045,5423.56978385384,899.630534917128,824.1055650575505,-4774.286701798634,-1256.2938573961474,-581.2446457945323,-721.2662207467696,-931.0458757680992,-60.459070697111656,-1028.4297690555252,-45.37203995201581,-4642.071805311036,-904.9599443418381,-1081.9374368835422,-465.0263820283855,-4503.003553462155,-7157.350644327396,-1136.3792830661082,3270.426439767506,8714.648512650161,-8057.770242796283,-3114.974485254409,-640.6234554868223,-1071.6216930047183,121.17656100997732,12944.570065194703,6823.190933988918,7963.9931766602185,-6874.122558690177,-997.4543140941532,-676.5495656717596,4874.139102708619,1504.8943462156499,1362.4724373945885,3539.92147600021,8230.524961558522,8780.564352986119,9163.147620530257,-2415.386903134035,1197.6517049080128,36.10739242828934,7350.70572720124,1903.3410853082748,2158.446062949611
