,intercept,Agricultural Land Mass,min_temp_4 min_temp_16,min_temp_6 min_temp_16,min_temp_6 max_temp_16,min_temp_6 avg_temp_16,min_temp_8 min_temp_19,min_temp_16 max_temp_4,min_temp_17 max_temp_6,min_temp_17 avg_temp_9,max_temp_4 avg_temp_16,avg_temp_4 avg_temp_16,Agricultural Land Mass^2
0,37266.63043454347,3763251.9039133214,310563.9123424428,1320789.4667743912,1459831.1743684863,-2675332.724562091,4912.548219714695,-483144.5902355239,9056.70497850273,5433.374610257108,708859.2550045472,-589650.4206760786,-3762388.043173304
