,intercept,Agricultural Land Mass,precip_5 max_temp_18,min_temp_4 min_temp_16,min_temp_4 max_temp_21,min_temp_5 min_temp_16,min_temp_5 min_temp_17,min_temp_5 max_temp_17,min_temp_6 min_temp_18,min_temp_6 avg_temp_18,min_temp_7 max_temp_16,min_temp_8 min_temp_16,min_temp_8 avg_temp_9,min_temp_9 max_temp_12,min_temp_9 max_temp_19,min_temp_16 max_temp_3,min_temp_17 max_temp_7,min_temp_18 min_temp_19,min_temp_21 max_temp_15,max_temp_8 max_temp_19,avg_temp_6 avg_temp_18
0,39618.41304347819,690.7601027676731,-6913.726865470273,24774.28493955707,-5892.9763991983955,6028.378273240957,10838.857714669346,8642.728639035755,4167.208308945793,7069.868356579555,-21874.750404248793,17770.762134327255,1617.2959503822563,4062.138356480544,-2444.207782742277,-19052.474296599503,-8281.853920794581,7742.298297095307,5091.083382974569,-13192.796146514303,4556.20379765771
