,intercept,Agricultural Land Mass,Agricultural Land Mass^2
0,41886.02173847701,13803468.372617891,-13806911.769946711
