,intercept,Agricultural Land Mass,precip_5 max_temp_8,min_temp_4 min_temp_16,min_temp_4 max_temp_21,min_temp_5 max_temp_17,min_temp_6 max_temp_18,min_temp_6 max_temp_19,min_temp_7 max_temp_16,min_temp_8 min_temp_16,min_temp_9 max_temp_12,min_temp_9 max_temp_19,min_temp_16 max_temp_3,min_temp_16 avg_temp_4,min_temp_17 max_temp_7,min_temp_17 avg_temp_9,min_temp_18 min_temp_19,min_temp_19 avg_temp_7,min_temp_20 max_temp_17,min_temp_21 max_temp_15,min_temp_21 avg_temp_3,max_temp_4 avg_temp_16,max_temp_8 max_temp_19,max_temp_18 avg_temp_6,avg_temp_16 avg_temp_18
0,39217.7173913044,1725.6008862535693,-3474.9776484615663,19021.272999205485,-6251.602032849378,17114.951814184726,7947.7568085575285,-2959.528732073505,-14044.922124848481,12597.516430374473,6711.9728170793815,-3079.924241487695,-16189.250891281927,3420.4707122794985,-371.31261195345166,1744.2644165554925,6239.635348158882,-4328.95537083847,874.9798226065749,2373.7056718842,1047.7820318750819,2782.5134734670673,-1778.3952838768746,807.483216531101,60.191510119390784
