,intercept,Agricultural Land Mass,min_temp_4 min_temp_16,min_temp_6 min_temp_16,min_temp_6 max_temp_16,min_temp_6 avg_temp_16,min_temp_8 min_temp_19,min_temp_16 max_temp_4,min_temp_17 max_temp_6,min_temp_17 avg_temp_9,max_temp_4 avg_temp_16,avg_temp_4 avg_temp_16,Agricultural Land Mass^2
0,38037.52173923905,2785343.15255146,452688.99976203503,1186403.59330377,1328837.3678247097,-2415540.8381540608,8005.935967139465,-602221.2549328003,8899.716779491318,5133.454373943246,1022889.1923899129,-918067.770223786,-2782202.685347196
