,intercept,Agricultural Land Mass,min_temp_4 min_temp_16,min_temp_6 min_temp_16,min_temp_6 max_temp_16,min_temp_6 avg_temp_16,min_temp_8 min_temp_19,min_temp_16 max_temp_4,min_temp_17 max_temp_6,min_temp_17 avg_temp_9,max_temp_4 avg_temp_16,avg_temp_4 avg_temp_16,Agricultural Land Mass^2
0,40118.608695650684,86500.08704671128,109097.03447138751,118575.69107374785,58041.76666869532,-155184.20898495265,8250.964756524816,-172667.76246303748,8694.54592069359,8211.541719561927,236764.7297795138,-187563.82787835167,-85915.7938312128
