,intercept,Agricultural Land Mass,Agricultural Land Mass^2
0,36351.10869563524,12833990.548850102,-12838681.074375259
