,intercept,Agricultural Land Mass,min_temp_4 min_temp_16,min_temp_6 min_temp_16,min_temp_6 max_temp_16,min_temp_6 avg_temp_16,min_temp_8 min_temp_19,min_temp_16 max_temp_4,min_temp_17 max_temp_6,min_temp_17 avg_temp_9,max_temp_4 avg_temp_16,avg_temp_4 avg_temp_16,Agricultural Land Mass^2
0,37663.21739128694,1508011.5389632655,925175.3985350891,936817.0671898604,756543.2405867346,-1569071.5536694087,11570.635844679555,-1119553.7656707459,10664.649359831492,4300.063885095523,2013488.8078784805,-1912310.893946582,-1503461.5637261888
