,intercept,Agricultural Land Mass,min_temp_4 min_temp_16,min_temp_6 min_temp_16,min_temp_6 max_temp_16,min_temp_6 avg_temp_16,min_temp_8 min_temp_19,min_temp_16 max_temp_4,min_temp_17 max_temp_6,min_temp_17 avg_temp_9,max_temp_4 avg_temp_16,avg_temp_4 avg_temp_16,Agricultural Land Mass^2
0,39468.065217344956,1386491.464560477,859611.1514696581,1315990.6320965842,1131990.1018555772,-2279862.865605347,11400.942462901123,-1174022.4899348316,10005.956426185068,4754.0138263962235,1950302.6064013804,-1746830.6991384062,-1385065.8046522206
