,intercept,min_temp_7,Agricultural Land Mass,precip_4 precip_20,precip_5^2,precip_5 max_temp_22,precip_7 precip_19,precip_7 min_temp_2,precip_9 min_temp_10,precip_10 max_temp_13,precip_13 min_temp_2,precip_16 avg_temp_5,precip_21 min_temp_13,precip_21 min_temp_22,precip_22 min_temp_2,min_temp_0 min_temp_2,min_temp_3 avg_temp_8,min_temp_3 avg_temp_10,min_temp_4 max_temp_15,min_temp_4 avg_temp_14,min_temp_5 min_temp_17,min_temp_5 max_temp_16,min_temp_5 avg_temp_17,min_temp_5 avg_temp_21,min_temp_6^2,min_temp_6 max_temp_17,min_temp_8 min_temp_9,min_temp_8 max_temp_2,min_temp_8 max_temp_21,min_temp_15 min_temp_19,min_temp_15 min_temp_21,min_temp_16 avg_temp_22,min_temp_17 min_temp_18,min_temp_18^2,min_temp_18 min_temp_19,min_temp_18 max_temp_9,min_temp_20 max_temp_7,max_temp_3 max_temp_8,max_temp_4 max_temp_16,max_temp_5 max_temp_15,max_temp_6 avg_temp_5,max_temp_7 avg_temp_18,max_temp_7 avg_temp_19,max_temp_8 max_temp_19,max_temp_9 max_temp_21,max_temp_16 max_temp_21,avg_temp_12 avg_temp_23,Agricultural Land Mass^2
0,34168.78260869574,-2006.6469063723764,2704.3546267314427,3563.8655009076947,72.42602807127349,-1115.4809577582648,-6441.367692516313,2981.2168869544594,-4159.124889640989,-9273.202623814082,-121.21119870545452,-3420.6026979223975,-4069.0966001376346,4823.520095131488,-7809.043359501937,4564.765356996719,3161.918238337583,562.460413270873,-3573.199249141931,2413.2214762636177,4464.824657512865,13460.313464519722,1067.3435314046803,1903.380956278756,2675.4794295148836,5802.583528843071,9599.923386909459,6077.770318904915,7285.0688997927655,3193.7626972995754,4921.448677642857,-17328.047500007833,4834.941220027368,6386.111227430401,2494.4870714288913,2421.865028943342,-7348.552764717481,-9414.655341189127,15348.625993420737,-12206.486257458044,-2463.6031469318805,-651.703155296182,-5920.285757482603,-13327.880200449226,127.02069298563201,1608.4598749539132,8735.368693859806,954.9981672028057
