,intercept,Agricultural Land Mass,Agricultural Land Mass^2
0,39637.500000183514,13590767.805449028,-13595241.961232297
