,intercept,Agricultural Land Mass,precip_5 max_temp_8,min_temp_4 min_temp_16,min_temp_4 max_temp_21,min_temp_5 min_temp_16,min_temp_5 min_temp_17,min_temp_5 max_temp_17,min_temp_6 max_temp_19,min_temp_7 max_temp_16,min_temp_8 min_temp_19,min_temp_8 avg_temp_9,min_temp_9 max_temp_12,min_temp_9 max_temp_19,min_temp_16 max_temp_3,min_temp_16 avg_temp_4,min_temp_17 max_temp_6,min_temp_18 min_temp_19,min_temp_18 max_temp_2,min_temp_21 avg_temp_3,max_temp_7 avg_temp_18,max_temp_8 max_temp_19,max_temp_18 avg_temp_6
0,37382.30434782606,1900.2108379348483,-4878.348342300868,18243.416742503898,-5232.951166098072,15016.550022633652,7755.748038898896,6839.220945747098,-419.7248570281746,-17469.394902782642,10007.600176466618,7117.387558807562,5132.410726206177,-6555.097622862721,-16366.695649674093,5925.6284390609435,-398.57917771039126,2968.2646338216587,-969.7515744167124,4155.844389391265,986.5816329463273,-11182.849417193165,6457.226281127478
