,intercept,precip_5 max_temp_8,min_temp_4 min_temp_16,min_temp_4 max_temp_21,min_temp_5 min_temp_16,min_temp_5 min_temp_17,min_temp_5 max_temp_17,min_temp_7 max_temp_16,min_temp_8 min_temp_16,min_temp_8 avg_temp_5,min_temp_8 avg_temp_9,min_temp_9 min_temp_21,min_temp_9 max_temp_12,min_temp_9 max_temp_19,min_temp_16 max_temp_3,min_temp_18 min_temp_19,min_temp_18 max_temp_2,min_temp_21 avg_temp_3,max_temp_4 avg_temp_16,max_temp_7 avg_temp_18,max_temp_8 max_temp_19,max_temp_18 avg_temp_6,Agricultural Land Mass^2
0,36253.93478260862,-7580.161192806072,8809.163616244745,-5817.2067619701975,2747.117420169724,10497.555407658723,8744.084980352874,-22114.586856642625,9465.99659472943,8116.721739203106,1047.8657587158566,-1235.3827426618816,5669.287360263237,-3173.7049823584885,-10769.77315338693,5554.005896025826,-3459.5353218965865,1868.1779901381578,16792.476887308225,1303.249494924783,-9523.751961748198,8691.682549220459,-617.5416401781002
