,intercept,Agricultural Land Mass,min_temp_4 min_temp_16,min_temp_6 min_temp_16,min_temp_6 max_temp_16,min_temp_6 avg_temp_16,min_temp_8 min_temp_19,min_temp_16 max_temp_4,min_temp_17 max_temp_6,min_temp_17 avg_temp_9,max_temp_4 avg_temp_16,avg_temp_4 avg_temp_16,Agricultural Land Mass^2
0,39099.78260898985,3807919.717157513,417623.2734208128,1488293.628146673,1524959.056972933,-2875046.2926510926,4993.090218729617,-718708.1765927902,10601.003927365302,5772.686269744741,1038990.8736786123,-826975.4786809704,-3806719.78077505
