,intercept,Agricultural Land Mass,min_temp_4 min_temp_16,min_temp_6 min_temp_16,min_temp_6 max_temp_16,min_temp_6 avg_temp_16,min_temp_8 min_temp_19,min_temp_16 max_temp_4,min_temp_17 max_temp_6,min_temp_17 avg_temp_9,max_temp_4 avg_temp_16,avg_temp_4 avg_temp_16,Agricultural Land Mass^2
0,38652.63043487503,2636596.7827309803,684265.0271746281,1120552.2319154253,914059.5940063276,-1876219.4433497577,11215.546510817425,-1012536.7462601808,8616.917724434395,2697.2228055145356,1582611.5809876153,-1359315.1581287927,-2635494.763166254
