,intercept,Agricultural Land Mass,precip_5 max_temp_8,min_temp_4 min_temp_16,min_temp_4 max_temp_21,min_temp_5 min_temp_16,min_temp_5 max_temp_17,min_temp_6 max_temp_18,min_temp_6 max_temp_19,min_temp_7 max_temp_16,min_temp_8 avg_temp_9,min_temp_9 max_temp_12,min_temp_9 max_temp_19,min_temp_16 max_temp_3,min_temp_17 max_temp_7,min_temp_18 min_temp_19,min_temp_18 max_temp_2,min_temp_19 avg_temp_7,min_temp_20 max_temp_17,min_temp_21 max_temp_15,max_temp_4 avg_temp_16,max_temp_8 max_temp_19,avg_temp_16 avg_temp_18
0,38955.521739130636,2606.834382045212,-4275.849993142974,19150.16561299994,-6502.98245731541,14541.174103726127,11617.29226931917,10046.908931384874,-1351.9493981651265,-11261.872892487292,13646.969341491083,4466.2344717338265,-6362.2719657573625,-21041.39266722184,-919.5987852572831,14890.86219213108,1599.0653998958285,-8497.39582194911,-179.24610415142652,3308.5666743815686,7751.970675324746,-10120.94390796258,99.00192896635984
