,intercept,min_temp_6,min_temp_18,avg_temp_18,precip_1 max_temp_13,precip_3 precip_10,precip_4 precip_20,precip_5^2,precip_5 max_temp_22,precip_7 precip_19,precip_9 min_temp_2,precip_9 min_temp_10,precip_10 max_temp_13,precip_16 avg_temp_5,precip_20 max_temp_22,precip_21 min_temp_13,precip_21 min_temp_22,precip_22 avg_temp_10,min_temp_0 max_temp_2,min_temp_2 min_temp_12,min_temp_3 max_temp_12,min_temp_3 avg_temp_8,min_temp_3 avg_temp_10,min_temp_4 min_temp_9,min_temp_4 max_temp_16,min_temp_4 max_temp_21,min_temp_5 min_temp_15,min_temp_5 min_temp_16,min_temp_5 min_temp_17,min_temp_5 min_temp_18,min_temp_5 max_temp_16,min_temp_5 max_temp_20,min_temp_6^2,min_temp_6 min_temp_17,min_temp_6 min_temp_18,min_temp_6 max_temp_16,min_temp_7 avg_temp_6,min_temp_8 max_temp_2,min_temp_8 max_temp_21,min_temp_9^2,min_temp_9 max_temp_12,min_temp_18 max_temp_20,min_temp_19 max_temp_15,min_temp_20 max_temp_7,min_temp_20 avg_temp_7,max_temp_3 avg_temp_8,max_temp_5 max_temp_15,max_temp_6 avg_temp_5,max_temp_6 avg_temp_19,max_temp_7 avg_temp_19,max_temp_9 max_temp_21,max_temp_14 avg_temp_8,max_temp_16 max_temp_21,max_temp_21 avg_temp_4,max_temp_21 avg_temp_16,avg_temp_2 avg_temp_21,avg_temp_3 avg_temp_22,avg_temp_12 avg_temp_23,Agricultural Land Mass^2
0,36357.652173913055,13727.008992361336,4356.052386664147,4654.371817551712,3919.2609111300953,-41.70334250192836,519.451834606012,4622.132514377404,-7640.465663464501,-1275.5309729801108,-4184.619700262584,-5599.524547500767,-13807.936679299446,-2842.405637542799,-4762.436800327681,-2941.558157293782,9136.233459782734,-138.97789918919693,5330.161298410878,-294.0925322259924,8175.639950427839,12559.657447713398,-64.70212882944672,9841.181119566494,5442.4679919460905,493.7904409472291,16900.11546949646,7504.836988884652,2549.350971824618,488.67542627366174,11272.438846327668,6592.467322554142,856.2332794966378,4089.435135646683,2841.1294083135176,2030.5918477415423,-1127.8966396252813,121.38852885481849,3483.6453688966444,1212.2182619660312,783.9204537679586,960.0981826535058,-10179.061548308322,-10994.330085434987,-1951.1978889197535,-20839.489278187164,-22090.518870032232,-12429.215689637298,-5001.591596170385,-4700.992554036899,1776.2712301914946,-778.9656784431461,7752.666633053991,51.443923673817295,2792.052540154988,975.665708774084,-9650.52700964893,-3655.8311006447716,902.6301202562911
