,intercept,precip_5^2,min_temp_4 min_temp_16,min_temp_4 max_temp_21,min_temp_5 max_temp_17,min_temp_6 avg_temp_6,min_temp_6 avg_temp_18,min_temp_7 max_temp_16,min_temp_8 min_temp_19,min_temp_8 avg_temp_9,min_temp_9 max_temp_12,min_temp_9 max_temp_19,min_temp_16 max_temp_3,min_temp_16 avg_temp_4,min_temp_16 avg_temp_18,min_temp_17 max_temp_7,min_temp_18 min_temp_19,min_temp_18 max_temp_2,min_temp_20 avg_temp_21,min_temp_21 max_temp_15,max_temp_6 max_temp_16,max_temp_8 max_temp_19,max_temp_18 avg_temp_6,avg_temp_6 avg_temp_18
0,36089.56521739112,-2986.0019090681044,3774.1946987925407,-1858.945999842585,15709.559757827956,53.186181933115144,1183.0080582728297,-22244.739939803272,4558.704128712863,3831.5167290786635,9934.423546736945,-8976.81450806317,-8407.38871092115,17359.70007749225,4268.200733287866,-2798.685176729589,5404.918991591543,-383.43469330773513,-645.1212621676916,4588.498323569169,3204.0314093112725,-6115.42688485431,3092.683937585677,4394.908120548866
