,intercept,precip_5^2,min_temp_4 max_temp_21,min_temp_5 max_temp_17,min_temp_6 min_temp_18,min_temp_6 avg_temp_17,min_temp_6 avg_temp_18,min_temp_7 max_temp_16,min_temp_8 avg_temp_9,min_temp_9 max_temp_12,min_temp_9 max_temp_19,min_temp_16 min_temp_18,min_temp_16 max_temp_3,min_temp_16 max_temp_4,min_temp_16 avg_temp_4,min_temp_17 avg_temp_9,min_temp_18 min_temp_19,min_temp_18 max_temp_2,min_temp_19 avg_temp_7,min_temp_20 avg_temp_21,min_temp_21 max_temp_15,max_temp_8 max_temp_19,max_temp_17 avg_temp_16,Agricultural Land Mass^2
0,38705.28260869571,-1682.6498077358542,-726.1087920007433,12195.763520648414,6510.237152151476,588.0669851332294,1864.0673402846035,-21037.60940616527,4233.882391382915,6760.463852050381,-4858.862140975418,3200.10303139776,-9853.152006485803,3471.779540252033,22720.80635917498,2080.2206093934215,9781.531381290444,1788.6404846476971,-2735.388568999029,-5164.44707005636,3808.043228603114,-4647.095086336583,186.68734755254275,-1296.535288944508
