,intercept,Agricultural Land Mass,min_temp_4 min_temp_16,min_temp_8 min_temp_19,min_temp_17 max_temp_6,min_temp_17 avg_temp_9,max_temp_4 avg_temp_16
0,39782.13043478269,593.6440849481046,22610.292276493437,5581.83800083395,9914.737410247862,7198.153598031611,-12611.100098031671
