,intercept,Agricultural Land Mass,precip_5 max_temp_8,min_temp_4 min_temp_16,min_temp_5 min_temp_16,min_temp_5 min_temp_17,min_temp_6 min_temp_8,min_temp_6 max_temp_16,min_temp_6 max_temp_18,min_temp_6 avg_temp_18,min_temp_7 max_temp_16,min_temp_9 min_temp_21,min_temp_9 max_temp_12,min_temp_16 max_temp_3,min_temp_17 min_temp_18,min_temp_18 max_temp_2,min_temp_19 avg_temp_7,min_temp_20 avg_temp_21,min_temp_21 avg_temp_3,max_temp_8 max_temp_19
0,38925.782608695714,2495.0195650996566,-2160.3404837356343,13013.919133985204,19867.773744178514,2288.1891341231744,3613.920753807349,3949.6720982256743,5857.879945967984,535.8322174533729,-2808.0382312446,1518.081984064399,5381.682974673082,-21522.623107056857,7274.558790722252,-3299.6860168609705,-8518.850983588913,1757.8558094765888,4301.264606059321,-2201.3789701911924
