,intercept,Agricultural Land Mass,min_temp_4 min_temp_16,min_temp_6 min_temp_16,min_temp_6 max_temp_16,min_temp_6 avg_temp_16,min_temp_8 min_temp_19,min_temp_16 max_temp_4,min_temp_17 max_temp_6,min_temp_17 avg_temp_9,max_temp_4 avg_temp_16,avg_temp_4 avg_temp_16,Agricultural Land Mass^2
0,36075.30434802077,4341861.243997559,259335.46890402184,816978.0307604491,786051.5332796139,-1516096.5162841727,4748.142445567484,-476356.4081655556,5755.110637093346,8732.12414664892,653597.3042698129,-490532.62959693186,-4340444.844892034
