,intercept,min_temp_7,Agricultural Land Mass,precip_1 max_temp_13,precip_3 precip_10,precip_7 precip_19,precip_9 min_temp_10,precip_10 max_temp_13,precip_13 min_temp_2,precip_21 min_temp_13,precip_21 min_temp_22,min_temp_0 max_temp_2,min_temp_2 min_temp_12,min_temp_3 max_temp_12,min_temp_3 avg_temp_8,min_temp_3 avg_temp_10,min_temp_4 min_temp_16,min_temp_4 avg_temp_14,min_temp_5 min_temp_15,min_temp_5 min_temp_16,min_temp_5 max_temp_17,min_temp_6 min_temp_18,min_temp_6 max_temp_17,min_temp_8^2,min_temp_8 max_temp_21,min_temp_9 min_temp_15,min_temp_9 min_temp_21,min_temp_15 min_temp_21,min_temp_19 max_temp_8,max_temp_3 avg_temp_8,max_temp_5 max_temp_15,max_temp_8 avg_temp_19,max_temp_9 avg_temp_8,max_temp_17 avg_temp_6,avg_temp_6 avg_temp_18,avg_temp_12 avg_temp_23
0,37173.86956521742,-5973.234138220893,6259.248623971389,-1622.122827059559,4135.3580906140805,-4608.887750000859,-228.35964788348798,-5281.387262845235,1212.9338262027732,2020.278303552583,-696.1330091261318,6165.736770057305,-2137.6068903224677,73.1832384648777,2400.534478028231,-3606.7832081030083,9551.638848513947,274.7105581377115,14489.570786340073,2499.840078678467,10398.375483832318,1688.4413113382489,6087.814164038875,7670.696899337255,4231.0901666457785,1168.9084436834275,2848.0564848783843,997.5622918793225,-1092.9984972459233,-159.2396070982775,-16139.364320555496,-8031.58079295876,-2920.3249453203584,2887.4212272152463,449.14018773827127,4428.146656252314
