,intercept,Agricultural Land Mass,min_temp_4 min_temp_16,min_temp_6 min_temp_16,min_temp_6 avg_temp_16,min_temp_8 min_temp_19,min_temp_17 max_temp_6,min_temp_17 avg_temp_9,max_temp_4 avg_temp_16
0,35229.543478260835,1215.7397426243526,16478.001195525627,2607.991952236324,9845.513661282333,1488.9106576554184,8017.114283015521,2030.1124412409422,-15445.511420541161
