,intercept,Agricultural Land Mass,Agricultural Land Mass^2
0,37834.19565217293,12935707.10615322,-12940469.33574037
