,intercept,Agricultural Land Mass,min_temp_4 min_temp_16,min_temp_6 min_temp_16,min_temp_6 max_temp_16,min_temp_6 avg_temp_16,min_temp_8 min_temp_19,min_temp_16 max_temp_4,min_temp_17 max_temp_6,min_temp_17 avg_temp_9,max_temp_4 avg_temp_16,avg_temp_4 avg_temp_16,Agricultural Land Mass^2
0,38904.86956519796,1755182.2956386015,824642.3432195225,965731.5651361228,701856.4969459056,-1528575.434469836,13122.875481692306,-1132678.7254319557,12143.02580152536,2771.61749740855,1897655.0277098056,-1690108.506819577,-1751571.5055662852
