,intercept,Agricultural Land Mass,precip_1 max_temp_13,precip_3 precip_10,precip_5 min_temp_8,precip_7 precip_19,precip_7 min_temp_2,precip_9 min_temp_10,precip_10 max_temp_13,precip_22 min_temp_2,precip_22 avg_temp_10,min_temp_0 max_temp_2,min_temp_2 min_temp_12,min_temp_3 max_temp_12,min_temp_3 avg_temp_8,min_temp_4 min_temp_16,min_temp_4 avg_temp_16,min_temp_5 min_temp_17,min_temp_5 max_temp_20,min_temp_5 avg_temp_17,min_temp_6 min_temp_8,min_temp_6 min_temp_18,min_temp_6 max_temp_17,min_temp_7 avg_temp_19,min_temp_8 min_temp_17,min_temp_8 max_temp_16,min_temp_8 max_temp_21,min_temp_8 avg_temp_16,min_temp_9^2,min_temp_9 min_temp_15,min_temp_16 min_temp_21,max_temp_3 max_temp_8,max_temp_5 max_temp_15,max_temp_8 avg_temp_19,max_temp_14 avg_temp_9,avg_temp_12 avg_temp_23
0,35344.15217391306,685.8535368831701,-77.07904978794754,2244.0097351894515,-3933.2049015785187,-311.687800148025,-9111.377616928517,-386.3865183955749,-4674.691946374428,-797.3433046517125,-3138.1716025156356,-543.5526578517781,-7463.622383573994,2532.6359697892062,4729.553874058275,13051.128622941007,1760.919107965445,4050.211397001487,4137.83785818624,3853.1577079185986,1447.1089054595063,15062.320189632495,923.1830634565737,-15611.096004495617,1598.160322544163,4351.430952227048,2688.3035109264765,56.44365210256167,1780.3318477635435,7399.1844531618,3294.6994421653912,-10444.535211657421,-6551.697842806415,-717.3858789028695,-4182.208404154173,1427.1083383943785
