,intercept,Agricultural Land Mass,min_temp_4 min_temp_16,min_temp_6 min_temp_16,min_temp_6 max_temp_16,min_temp_6 avg_temp_16,min_temp_8 min_temp_19,min_temp_16 max_temp_4,min_temp_17 max_temp_6,min_temp_17 avg_temp_9,max_temp_4 avg_temp_16,avg_temp_4 avg_temp_16,Agricultural Land Mass^2
0,34464.260869707134,2499034.8389143674,387721.2922843441,1095763.0835074726,1108381.4082202371,-2102320.2669834616,8841.331377916546,-607659.7880157655,8286.73724216877,5296.671351797148,937318.4301911658,-783419.1034638803,-2497530.2008333174
