,intercept,Agricultural Land Mass,min_temp_4 min_temp_16,min_temp_6 min_temp_16,min_temp_6 max_temp_16,min_temp_6 avg_temp_16,min_temp_8 min_temp_19,min_temp_16 max_temp_4,min_temp_17 max_temp_6,min_temp_17 avg_temp_9,max_temp_4 avg_temp_16,avg_temp_4 avg_temp_16,Agricultural Land Mass^2
0,39275.695652286195,1859350.9482969407,591786.9631490326,859413.5686535919,610790.2871261596,-1330952.7031115147,8904.838323327864,-898141.9367112148,8739.2570001255,1888.0078233895897,1363257.0318157934,-1151860.2912881812,-1858816.909260027
