,intercept,Agricultural Land Mass,min_temp_4 min_temp_16,Agricultural Land Mass^2
0,35760.978261528566,10313323.131060231,17848.037916549725,-10312398.049837701
