,intercept,Agricultural Land Mass,min_temp_4 min_temp_16,min_temp_6 min_temp_16,min_temp_6 max_temp_16,min_temp_6 avg_temp_16,min_temp_8 min_temp_19,min_temp_16 max_temp_4,min_temp_17 max_temp_6,min_temp_17 avg_temp_9,max_temp_4 avg_temp_16,avg_temp_4 avg_temp_16,Agricultural Land Mass^2
0,36726.63043469298,2440077.6962476945,769916.701443301,1155986.9200206182,1095749.54540807,-2124754.3689837786,14213.500164391373,-1007275.1995628816,11052.376491228308,371.71456490191144,1755446.1788857954,-1593042.9219286274,-2436097.5835235408
