,intercept,Agricultural Land Mass,min_temp_4 min_temp_16,min_temp_6 min_temp_16,min_temp_6 max_temp_16,min_temp_6 avg_temp_16,min_temp_8 min_temp_19,min_temp_16 max_temp_4,min_temp_17 max_temp_6,min_temp_17 avg_temp_9,max_temp_4 avg_temp_16,avg_temp_4 avg_temp_16,Agricultural Land Mass^2
0,38839.02173931575,3998421.267621653,624696.331816782,669475.7452690369,321985.52855783136,-863400.8963758724,8702.892499391488,-940293.6923969946,6456.072305295495,6515.678054140214,1453349.3805580363,-1237316.796324348,-3996652.261781258
