,intercept,Agricultural Land Mass,min_temp_4 min_temp_16,min_temp_6 min_temp_16,min_temp_6 max_temp_16,min_temp_6 avg_temp_16,min_temp_8 min_temp_19,min_temp_16 max_temp_4,min_temp_17 max_temp_6,min_temp_17 avg_temp_9,max_temp_4 avg_temp_16,avg_temp_4 avg_temp_16,Agricultural Land Mass^2
0,39072.26086973845,3624997.2827646653,443607.12900782336,1185982.2292919157,1290308.814032135,-2375902.229792655,4587.263518436623,-591865.6099323881,6848.230222206255,7299.708383345388,984571.6330873154,-889050.4788313089,-3624174.084265125
