,intercept,min_temp_16,precip_5^2,precip_5 max_temp_6,min_temp_4 min_temp_16,min_temp_4 min_temp_17,min_temp_4 max_temp_21,min_temp_4 avg_temp_3,min_temp_4 avg_temp_21,min_temp_5 min_temp_17,min_temp_5 max_temp_17,min_temp_6 min_temp_16,min_temp_6 min_temp_18,min_temp_6 avg_temp_6,min_temp_8 min_temp_16,min_temp_8 avg_temp_5,min_temp_9 min_temp_21,min_temp_9 max_temp_12,min_temp_9 max_temp_18,min_temp_16 min_temp_17,min_temp_16 max_temp_3,min_temp_16 max_temp_20,min_temp_16 Agricultural Land Mass,min_temp_17 min_temp_18,min_temp_17 avg_temp_9,min_temp_18 min_temp_19,min_temp_18 max_temp_2,min_temp_18 max_temp_6,min_temp_19 avg_temp_7,min_temp_19 avg_temp_8,min_temp_20 max_temp_17,min_temp_20 avg_temp_21,min_temp_21 max_temp_15,min_temp_21 avg_temp_3,max_temp_8 avg_temp_19,max_temp_17 avg_temp_5,max_temp_18 avg_temp_6,avg_temp_16 avg_temp_18,Agricultural Land Mass^2
0,33556.260869565216,-48539.256661664236,-1120.4308117427524,100.5440145569596,112389.24668035792,-87623.21323644221,-33475.70645216304,73944.07876711444,-12649.73122845646,658.8926817928436,14220.771748858673,75381.51139173604,-26379.304831142512,-4838.6669228776045,46673.43448500031,-15539.728543824307,-8290.19364632869,6839.210038722572,-675.4841499482183,12470.024831656967,-109769.74923834454,8917.553320655448,-53535.447241255984,39849.031862653785,13198.001574347913,34585.2588418698,1279.061282705482,-17897.302850746248,-19160.420852329604,-11216.03746358208,-45524.26461289247,54090.99026449526,-23271.54852229176,10311.100515925606,-5488.88557709174,4164.670484155827,16110.021831762318,4112.396562406798,6340.808855279411
