,intercept,Agricultural Land Mass,min_temp_4 min_temp_16,min_temp_6 min_temp_16,min_temp_6 max_temp_16,min_temp_6 avg_temp_16,min_temp_8 min_temp_19,min_temp_16 max_temp_4,min_temp_17 max_temp_6,min_temp_17 avg_temp_9,max_temp_4 avg_temp_16,avg_temp_4 avg_temp_16,Agricultural Land Mass^2
0,36878.21739145002,4579742.754105076,565024.9233601509,235185.20732479435,-74003.13248779059,-77516.27527026864,9320.395633502418,-745744.7093038531,5940.333623127004,4686.492272666235,1268594.056512824,-1147901.5820328584,-4578507.440274825
