,intercept,Agricultural Land Mass,min_temp_4 min_temp_16,min_temp_6 min_temp_16,min_temp_6 max_temp_16,min_temp_6 avg_temp_16,min_temp_8 min_temp_19,min_temp_16 max_temp_4,min_temp_17 max_temp_6,min_temp_17 avg_temp_9,max_temp_4 avg_temp_16,avg_temp_4 avg_temp_16,Agricultural Land Mass^2
0,32546.30434782563,42766.43620674518,127796.91893326699,113431.80939139136,-18493.795031639704,-57272.30310067981,-801.2586225446487,-208409.79641553684,3280.2596937233334,6311.510283674899,276179.27514975646,-218891.40099972388,-42713.61712958645
