,intercept,Agricultural Land Mass,min_temp_4 min_temp_16,min_temp_6 min_temp_16,min_temp_6 max_temp_16,min_temp_6 avg_temp_16,min_temp_8 min_temp_19,min_temp_16 max_temp_4,min_temp_17 max_temp_6,min_temp_17 avg_temp_9,max_temp_4 avg_temp_16,avg_temp_4 avg_temp_16,Agricultural Land Mass^2
0,33995.130434855666,2183317.52653962,768458.1034216593,657903.8762090971,595215.0226242264,-1172754.7142891735,4602.340183278809,-844249.751825217,4854.778312149063,10945.064130313656,1645526.6573729245,-1618977.8807957557,-2181050.5868274868
