,intercept,Agricultural Land Mass,min_temp_4 min_temp_16,min_temp_6 min_temp_16,min_temp_6 max_temp_16,min_temp_6 avg_temp_16,min_temp_8 min_temp_19,min_temp_16 max_temp_4,min_temp_17 max_temp_6,min_temp_17 avg_temp_9,max_temp_4 avg_temp_16,avg_temp_4 avg_temp_16,Agricultural Land Mass^2
0,36763.28260866744,1957810.8715037,727181.4595080646,1021539.524306809,597971.8251698824,-1432411.547413991,4981.709566509487,-1186272.3488631938,6272.190336572665,-2754.52706621744,1753390.6930430036,-1440564.2580861996,-1957489.047155202
