,intercept,Agricultural Land Mass,precip_1 max_temp_13,precip_4 precip_20,precip_5^2,precip_7 precip_19,precip_9 min_temp_2,precip_9 min_temp_10,precip_12 max_temp_23,precip_21 min_temp_13,precip_21 min_temp_22,precip_22 min_temp_9,precip_22 avg_temp_10,min_temp_0 max_temp_2,min_temp_2 min_temp_12,min_temp_3 max_temp_12,min_temp_3 avg_temp_8,min_temp_4 avg_temp_14,min_temp_5 max_temp_17,min_temp_6 max_temp_17,min_temp_6 max_temp_18,min_temp_8 max_temp_4,min_temp_8 max_temp_9,min_temp_9 max_temp_3,min_temp_15 min_temp_19,min_temp_16 max_temp_22,min_temp_17 max_temp_2,min_temp_18 max_temp_2,min_temp_18 max_temp_9,min_temp_19 avg_temp_18,min_temp_20 max_temp_4,min_temp_20 max_temp_17,max_temp_2 avg_temp_16,max_temp_3 max_temp_8,max_temp_4 avg_temp_21,max_temp_5 max_temp_15,max_temp_7 avg_temp_19,max_temp_8 max_temp_19,avg_temp_7 avg_temp_19,avg_temp_18^2
0,37844.97826086967,1893.576250864754,-752.488812314576,838.7440330675889,-4636.080230365409,-4670.972911335887,2225.244364860017,-796.9156045802688,2036.3655789374059,-2163.849949869173,213.61089869812648,9343.39706637286,-7192.2869910760355,-2520.947405214182,-5216.172126058473,13085.793737904265,707.4513227551607,10701.978997469696,17743.61925236847,2813.765038555848,6651.103996018681,1067.93361347568,3186.3220117935793,-771.0099305697493,8491.767611128624,2610.3705564399634,-1766.4722543013868,-2619.0603418727937,183.44539689294925,3899.557025494523,1739.7453538270877,1071.1175984390186,-3953.973184014223,-11898.737832707953,5206.515687931101,-7915.096977449325,-13800.459932224627,-2063.9985303085878,-1513.920619369864,1905.4860544948476
