,intercept,Agricultural Land Mass,min_temp_4 min_temp_16,min_temp_6 max_temp_16,min_temp_8 min_temp_19,min_temp_17 max_temp_6,min_temp_17 avg_temp_9,max_temp_4 avg_temp_16
0,35369.652173913084,1324.1698059940231,17794.175440525956,5598.311918331643,2855.0084656976724,10319.74109755665,1030.1028924138175,-9270.35472258133
