,intercept,Agricultural Land Mass,precip_5^2,min_temp_4 min_temp_16,min_temp_4 max_temp_21,min_temp_5 max_temp_17,min_temp_6 max_temp_19,min_temp_6 avg_temp_18,min_temp_7 max_temp_16,min_temp_8 avg_temp_9,min_temp_9 max_temp_12,min_temp_9 max_temp_19,min_temp_16 max_temp_3,min_temp_16 avg_temp_4,min_temp_17 max_temp_6,min_temp_17 avg_temp_9,min_temp_18 min_temp_19,min_temp_18 max_temp_2,min_temp_19 avg_temp_7,min_temp_21 max_temp_15,max_temp_4 avg_temp_16,max_temp_7 avg_temp_18,max_temp_8 max_temp_19,max_temp_18 avg_temp_6
0,38453.8478260871,2223.4321234791855,-4767.649570622156,9026.790513536205,-3949.964085527804,13233.30465139757,-2738.114094423889,3146.061741257062,-12772.539300697774,8852.008364582856,10597.936225119907,-9899.257419712178,-9860.649232195483,11049.713097460428,-2531.1096068937795,1119.7767955289446,14382.515266627772,-608.6518378934438,-6193.735297797926,6403.942156948214,1164.9804823391974,217.37649630492837,-4408.611252998636,6373.108186376279
