,intercept,Agricultural Land Mass,Agricultural Land Mass^2
0,39691.89130511002,13303450.400827758,-13307564.803880678
