,intercept,Agricultural Land Mass,precip_5 max_temp_8,min_temp_4 min_temp_16,min_temp_4 max_temp_21,min_temp_5 max_temp_17,min_temp_6 max_temp_18,min_temp_7 max_temp_16,min_temp_8 min_temp_16,min_temp_8 avg_temp_9,min_temp_9 min_temp_21,min_temp_9 max_temp_12,min_temp_9 max_temp_19,min_temp_16 max_temp_3,min_temp_17 min_temp_18,min_temp_17 avg_temp_9,min_temp_18 min_temp_19,min_temp_18 max_temp_2,min_temp_20 avg_temp_21,min_temp_21 max_temp_15,min_temp_21 avg_temp_3,max_temp_4 avg_temp_16,max_temp_7 avg_temp_18,max_temp_8 max_temp_19,max_temp_18 avg_temp_6,avg_temp_16 avg_temp_18
0,38324.89130434793,2008.6351967385265,-3398.2945397766384,16015.112391299941,-6961.0311403505975,18825.37734377722,2566.2934019817408,-26727.874034347515,22029.54483511171,4518.543779316256,207.80924183596747,1204.1589908874012,-2955.7892301647057,-23644.495784336566,13.30856555771828,5427.636693422397,3140.4664620444455,-1264.6597685523313,-2468.496137237998,5756.7235824005065,3773.7004345963674,11703.748418117488,3440.4029189232174,-11327.052400995404,4287.410632028376,3355.876246975883
