,intercept,Agricultural Land Mass,min_temp_4 min_temp_16,min_temp_6 min_temp_16,min_temp_6 max_temp_16,min_temp_6 avg_temp_16,min_temp_8 min_temp_19,min_temp_16 max_temp_4,min_temp_17 max_temp_6,min_temp_17 avg_temp_9,max_temp_4 avg_temp_16,avg_temp_4 avg_temp_16,Agricultural Land Mass^2
0,37198.4347826455,2087422.76537293,743117.9154220974,814188.9834324118,713662.2918786069,-1428692.4651623087,12245.910306210548,-898858.0446315729,8415.321062023486,2042.5779364803434,1646398.669789883,-1545763.5781874924,-2084429.6772605553
