,intercept,Agricultural Land Mass,min_temp_4 min_temp_16,min_temp_6 min_temp_16,min_temp_6 max_temp_16,min_temp_8 min_temp_19,min_temp_17 max_temp_6,min_temp_17 avg_temp_9,max_temp_4 avg_temp_16
0,34858.30434782616,730.2225216029104,17935.031954225033,413.10172568659584,7720.525725143105,2244.11491834384,9856.66356371473,-256.1430456720074,-11383.49549233888
