,intercept,Agricultural Land Mass,precip_1 max_temp_13,precip_3 precip_10,precip_5^2,precip_5 min_temp_16,precip_7 min_temp_2,precip_9 min_temp_2,precip_10 max_temp_13,precip_12 max_temp_23,precip_16 max_temp_20,precip_21 min_temp_13,precip_22 min_temp_9,min_temp_0 max_temp_2,min_temp_3 avg_temp_10,min_temp_4 avg_temp_14,min_temp_5 min_temp_15,min_temp_5 max_temp_17,min_temp_6 max_temp_3,min_temp_6 max_temp_8,min_temp_8 min_temp_17,min_temp_8 max_temp_9,min_temp_8 avg_temp_17,max_temp_4 avg_temp_16,max_temp_7 avg_temp_18,max_temp_8 avg_temp_18,max_temp_17 avg_temp_4,avg_temp_3 avg_temp_22,avg_temp_12 avg_temp_23,avg_temp_17 avg_temp_19
0,32080.413043478253,402.70937604985926,3627.3110346779026,1019.7157807768523,1573.4403636587604,947.9103152460052,-563.9515287995802,5161.844425994893,-441.63638254866316,-1276.7665865434494,-3277.11158898218,-2917.5078723104775,1759.5813404950106,-4117.551027717073,-285.9674793934584,571.9206890905892,742.2857655149885,5133.183808299797,-1751.4962326886916,-542.2030807755458,6149.662325011798,3546.0812848213145,963.7626273010821,916.472173518125,-1029.524287473362,-161.63475274834585,1092.7221641600229,-525.1910531365942,-775.9368894579004,738.8118603782019
