,intercept,Agricultural Land Mass,min_temp_4 min_temp_16,min_temp_6 min_temp_16,min_temp_6 max_temp_16,min_temp_6 avg_temp_16,min_temp_8 min_temp_19,min_temp_16 max_temp_4,min_temp_17 max_temp_6,min_temp_17 avg_temp_9,max_temp_4 avg_temp_16,avg_temp_4 avg_temp_16,Agricultural Land Mass^2
0,39575.086956579005,1536347.4333309806,648708.5319661536,899048.46691384,629322.8415491581,-1382481.9736772466,9216.456171463346,-963658.2844843346,8705.377021623804,3459.1937097770747,1505043.6315254292,-1286909.6203956087,-1534443.4193265676
