,intercept,Agricultural Land Mass,min_temp_4 min_temp_16,min_temp_6 min_temp_16,min_temp_6 max_temp_16,min_temp_8 min_temp_19,min_temp_17 max_temp_6,min_temp_17 avg_temp_9,max_temp_4 avg_temp_16
0,36995.34782608697,242.82101872972677,15359.28822899662,3899.231936441005,3491.3550188388353,3364.8864971599846,9121.375199029133,1912.103388285849,-9369.872894469909
