,intercept,Agricultural Land Mass,Agricultural Land Mass^2
0,38936.43478331237,13207594.70333904,-13211616.726861056
