,intercept,Agricultural Land Mass,precip_5 max_temp_8,min_temp_4 min_temp_16,min_temp_4 max_temp_21,min_temp_5 min_temp_16,min_temp_5 min_temp_17,min_temp_5 max_temp_17,min_temp_6 min_temp_18,min_temp_7 max_temp_16,min_temp_8 min_temp_16,min_temp_8 avg_temp_9,min_temp_9 max_temp_12,min_temp_9 max_temp_19,min_temp_16 min_temp_18,min_temp_16 max_temp_3,min_temp_18 min_temp_19,min_temp_20 max_temp_17,min_temp_21 avg_temp_3,max_temp_4 avg_temp_16,max_temp_7 avg_temp_18,max_temp_8 max_temp_19,avg_temp_16 avg_temp_18
0,37626.50000000014,822.4803212770667,-4470.102772102684,11417.573869602009,-3780.244787839851,1496.6534312082172,499.48729807723225,20523.427670398145,4929.147410846401,-16959.860510742612,13964.89137803137,12729.490796217988,6111.47864495982,-4088.5231269937017,5632.027406591144,-19426.824377046163,3938.1990220793496,-5686.997326802368,7221.256555564804,837.9354927084966,856.8287042942735,-11471.024263868618,4681.097606161709
