,intercept,Agricultural Land Mass,Agricultural Land Mass^2
0,39529.73913099945,12345987.907680944,-12353706.915087137
