,intercept,Agricultural Land Mass,min_temp_4 min_temp_16,min_temp_6 min_temp_16,min_temp_8 min_temp_19,min_temp_16 max_temp_4,min_temp_17 max_temp_6,min_temp_17 avg_temp_9,max_temp_4 avg_temp_16
0,39260.43478260873,2504.4674274151857,27714.928276208087,5638.496202291227,7049.128016929775,-19820.602032618077,9611.989367559965,5149.836874463703,-3353.876699909959
