,intercept,Agricultural Land Mass,Agricultural Land Mass^2
0,35159.95652179994,11383312.66881943,-11386598.146623401
