,intercept,Agricultural Land Mass,Agricultural Land Mass^2
0,40942.500000943735,12979768.190356458,-12985679.098919509
