,intercept,Agricultural Land Mass,Agricultural Land Mass^2
0,40189.173913015,14459238.565412108,-14462968.966585105
