,intercept,Agricultural Land Mass,precip_0 max_temp_12,precip_2 min_temp_9,precip_2 min_temp_14,precip_2 avg_temp_14,precip_4 min_temp_14,precip_5 precip_22,precip_5 min_temp_11,precip_6 min_temp_11,precip_7 max_temp_1,precip_7 avg_temp_1,precip_8 precip_16,precip_8 precip_18,precip_11 min_temp_22,precip_12 precip_21,precip_14 max_temp_1,precip_15 precip_22,precip_15 min_temp_9,precip_16 precip_19,precip_19 max_temp_13,precip_23 avg_temp_10,precip_23 avg_temp_14,min_temp_1 max_temp_1,min_temp_2 min_temp_10,min_temp_2 min_temp_23,min_temp_4 min_temp_16,min_temp_5 min_temp_6,min_temp_5 min_temp_8,min_temp_5 min_temp_16,min_temp_5 min_temp_17,min_temp_6 min_temp_17,min_temp_11 avg_temp_23,max_temp_0 avg_temp_11,max_temp_7^2,max_temp_10 max_temp_15,max_temp_10 max_temp_22,max_temp_10 avg_temp_22,avg_temp_0^2,avg_temp_0 avg_temp_11
0,36219.06521739132,1699.6204949765638,1043.3113307830372,597.9468235233945,5492.007807886453,1639.9373562219043,1224.7099119093484,-648.3040154501057,788.3512983849164,574.9067410909385,-1528.3500279940697,-507.2428773271062,-536.5219042593994,-3586.258658304993,-6029.064633318399,801.2671970440462,-2709.7117843519095,3820.72820541288,673.4720508309929,-4690.211148004996,-204.89040907083287,-350.13417555164506,-4573.418066621338,1101.9916378325913,-161.3777883020817,-2921.6306858749977,2289.3116489113677,581.3099571832786,5830.283482906757,7708.290121918489,9864.788881440934,4525.672891627194,1595.3437195733964,994.0753275986046,-3096.5130470340036,-3337.897414110962,-224.65419542307686,-2099.218589196623,5616.0230639418,6875.224091912158
