,intercept,Agricultural Land Mass,precip_5^2,min_temp_4 min_temp_16,min_temp_4 max_temp_21,min_temp_5 min_temp_16,min_temp_5 max_temp_17,min_temp_6 min_temp_18,min_temp_6 max_temp_16,min_temp_6 avg_temp_18,min_temp_7 max_temp_16,min_temp_8 min_temp_16,min_temp_8 avg_temp_9,min_temp_9 max_temp_12,min_temp_9 max_temp_19,min_temp_16 max_temp_3,min_temp_17 max_temp_7,min_temp_18 min_temp_19,min_temp_18 max_temp_2,min_temp_21 max_temp_15,max_temp_6 max_temp_16,max_temp_8 max_temp_19,max_temp_16 avg_temp_6,avg_temp_6 avg_temp_18
0,39802.804347826335,2016.2268019637893,-3753.7093773789725,26866.229577306633,-10070.564011024588,10870.908501119391,13516.212236293917,2005.7397356345293,287.0791415997058,8846.831799849899,-23147.469060611817,4796.845598886625,772.4066494484246,10216.08829709097,-7057.596840296849,-13269.918900404416,-1847.7369672999866,2456.4746492064696,117.1173811161656,7050.37123466114,263.8070811504335,-5185.259067900904,8.596789596319823,3749.7802269177996
