,intercept,min_temp_7,precip_3 precip_10,precip_5 max_temp_22,precip_7 precip_19,precip_7 min_temp_2,precip_9 min_temp_10,precip_10 max_temp_13,precip_12 max_temp_23,precip_21 min_temp_13,precip_21 min_temp_22,precip_22 min_temp_2,precip_22 avg_temp_10,min_temp_0 min_temp_2,min_temp_2 min_temp_12,min_temp_3 max_temp_12,min_temp_3 avg_temp_8,min_temp_4 max_temp_16,min_temp_4 avg_temp_14,min_temp_4 avg_temp_16,min_temp_5 min_temp_15,min_temp_5 min_temp_17,min_temp_5 max_temp_16,min_temp_6^2,min_temp_6 min_temp_8,min_temp_6 min_temp_18,min_temp_6 avg_temp_21,min_temp_7 min_temp_20,min_temp_8 min_temp_17,min_temp_9 min_temp_15,min_temp_9 min_temp_21,min_temp_20 max_temp_7,max_temp_3 max_temp_8,max_temp_5 max_temp_15,max_temp_7 avg_temp_19,max_temp_8 max_temp_19,avg_temp_3 avg_temp_22,avg_temp_12 avg_temp_23
0,35914.69565217388,-218.8648936764913,7314.590432288314,-5131.533096875761,-3407.9758964378866,-137.21976516342727,-4267.707004739082,-11731.927738042345,1512.0007698296274,2191.1803059216395,1947.680266258362,-1650.0262949899998,-789.4435189568372,2978.0296229139376,-1732.9518548931728,1881.5167634394925,3495.434255431622,3442.6483977903526,2405.599765878193,8089.0946733187175,3981.418612843196,10480.2590280394,7871.29539029718,1549.9472188209547,3679.9842485075624,5405.507546863205,10297.086488190702,-1016.1232653423373,1772.5623878530944,5357.925017093831,515.3601768129721,-290.4617641937596,-10103.323333436289,-9620.80543094188,-10741.667511844496,-934.4017705706315,-1390.574708249001,6292.417812399994
