,intercept,Agricultural Land Mass,min_temp_4 min_temp_16,min_temp_8 min_temp_19,min_temp_16 max_temp_4,min_temp_17 max_temp_6,min_temp_17 avg_temp_9,max_temp_4 avg_temp_16
0,40769.739130434864,637.770356032682,14568.293816598338,7656.787477801601,-939.1035276319651,9679.401227544366,9810.030157984365,-6294.903863584359
