,intercept,min_temp_7,precip_1 max_temp_13,precip_4 precip_20,precip_5 min_temp_8,precip_7 precip_19,precip_9 min_temp_10,precip_10 max_temp_13,precip_16 min_temp_0,precip_22 avg_temp_10,min_temp_2 min_temp_12,min_temp_3 max_temp_12,min_temp_3 avg_temp_8,min_temp_3 avg_temp_10,min_temp_4 avg_temp_14,min_temp_5 max_temp_17,min_temp_6 max_temp_18,min_temp_7 avg_temp_19,min_temp_8 max_temp_21,min_temp_9 min_temp_15,min_temp_16 max_temp_4,min_temp_17 max_temp_2,min_temp_18 max_temp_2,max_temp_3 max_temp_8,max_temp_4 avg_temp_21,max_temp_5 max_temp_15,max_temp_6 avg_temp_19,max_temp_8 max_temp_19,max_temp_16 max_temp_21,max_temp_17 avg_temp_4,max_temp_19 avg_temp_20,avg_temp_3 avg_temp_22,avg_temp_7 avg_temp_19,avg_temp_12 avg_temp_23,avg_temp_18^2
0,39020.54347826095,-7787.170079474136,-2526.41030185944,2676.140509629548,-6727.526874845832,-5618.286640265637,-4862.795765691861,-7946.293813323162,327.65993325038255,-1264.2444703246174,-4727.383123972157,14097.504211793685,9151.854302210691,7096.838121910655,8895.087466560672,21074.25921065667,16997.203077887854,-869.6836936689424,6195.68072891466,19971.155317965273,4147.073647369306,-3766.216810523702,-9198.711098885024,-23107.547523418158,4323.992013167791,-16092.078548897342,-4578.147863675525,-2874.29827102121,182.67084323377273,8484.88041070273,-5654.268788845515,-3888.18896068289,-8125.086417457897,2930.192577816121,8580.542505541722
