,intercept,Agricultural Land Mass,Agricultural Land Mass^2
0,40959.15217391763,252360.74030162746,-258079.28591018074
