,intercept,Agricultural Land Mass,min_temp_4 min_temp_16,Agricultural Land Mass^2
0,36956.89130472491,11642310.710783591,18159.693173200467,-11642083.500473255
