,intercept,Agricultural Land Mass,min_temp_4 min_temp_16,min_temp_6 min_temp_16,min_temp_6 max_temp_16,min_temp_6 avg_temp_16,min_temp_8 min_temp_19,min_temp_16 max_temp_4,min_temp_17 max_temp_6,min_temp_17 avg_temp_9,max_temp_4 avg_temp_16,avg_temp_4 avg_temp_16,Agricultural Land Mass^2
0,38499.13043481258,3847720.164752795,130927.26481726272,937785.3521619309,1044752.2176913637,-1900884.922232591,5988.190404411886,-289094.41856965935,4856.271333163011,11368.47548039457,365940.48777550075,-250598.71766493775,-3847761.744434357
