,intercept,Agricultural Land Mass,Agricultural Land Mass^2
0,38361.239129912115,15436863.07548867,-15442633.212926567
