,intercept,Agricultural Land Mass,min_temp_4 min_temp_16,min_temp_6 min_temp_16,min_temp_6 max_temp_16,min_temp_6 avg_temp_16,min_temp_8 min_temp_19,min_temp_16 max_temp_4,min_temp_17 max_temp_6,min_temp_17 avg_temp_9,max_temp_4 avg_temp_16,avg_temp_4 avg_temp_16,Agricultural Land Mass^2
0,31667.26086979187,3833716.6976406244,233937.56806282958,530539.9933674255,567732.0254185792,-1049070.3163454891,3940.9071534912055,-312257.1884783269,970.9207712505781,4303.879644569492,539634.44761602,-481969.54998211825,-3833272.604868162
