,intercept,Agricultural Land Mass,min_temp_4 min_temp_16,min_temp_6 min_temp_16,min_temp_6 max_temp_16,min_temp_6 avg_temp_16,min_temp_8 min_temp_19,min_temp_16 max_temp_4,min_temp_17 max_temp_6,min_temp_17 avg_temp_9,max_temp_4 avg_temp_16,avg_temp_4 avg_temp_16,Agricultural Land Mass^2
0,34244.217391361526,2935824.5901155765,779927.670179347,796619.8025459687,658451.7658906931,-1351382.510750924,5822.29291532088,-950929.9588188526,5023.707918809543,8410.542600638428,1737234.4752794625,-1629894.7064553788,-2933579.5574445785
