,intercept,Agricultural Land Mass,min_temp_4 min_temp_16,min_temp_6 min_temp_16,min_temp_8 min_temp_19,min_temp_16 max_temp_4,min_temp_17 max_temp_6,min_temp_17 avg_temp_9,max_temp_4 avg_temp_16
0,40937.413043478235,2488.916487198203,30439.092071837975,11159.675877425641,6264.770432769385,-28932.414436259995,9719.033288835704,5272.8072117957645,364.17769365651924
