,intercept,Agricultural Land Mass,min_temp_4 min_temp_16,min_temp_6 min_temp_16,min_temp_6 max_temp_16,min_temp_6 avg_temp_16,min_temp_8 min_temp_19,min_temp_16 max_temp_4,min_temp_17 max_temp_6,min_temp_17 avg_temp_9,max_temp_4 avg_temp_16,avg_temp_4 avg_temp_16,Agricultural Land Mass^2
0,35736.543478259555,5199058.336897879,287588.4970738115,351482.7984670782,398333.7952407903,-726279.3159832779,9225.495861764435,-289537.546331612,6835.06254696371,5127.061352090758,587358.3951997154,-587905.7932570527,-5197493.174861237
