,intercept,Agricultural Land Mass,min_temp_4 min_temp_16,min_temp_6 min_temp_16,min_temp_6 max_temp_16,min_temp_6 avg_temp_16,min_temp_8 min_temp_19,min_temp_16 max_temp_4,min_temp_17 max_temp_6,min_temp_17 avg_temp_9,max_temp_4 avg_temp_16,avg_temp_4 avg_temp_16,Agricultural Land Mass^2
0,38592.847826085774,85845.71615797229,180156.45261431843,164638.99803478064,-47246.707672940305,-59897.51935735238,7515.408612037283,-343283.79859976616,8553.778164925601,7251.315134529658,427112.68180968636,-307759.6551231228,-85225.84604743068
