,intercept,Agricultural Land Mass,precip_0 precip_12,precip_0 precip_19,precip_0 max_temp_13,precip_0 avg_temp_13,precip_2 min_temp_16,precip_4 precip_23,precip_7 precip_9,precip_8^2,precip_8 precip_9,precip_8 precip_16,precip_8 max_temp_13,precip_11 min_temp_14,precip_11 max_temp_13,precip_11 avg_temp_13,precip_13 max_temp_1,precip_13 max_temp_13,precip_14 precip_15,precip_15 precip_22,precip_15 min_temp_2,precip_15 max_temp_12,precip_16 precip_19,precip_19 min_temp_1,precip_20 precip_22,precip_22 min_temp_14,precip_22 avg_temp_12,precip_23 min_temp_13,precip_23 min_temp_14,min_temp_2 min_temp_10,min_temp_4 min_temp_9,min_temp_4 min_temp_16,min_temp_5 min_temp_16,min_temp_5 max_temp_17,min_temp_7 max_temp_3,min_temp_8 min_temp_16,min_temp_8 min_temp_17,min_temp_8 max_temp_22,min_temp_8 avg_temp_9,min_temp_8 avg_temp_17,min_temp_12 max_temp_12,min_temp_14^2,min_temp_14 avg_temp_23,min_temp_16 max_temp_11,min_temp_16 max_temp_22,Agricultural Land Mass^2
0,36929.58695652193,1160.2126497054842,-1662.140840314728,-10.407703919941683,-1488.0356709028058,-940.017806574482,242.8634442285615,-642.8114012705825,-3812.341783300844,-440.70084403605705,-2400.8175875052607,-3257.027293703454,-329.11858533842553,-5220.3112668804215,-2460.3286105585044,-1109.279840977954,-3613.412560530127,-97.84306118769832,1481.3522582635906,8488.215785063301,5359.263759555675,842.2375844701504,-4807.223762284475,1550.1483977609337,-6120.04786306718,5895.8547521939945,5090.93703855694,4950.358254820762,-5590.905038616676,-6372.181160458487,1453.767194997216,2383.940164015657,1542.910018627027,22501.361427418746,-5282.641203517543,563.9991229145618,6104.556267257128,3500.930637378008,2335.79575893847,8.975826959581868,-1328.0331719224064,260.1827315203202,8210.045906789965,2761.7665203540605,0.6514628950249259,5190.8466031224925
