,intercept,Agricultural Land Mass,min_temp_4 min_temp_16,min_temp_6 min_temp_16,min_temp_6 max_temp_16,min_temp_6 avg_temp_16,min_temp_8 min_temp_19,min_temp_16 max_temp_4,min_temp_17 max_temp_6,min_temp_17 avg_temp_9,max_temp_4 avg_temp_16,avg_temp_4 avg_temp_16,Agricultural Land Mass^2
0,39497.71739128353,472186.1963746237,736655.5854853202,1284337.9054465299,1172128.3652545516,-2301639.624372435,9079.555573987696,-1020408.6144000577,11481.641510144802,2471.423349986753,1670037.1372227573,-1479090.948414052,-469882.9575900002
