,intercept,Agricultural Land Mass,min_temp_4 min_temp_16,min_temp_6 min_temp_16,min_temp_6 max_temp_16,min_temp_6 avg_temp_16,min_temp_8 min_temp_19,min_temp_16 max_temp_4,min_temp_17 max_temp_6,min_temp_17 avg_temp_9,max_temp_4 avg_temp_16,avg_temp_4 avg_temp_16,Agricultural Land Mass^2
0,39084.086956549756,3785401.689571767,680969.7064255392,834847.056222836,608263.9743699608,-1322138.4567577827,9403.46746388102,-954613.1896492502,8612.490802460958,1993.8616351194669,1577142.63330774,-1383186.6869716262,-3782581.678089183
