,intercept,Agricultural Land Mass,precip_5^2,min_temp_4 min_temp_16,min_temp_4 max_temp_21,min_temp_5 max_temp_17,min_temp_7 max_temp_16,min_temp_8 avg_temp_9,min_temp_9 max_temp_12,min_temp_9 max_temp_19,min_temp_16 max_temp_3,min_temp_16 avg_temp_4,min_temp_18 min_temp_19,min_temp_18 max_temp_2,min_temp_18 max_temp_6,min_temp_20 avg_temp_21,min_temp_21 max_temp_15,max_temp_8 max_temp_19,max_temp_18 avg_temp_6
0,36032.17391304351,1406.4917554944989,-2980.9464358978034,5276.342498899885,-5856.571149975869,13484.707007566749,-13958.430336053943,12296.946372711724,5935.064594815212,-8032.799661737363,-6071.363534621994,12977.319499454601,6974.6117120412855,2410.0877511845115,1721.6401184195713,-1649.647910533881,4798.704929058352,-5923.757793438112,4017.126815790021
