,intercept,Agricultural Land Mass,min_temp_4 min_temp_16,min_temp_6 min_temp_16,min_temp_6 max_temp_16,min_temp_6 avg_temp_16,min_temp_8 min_temp_19,min_temp_16 max_temp_4,min_temp_17 max_temp_6,min_temp_17 avg_temp_9,max_temp_4 avg_temp_16,avg_temp_4 avg_temp_16,Agricultural Land Mass^2
0,37834.717391325605,4652367.310532422,559792.0852476445,274145.1446955779,-10388.574650846873,-175978.00722995622,9677.40392513723,-740760.5598778541,7297.500472649517,4004.2266919101107,1235111.7269389045,-1113443.0127347829,-4651529.371779194
