,intercept,precip_5 max_temp_8,min_temp_4 min_temp_16,min_temp_5 min_temp_16,min_temp_5 min_temp_17,min_temp_6 min_temp_8,min_temp_6 max_temp_18,min_temp_7 max_temp_16,min_temp_8 min_temp_16,min_temp_9 max_temp_12,min_temp_9 max_temp_19,min_temp_16 max_temp_3,min_temp_16 max_temp_21,min_temp_17 avg_temp_9,min_temp_18 max_temp_2,min_temp_18 max_temp_6,min_temp_19 avg_temp_7,min_temp_20 avg_temp_16,min_temp_20 avg_temp_21,min_temp_21 max_temp_15,max_temp_8 avg_temp_19,avg_temp_9 avg_temp_21
0,37175.0434782609,-4734.05149166914,14699.0642770001,16874.516060277158,8581.791784640665,5108.466824038616,7589.999009941465,-6860.54583747989,247.13821033245412,4408.502819433006,-283.2740617188469,-17068.107992449048,3756.980712453054,-354.22983672600463,-4487.766253029157,-130.38862572984033,-4062.4593411631245,1753.8791732624609,5595.26214024843,-2458.780541004007,-2534.360584091288,-1654.3400437537512
