,intercept,Agricultural Land Mass,min_temp_4 min_temp_16,min_temp_6 min_temp_16,min_temp_6 max_temp_16,min_temp_6 avg_temp_16,min_temp_8 min_temp_19,min_temp_16 max_temp_4,min_temp_17 max_temp_6,min_temp_17 avg_temp_9,max_temp_4 avg_temp_16,avg_temp_4 avg_temp_16,Agricultural Land Mass^2
0,37787.6304347819,50233.04356842278,189685.74309342765,100742.35105358671,4934.453069881631,-78221.95987330226,7544.6960220424135,-234016.75827322403,7468.957562175336,7211.045219043716,373370.5850733552,-345803.35642096563,-47874.01765172927
