,intercept,Agricultural Land Mass,min_temp_4 min_temp_16,min_temp_6 min_temp_16,min_temp_6 max_temp_16,min_temp_6 avg_temp_16,min_temp_8 min_temp_19,min_temp_16 max_temp_4,min_temp_17 max_temp_6,min_temp_17 avg_temp_9,max_temp_4 avg_temp_16,avg_temp_4 avg_temp_16,Agricultural Land Mass^2
0,38123.65217399282,4991357.678062138,639262.9530658299,790853.6805389974,635751.5930161661,-1314796.6897864784,7991.4411054810025,-843041.7328574782,8744.637925912306,2288.3414069661194,1410033.229218868,-1277442.1373393214,-4989389.063226796
