,intercept,Agricultural Land Mass,min_temp_4 min_temp_16,min_temp_6 min_temp_16,min_temp_6 max_temp_16,min_temp_6 avg_temp_16,min_temp_8 min_temp_19,min_temp_16 max_temp_4,min_temp_17 max_temp_6,min_temp_17 avg_temp_9,max_temp_4 avg_temp_16,avg_temp_4 avg_temp_16,Agricultural Land Mass^2
0,37833.04347825148,2428979.9322743067,632741.0642838448,579917.4754198953,251554.65603139298,-703242.4687092028,7456.570248427613,-935707.7807360115,8972.731128102858,3000.910302745535,1458423.8911087527,-1246739.3886421195,-2427561.3031377806
