,intercept,Agricultural Land Mass,min_temp_4 min_temp_16,min_temp_6 min_temp_16,min_temp_6 max_temp_16,min_temp_6 avg_temp_16,min_temp_8 min_temp_19,min_temp_16 max_temp_4,min_temp_17 max_temp_6,min_temp_17 avg_temp_9,max_temp_4 avg_temp_16,avg_temp_4 avg_temp_16,Agricultural Land Mass^2
0,42153.52173916152,2786170.397265927,730337.870178962,1488214.6938286962,1487201.3074718174,-2828907.2229161197,6059.123818835645,-1002137.5487412291,11848.667316306004,3238.790339815009,1657406.990798908,-1474656.0167443336,-2784932.565960793
