,intercept,Agricultural Land Mass,min_temp_4 min_temp_16,min_temp_6 min_temp_16,min_temp_6 max_temp_16,min_temp_6 avg_temp_16,min_temp_8 min_temp_19,min_temp_16 max_temp_4,min_temp_17 max_temp_6,min_temp_17 avg_temp_9,max_temp_4 avg_temp_16,avg_temp_4 avg_temp_16,Agricultural Land Mass^2
0,38120.95652177509,3521197.811217081,399375.0113061919,1636289.6594915872,1752792.752152878,-3255682.869341472,7538.351441044771,-695101.8406006774,8201.447164275703,8736.76381918443,1026592.5592166345,-811896.5836758941,-3519292.270796747
