,intercept,Agricultural Land Mass,min_temp_4 min_temp_16,min_temp_6 max_temp_16,min_temp_8 min_temp_19,min_temp_17 max_temp_6,min_temp_17 avg_temp_9,max_temp_4 avg_temp_16
0,38004.52173913057,3044.7163610988096,27578.84810651756,-2030.7256563977207,8093.901684334746,8413.581723127923,8036.795731101133,-18263.627672705705
