,intercept,precip_5 max_temp_8,min_temp_4 min_temp_16,min_temp_4 max_temp_21,min_temp_5 min_temp_17,min_temp_5 max_temp_17,min_temp_6 max_temp_16,min_temp_6 max_temp_18,min_temp_7 max_temp_16,min_temp_8 min_temp_16,min_temp_8 min_temp_19,min_temp_9 max_temp_12,min_temp_9 max_temp_19,min_temp_16 max_temp_3,min_temp_17 max_temp_6,min_temp_17 avg_temp_9,min_temp_18 max_temp_2,min_temp_20 max_temp_17,min_temp_21 max_temp_15,min_temp_21 avg_temp_3,max_temp_7 max_temp_16,max_temp_8 max_temp_19,avg_temp_16 avg_temp_18,Agricultural Land Mass^2
0,37229.63043478264,-3626.2459759925105,18991.463545479426,-5640.638216578199,11787.587328030857,10668.485130710222,863.1515200367891,6211.735305718597,-18371.6908452739,4063.9047454468573,13882.64366998676,3503.007658744621,-7479.087743442717,-17007.568156010402,-8961.649323462165,12472.943288928118,4157.41434306476,-1852.0673225285004,2020.2787535370815,3854.836684361084,387.95233457309956,-10101.259141465469,9747.844961335797,-92.83041749003678
