,intercept,Agricultural Land Mass,min_temp_4 min_temp_16,min_temp_6 min_temp_16,min_temp_6 max_temp_16,min_temp_6 avg_temp_16,min_temp_8 min_temp_19,min_temp_16 max_temp_4,min_temp_17 max_temp_6,min_temp_17 avg_temp_9,max_temp_4 avg_temp_16,avg_temp_4 avg_temp_16,Agricultural Land Mass^2
0,39296.84782608584,99189.54121410771,200429.35630644896,156635.60468484103,-18169.206737808752,-89227.82248427179,9477.894882053006,-319527.22606286063,11294.74017575117,2851.1261729097882,453082.1588612667,-367971.6909384694,-97771.10068648524
