,intercept,Agricultural Land Mass,Agricultural Land Mass^2
0,38381.76086901559,12600759.201063462,-12604250.83870525
