,intercept,Agricultural Land Mass,Agricultural Land Mass^2
0,41251.97826117527,13745839.35722349,-13750952.701663302
