,intercept,Agricultural Land Mass,precip_5 max_temp_6,min_temp_4 min_temp_16,min_temp_5 min_temp_17,min_temp_6 min_temp_18,min_temp_6 max_temp_16,min_temp_6 max_temp_18,min_temp_6 avg_temp_18,min_temp_7 max_temp_16,min_temp_8 min_temp_16,min_temp_9 max_temp_12,min_temp_9 max_temp_19,min_temp_16 max_temp_3,min_temp_17 min_temp_18,min_temp_17 max_temp_6,min_temp_18 min_temp_19,min_temp_18 max_temp_2,min_temp_19 avg_temp_7,min_temp_20 avg_temp_21,min_temp_21 max_temp_15,max_temp_7 avg_temp_18,max_temp_8 max_temp_19,max_temp_17 avg_temp_5,avg_temp_4 avg_temp_17,avg_temp_9 avg_temp_21
0,36766.26086956515,1577.6189355830393,-4859.558751824108,28500.855283564924,17013.74411636756,2089.0161068396123,8435.09344498897,3223.189683344779,62.51199527915346,-5859.743963169448,9174.446464522776,4496.910668813283,-517.3455356406289,-22164.903756361688,1883.1210079553314,-5748.487844359709,3617.774248489038,-1983.8587960892783,-9498.524528437867,6521.149548378122,-1116.4747978836538,861.388734891868,-2922.2717207676433,-278.0723740911728,-7024.153556443212,-97.79933871711165
