,intercept,Agricultural Land Mass,min_temp_4 min_temp_16,min_temp_6 min_temp_16,min_temp_6 max_temp_16,min_temp_6 avg_temp_16,min_temp_8 min_temp_19,min_temp_16 max_temp_4,min_temp_17 max_temp_6,min_temp_17 avg_temp_9,max_temp_4 avg_temp_16,avg_temp_4 avg_temp_16,Agricultural Land Mass^2
0,37777.97826092484,3513238.4178393683,454453.7566139548,1041777.6292184247,1065586.7920474967,-2003543.8708776433,4216.798470030889,-643434.0668660505,5986.823232294,9683.512286947936,1053338.058946215,-920861.2190470794,-3511862.9856031043
