,intercept,min_temp_16,Agricultural Land Mass,precip_5^2,precip_5 max_temp_6,precip_5 max_temp_8,min_temp_4 min_temp_16,min_temp_4 min_temp_17,min_temp_4 max_temp_21,min_temp_4 avg_temp_3,min_temp_5 min_temp_17,min_temp_5 max_temp_17,min_temp_6 min_temp_17,min_temp_6 min_temp_18,min_temp_6 max_temp_19,min_temp_8 max_temp_19,min_temp_8 avg_temp_5,min_temp_8 avg_temp_9,min_temp_9 min_temp_21,min_temp_9 max_temp_12,min_temp_9 max_temp_19,min_temp_16^2,min_temp_16 min_temp_17,min_temp_16 max_temp_3,min_temp_16 max_temp_4,min_temp_16 max_temp_5,min_temp_16 max_temp_20,min_temp_16 max_temp_21,min_temp_16 avg_temp_4,min_temp_16 avg_temp_6,min_temp_16 avg_temp_19,min_temp_16 Agricultural Land Mass,min_temp_17 max_temp_7,min_temp_17 avg_temp_9,min_temp_18 min_temp_19,min_temp_18 max_temp_2,min_temp_18 max_temp_6,min_temp_19 avg_temp_7,min_temp_19 avg_temp_8,min_temp_20 max_temp_17,min_temp_21 max_temp_15,min_temp_21 avg_temp_3,max_temp_6 max_temp_16,max_temp_8 avg_temp_19,max_temp_16 avg_temp_6,max_temp_17 avg_temp_5,max_temp_18 avg_temp_6,avg_temp_4 avg_temp_17,Agricultural Land Mass^2
0,38318.45652173906,-9739.037675496986,3690.482610119392,-44185.38391855619,29837.374679210054,4939.237644713684,139743.52766501447,-4890.971723215148,-196851.57665666062,126421.1690033455,22757.398308015887,3648.7942426120153,-13516.854043461908,-2528.876486928267,6946.289937795962,14575.89190875795,-10156.307053435687,11952.007664878693,-29315.74633420275,16964.612966009205,-11738.51782051312,-58979.59985734956,79.68071944160423,-172361.56728216054,36672.320075776675,4478.836091591043,55707.61053214132,207771.22256192638,16226.960958024985,-15135.258687351856,-149425.7517492027,-15106.979008892615,-19903.597334898903,38416.404414917815,69387.6062471325,-1578.072498221104,-30462.766875864985,-8029.224614088184,-2899.6640242633184,-23677.257043710648,204.24770563602203,23208.74922098479,-3890.2009893742006,-11025.51006861015,-336.75461708730523,3194.60796568399,10802.651853042471,-829.7040465560294,3430.3906251009093
