,intercept,Agricultural Land Mass,precip_5 max_temp_6,min_temp_4 min_temp_16,min_temp_5 min_temp_16,min_temp_5 min_temp_17,min_temp_6 min_temp_8,min_temp_6 min_temp_16,min_temp_6 max_temp_18,min_temp_7 max_temp_16,min_temp_8 min_temp_16,min_temp_9 max_temp_12,min_temp_16 max_temp_3,min_temp_16 max_temp_21,min_temp_17 avg_temp_9,min_temp_18 max_temp_2,min_temp_19 avg_temp_7,min_temp_20 avg_temp_21,min_temp_21 max_temp_15,max_temp_7 avg_temp_18
0,37680.63043478272,3149.5958132033165,-2085.0052332908294,7451.385933549219,13795.11588296561,11154.669342104895,1308.4846039777708,2814.1825468033658,9543.897415464147,-2930.0574298419483,2022.3142898543304,5225.237218728598,-13800.421512190109,4417.645162816922,-1277.78301920729,-2810.805729881733,-7326.2916442114665,2502.6702056897375,-746.1481300568647,-295.4960206192325
