,intercept,Agricultural Land Mass,min_temp_4 min_temp_16,min_temp_6 min_temp_16,min_temp_6 max_temp_16,min_temp_6 avg_temp_16,min_temp_8 min_temp_19,min_temp_16 max_temp_4,min_temp_17 max_temp_6,min_temp_17 avg_temp_9,max_temp_4 avg_temp_16,avg_temp_4 avg_temp_16,Agricultural Land Mass^2
0,40897.021739125936,926705.4388726812,791808.8181125575,1038328.5355028651,852259.7038682135,-1746439.338422023,7264.416674265216,-1066887.151608483,10306.395767030428,5870.840251439249,1805410.999815848,-1625329.05422799,-924504.5910553584
