,intercept,Agricultural Land Mass,min_temp_4 min_temp_16,min_temp_6 min_temp_16,min_temp_6 max_temp_16,min_temp_6 avg_temp_16,min_temp_8 min_temp_19,min_temp_16 max_temp_4,min_temp_17 max_temp_6,min_temp_17 avg_temp_9,max_temp_4 avg_temp_16,avg_temp_4 avg_temp_16,Agricultural Land Mass^2
0,36393.28260889186,4309234.344552352,441989.368875167,889265.028638178,957774.3773461597,-1766057.1948274884,4273.576140817006,-528250.9028191447,5672.397523592662,6821.695590509593,928430.4606817988,-878616.4895481444,-4308580.978628608
