,intercept,Agricultural Land Mass,min_temp_4 min_temp_16,min_temp_6 min_temp_16,min_temp_6 max_temp_16,min_temp_6 avg_temp_16,min_temp_8 min_temp_19,min_temp_16 max_temp_4,min_temp_17 max_temp_6,min_temp_17 avg_temp_9,max_temp_4 avg_temp_16,avg_temp_4 avg_temp_16,Agricultural Land Mass^2
0,41040.43478274283,3413862.0001215157,701335.293882546,1338583.549992434,1250842.2571869574,-2437500.494684116,6481.277792442132,-991229.0532187616,8000.820721132285,5022.145579810515,1604287.1334014924,-1409109.047517504,-3412699.1808359395
