,intercept,Agricultural Land Mass,min_temp_4 min_temp_16,min_temp_6 min_temp_16,min_temp_6 max_temp_16,min_temp_8 min_temp_19,min_temp_17 max_temp_6,max_temp_4 avg_temp_16
0,37805.91304347831,679.5050901133487,13166.300320276374,6794.91749830057,5029.628785099659,3474.886475126068,9770.180059702168,-11097.284921759363
