,intercept,Agricultural Land Mass,precip_5^2,precip_5 max_temp_8,min_temp_4 min_temp_16,min_temp_5 min_temp_17,min_temp_5 max_temp_17,min_temp_6 min_temp_8,min_temp_6 max_temp_16,min_temp_6 max_temp_18,min_temp_7 max_temp_16,min_temp_7 avg_temp_16,min_temp_8 min_temp_16,min_temp_9 max_temp_12,min_temp_16 max_temp_3,min_temp_16 max_temp_21,min_temp_17 max_temp_6,min_temp_17 max_temp_7,min_temp_18 min_temp_19,min_temp_18 max_temp_2,min_temp_19 avg_temp_7,min_temp_20 avg_temp_21,min_temp_21 avg_temp_3,max_temp_8 max_temp_19,avg_temp_4 avg_temp_17,avg_temp_9 avg_temp_21,avg_temp_16 avg_temp_18
0,37590.673913043494,985.3643644376644,5732.150360990686,-10467.808526244817,18333.121278916373,19895.427429367453,1091.7066208221675,3110.2599780405308,2433.0575309972323,1671.3142073970116,-8313.867144080232,-377.0576805259024,12035.93556530789,5812.127901421551,-21989.518569746946,2212.394179407204,-3963.8701855164045,-1998.8309351266068,3500.998936495441,-2081.60407959162,-7938.393912694667,791.805734494492,2275.6854002931655,-6193.805036491328,-2336.937541125087,2333.882650943638,8113.211252352458
