,intercept,Agricultural Land Mass,min_temp_4 min_temp_16,min_temp_8 min_temp_19,min_temp_16 max_temp_4,min_temp_17 max_temp_6,min_temp_17 avg_temp_9,max_temp_4 avg_temp_16
0,40433.28260869565,670.6660864701098,19486.967280223125,5794.578247658741,-437.82930726074756,12265.227448492891,6527.098538223918,-11426.681383934436
