,intercept,Agricultural Land Mass,precip_5^2,min_temp_4 min_temp_16,min_temp_4 max_temp_21,min_temp_5 min_temp_16,min_temp_5 max_temp_17,min_temp_6 max_temp_18,min_temp_6 max_temp_19,min_temp_6 avg_temp_18,min_temp_7 max_temp_16,min_temp_8 avg_temp_9,min_temp_9 max_temp_12,min_temp_9 max_temp_19,min_temp_16 min_temp_18,min_temp_16 max_temp_3,min_temp_16 avg_temp_4,min_temp_17 avg_temp_9,min_temp_18 min_temp_19,min_temp_18 max_temp_2,min_temp_21 max_temp_15,max_temp_7 avg_temp_18,max_temp_8 max_temp_19,max_temp_18 avg_temp_6
0,38664.28260869569,1039.490047740631,-3230.1951724296746,12996.779067819485,-8196.56570124942,6988.107849081134,14090.006292141024,1987.4878061274837,-1982.2488826713718,4810.185209066031,-18333.31726795004,3310.2456982371764,7328.798072433008,-3921.620447102029,2177.560776718156,-12039.799163700562,11726.334689901734,2369.1918765724445,1730.873391800224,266.82483597442814,3317.2453334000047,3807.5493511753916,-1812.2501421733812,726.3076491526
