,intercept,Agricultural Land Mass,precip_5 max_temp_8,min_temp_4 min_temp_16,min_temp_5 min_temp_16,min_temp_5 min_temp_17,min_temp_5 max_temp_17,min_temp_6 min_temp_8,min_temp_6 min_temp_18,min_temp_6 max_temp_16,min_temp_7 max_temp_16,min_temp_8 min_temp_16,min_temp_9 max_temp_12,min_temp_16 max_temp_3,min_temp_19 avg_temp_7,min_temp_20 avg_temp_21,min_temp_21 avg_temp_3,max_temp_8 max_temp_19,avg_temp_9 avg_temp_21,avg_temp_16 avg_temp_18
0,34875.086956521765,512.2852913356127,-2602.0174642987795,9515.018113419485,13115.256710331512,9519.794883521003,858.9731545569472,2303.732415826392,4081.425755468183,3537.2160467229496,-6283.56242574677,7726.577628133139,3094.8404467642713,-14545.289527234718,-7181.968767695685,3274.7292923091295,2395.4716590309536,-2856.138722552644,404.7055324760335,841.4899593249279
