,intercept,Agricultural Land Mass,precip_5^2,min_temp_4 min_temp_16,min_temp_4 max_temp_21,min_temp_5 min_temp_16,min_temp_5 max_temp_17,min_temp_6 avg_temp_6,min_temp_7 max_temp_16,min_temp_8 min_temp_19,min_temp_8 avg_temp_9,min_temp_9 min_temp_21,min_temp_9 max_temp_12,min_temp_16 max_temp_3,min_temp_16 avg_temp_4,min_temp_17 max_temp_7,min_temp_18 min_temp_19,min_temp_18 max_temp_2,max_temp_8 max_temp_19,max_temp_18 avg_temp_6
0,35866.869565217516,559.0928369095546,-1940.9070926719253,4751.093374980356,-4119.7747646466505,5675.136500379038,16639.073598817205,-3181.7720195997335,-15554.986678349092,3361.2423737485256,1682.4280412068083,1464.5595861905913,6886.306163718024,-9851.242037282307,14691.439449977272,-1078.4723022306746,2626.156944726839,2058.919543456727,-5061.028470959661,11224.008315667828
