,intercept,Agricultural Land Mass,min_temp_4 min_temp_16,min_temp_6 min_temp_16,min_temp_6 max_temp_16,min_temp_6 avg_temp_16,min_temp_8 min_temp_19,min_temp_16 max_temp_4,min_temp_17 max_temp_6,min_temp_17 avg_temp_9,max_temp_4 avg_temp_16,avg_temp_4 avg_temp_16,Agricultural Land Mass^2
0,39180.69565219266,2015015.8349567293,671957.7182604055,837345.5929893586,614402.3719506435,-1321912.2452545045,8293.25102646182,-943164.0416709903,7993.7266195549755,3866.6359118705077,1507174.695001195,-1325193.5028811747,-2014363.7793597355
