,intercept,Agricultural Land Mass,min_temp_4 min_temp_16,min_temp_6 min_temp_16,min_temp_6 max_temp_16,min_temp_8 min_temp_19,min_temp_16 max_temp_4,min_temp_17 max_temp_6,min_temp_17 avg_temp_9
0,33655.739130434784,1453.604682034142,29955.628641502262,17187.03756776656,-1265.3126325094408,4250.324299407935,-31562.819702059882,4043.2372307596297,1115.7513050917282
