,intercept,min_temp_16,precip_5^2,min_temp_4 min_temp_16,min_temp_4 max_temp_21,min_temp_4 avg_temp_3,min_temp_4 avg_temp_17,min_temp_5 min_temp_17,min_temp_6 max_temp_18,min_temp_8 min_temp_16,min_temp_8 avg_temp_9,min_temp_9 min_temp_21,min_temp_9 max_temp_12,min_temp_9 max_temp_19,min_temp_16 max_temp_3,min_temp_16 max_temp_5,min_temp_16 max_temp_20,min_temp_16 max_temp_21,min_temp_16 avg_temp_4,min_temp_16 avg_temp_19,min_temp_16 Agricultural Land Mass,min_temp_17 max_temp_6,min_temp_17 max_temp_7,min_temp_17 avg_temp_9,min_temp_18 min_temp_19,min_temp_18 max_temp_2,min_temp_18 max_temp_6,min_temp_19 avg_temp_7,min_temp_19 avg_temp_8,min_temp_20 avg_temp_16,min_temp_21 max_temp_15,min_temp_21 avg_temp_3,max_temp_4 avg_temp_16,max_temp_7 max_temp_16,max_temp_8 avg_temp_19,max_temp_17 avg_temp_5,max_temp_18 avg_temp_6,Agricultural Land Mass^2
0,39745.34782608653,-69575.39755369117,-7967.091568299427,98679.36418553055,-112380.67177140368,108685.64869232729,-40701.648800983225,44522.74934617987,69.01597641883404,95503.83763894936,-60602.577622351695,-17852.231399952823,10213.68442010144,-202.05000558518333,-155080.37646778804,-14088.178135914033,16669.51839726697,110784.0881113271,8056.529392810824,-16694.33620152666,-31860.33674268677,-19215.640390583583,-25801.44252344228,68716.50837368166,35409.39859501801,-6300.78247254401,-13407.575316355384,-8373.55857893888,-15929.57470063813,-22389.06491018839,-1186.3165203094459,12441.070886714462,21124.13109145271,11758.878783904853,-6631.306449560812,-11776.068720010024,24529.423124997746,2133.3092799129436
