,intercept,Agricultural Land Mass,min_temp_4 min_temp_16,min_temp_6 min_temp_16,min_temp_6 max_temp_16,min_temp_6 avg_temp_16,min_temp_8 min_temp_19,min_temp_16 max_temp_4,min_temp_17 max_temp_6,min_temp_17 avg_temp_9,max_temp_4 avg_temp_16,avg_temp_4 avg_temp_16,Agricultural Land Mass^2
0,39524.15217406416,2182651.831880384,653087.2090950487,1302844.0017791458,1141064.142514266,-2284101.484134546,5647.387323654082,-994318.1184802324,7388.313702734595,5030.023403069863,1535778.3443809238,-1301148.33846323,-2181344.1817415752
