,intercept,Agricultural Land Mass,min_temp_4 min_temp_16,Agricultural Land Mass^2
0,40512.47826162442,11270900.77139084,21031.960532134857,-11270636.905619232
