,intercept,Agricultural Land Mass,min_temp_4 min_temp_16,min_temp_6 min_temp_16,min_temp_6 max_temp_16,min_temp_6 avg_temp_16,min_temp_8 min_temp_19,min_temp_16 max_temp_4,min_temp_17 max_temp_6,min_temp_17 avg_temp_9,max_temp_4 avg_temp_16,avg_temp_4 avg_temp_16,Agricultural Land Mass^2
0,39711.82608719414,2642807.7348498637,640851.6532150281,1322859.1579732304,1450144.1144731664,-2662967.4165094374,8568.837173959091,-798379.4771094092,8454.046472147304,9719.33895063581,1430657.059255695,-1333872.9728617063,-2641004.7267834838
