,intercept,Agricultural Land Mass,min_temp_4 min_temp_16,min_temp_6 min_temp_16,min_temp_6 max_temp_16,min_temp_6 avg_temp_16,min_temp_8 min_temp_19,min_temp_16 max_temp_4,min_temp_17 max_temp_6,min_temp_17 avg_temp_9,max_temp_4 avg_temp_16,avg_temp_4 avg_temp_16,Agricultural Land Mass^2
0,34139.00000013791,3434309.9103796883,487037.05820760876,970458.6224241819,976619.287781764,-1842804.7477354486,1703.4118287046356,-646217.5458472242,5446.195516746834,2012.282009771406,1092869.6865615768,-993079.0072653302,-3433341.6217468763
