,intercept,Agricultural Land Mass,min_temp_4 min_temp_16,Agricultural Land Mass^2
0,37398.50000042836,10102237.946427599,18942.560756480172,-10103061.029713944
