,intercept,Agricultural Land Mass,min_temp_4 min_temp_16,min_temp_6 min_temp_16,min_temp_6 max_temp_16,min_temp_6 avg_temp_16,min_temp_8 min_temp_19,min_temp_16 max_temp_4,min_temp_17 max_temp_6,min_temp_17 avg_temp_9,max_temp_4 avg_temp_16,avg_temp_4 avg_temp_16,Agricultural Land Mass^2
0,37678.91304362854,2281835.5759262554,799220.6980850002,945943.9341745777,743590.833930603,-1555169.5424905622,7590.142173982971,-1065564.6977577852,8983.645090403803,2806.1204813236373,1802186.4431559516,-1625197.4794900003,-2279901.0805107616
