,intercept,min_temp_16,Agricultural Land Mass,precip_5^2,precip_5 max_temp_6,min_temp_4 min_temp_16,min_temp_4 min_temp_17,min_temp_4 max_temp_21,min_temp_4 avg_temp_3,min_temp_4 avg_temp_21,min_temp_5 min_temp_17,min_temp_6 min_temp_18,min_temp_6 max_temp_19,min_temp_6 avg_temp_6,min_temp_6 avg_temp_17,min_temp_7 min_temp_16,min_temp_8 min_temp_16,min_temp_8 max_temp_19,min_temp_8 avg_temp_5,min_temp_9 min_temp_21,min_temp_9 max_temp_12,min_temp_9 max_temp_19,min_temp_16 max_temp_3,min_temp_16 max_temp_4,min_temp_16 max_temp_20,min_temp_16 max_temp_21,min_temp_16 avg_temp_5,min_temp_16 avg_temp_6,min_temp_16 avg_temp_7,min_temp_16 Agricultural Land Mass,min_temp_17 max_temp_7,min_temp_17 avg_temp_9,min_temp_18 min_temp_19,min_temp_18 max_temp_2,min_temp_18 max_temp_6,min_temp_19 avg_temp_7,min_temp_20 max_temp_17,min_temp_21 max_temp_15,min_temp_21 avg_temp_3,max_temp_4 avg_temp_16,max_temp_7 max_temp_16,max_temp_7 avg_temp_18,max_temp_8 avg_temp_19,max_temp_17 avg_temp_5,max_temp_18 avg_temp_6,avg_temp_8 avg_temp_19,Agricultural Land Mass^2
0,36871.1086956525,-24613.530773897386,3288.007835805504,-46287.42217303102,48256.64753744837,13228.76468319815,1177.3202941121565,-273221.61717124213,157724.8103418994,166326.79611948135,54451.11645912488,-20138.684942977365,24809.54694889669,7194.444636978109,-32165.36852816917,-6091.83637270643,156335.85580470407,-45459.726928923155,-28034.34490526654,-27515.987835441614,9954.079495120597,2966.3508594380673,-168706.8834735894,21306.666853093677,55333.21922554504,134207.34900521752,-17042.929240022087,-98907.70395343831,-933.9484995273774,-69461.80977636267,-11612.424061499867,32356.374240072586,66375.46037823136,1484.7223158001414,-14157.859862265912,-43306.7105176535,-28607.922358248317,1315.454004133631,-39665.5481081095,19398.01502732487,31664.003284989605,-2633.57371764905,-14313.182315690066,-5688.602632285076,32781.643826108986,-8415.252079386368,937.2790253648099
