,intercept,Agricultural Land Mass,Agricultural Land Mass^2
0,37032.91304447762,12925413.94618651,-12930306.850834101
