,intercept,precip_5 max_temp_8,min_temp_4 min_temp_16,min_temp_5 min_temp_16,min_temp_5 min_temp_17,min_temp_5 max_temp_17,min_temp_6 max_temp_18,min_temp_7 max_temp_16,min_temp_8 min_temp_16,min_temp_8 avg_temp_9,min_temp_9 max_temp_12,min_temp_9 max_temp_19,min_temp_16 max_temp_3,min_temp_17 avg_temp_9,min_temp_18 min_temp_19,min_temp_18 max_temp_2,min_temp_20 avg_temp_16,min_temp_21 max_temp_15,max_temp_8 max_temp_19,avg_temp_16 avg_temp_18
0,40364.695652173985,-5141.859058424162,14366.565129352832,1865.8170358638552,68.85292385780518,17508.468794562647,8235.593654442888,-17165.71064495445,13423.09938987627,3730.3194971104886,7613.633049531245,-4252.664990681601,-14073.20770766218,854.3016561261437,3706.4573604798343,-1609.3503139716274,1118.7970038847807,941.0843220130768,-8277.525905213051,6334.850636867246
