,intercept,Agricultural Land Mass,min_temp_4 min_temp_16,min_temp_6 min_temp_16,min_temp_6 max_temp_16,min_temp_6 avg_temp_16,min_temp_8 min_temp_19,min_temp_16 max_temp_4,min_temp_17 max_temp_6,min_temp_17 avg_temp_9,max_temp_4 avg_temp_16,avg_temp_4 avg_temp_16,Agricultural Land Mass^2
0,40607.8043479078,1082171.4353790986,789449.861213263,1519779.038279133,1422730.5538633566,-2772423.276332862,6249.3689003896725,-1092132.755240249,12250.734726126271,3754.3123093683394,1776146.658123653,-1580344.407113077,-1080310.163522243
