,intercept,Agricultural Land Mass,min_temp_4 min_temp_16,min_temp_6 min_temp_16,min_temp_6 max_temp_16,min_temp_6 avg_temp_16,min_temp_8 min_temp_19,min_temp_16 max_temp_4,min_temp_17 max_temp_6,min_temp_17 avg_temp_9,max_temp_4 avg_temp_16,avg_temp_4 avg_temp_16,Agricultural Land Mass^2
0,39451.17391317381,2433553.110752906,673813.687675134,865173.1031788533,538716.8969657397,-1255950.916472561,8844.831803975454,-1035761.1176655346,9182.979255453452,2749.9806236366367,1586944.267601413,-1339645.858422729,-2431524.3036047416
