,intercept,Agricultural Land Mass,min_temp_4 min_temp_16,min_temp_6 min_temp_16,min_temp_6 max_temp_16,min_temp_6 avg_temp_16,min_temp_8 min_temp_19,min_temp_16 max_temp_4,min_temp_17 max_temp_6,min_temp_17 avg_temp_9,max_temp_4 avg_temp_16,avg_temp_4 avg_temp_16,Agricultural Land Mass^2
0,41520.7608695629,1883256.6855608106,812160.5011172129,1340382.282945817,1149482.2233541647,-2318472.0237841364,7192.479197878558,-1166825.5047623073,10009.498168726166,5904.416363921812,1875343.7175698096,-1640301.9845733077,-1880906.3864018726
