,intercept,Agricultural Land Mass,precip_5^2,precip_5 max_temp_8,min_temp_4 max_temp_21,min_temp_4 avg_temp_3,min_temp_5 min_temp_17,min_temp_5 max_temp_17,min_temp_6 max_temp_19,min_temp_7 max_temp_16,min_temp_8 min_temp_16,min_temp_9 min_temp_21,min_temp_9 max_temp_12,min_temp_9 max_temp_19,min_temp_16 max_temp_3,min_temp_16 max_temp_4,min_temp_16 max_temp_20,min_temp_16 avg_temp_4,min_temp_17 max_temp_6,min_temp_17 max_temp_7,min_temp_17 avg_temp_9,min_temp_18 min_temp_19,min_temp_19 avg_temp_7,min_temp_20 max_temp_17,min_temp_21 avg_temp_3,max_temp_8 max_temp_19,max_temp_18 avg_temp_6
0,37801.34782608706,774.7106090970829,-142.87447537387803,-3349.948031016129,-5797.1455505708645,11199.386320806942,18895.92307737927,7379.966189608909,-974.1034169952562,-11188.540667713802,24046.47141365981,-10372.564500701561,6079.647521506184,-1527.8192234930302,-40766.99055519743,16599.729683542984,15262.405154089087,848.7834734265188,-16095.964168698423,-178.41983120718058,17012.665244864318,20868.884268288573,-13754.417382213476,-10668.896051452966,13225.352663960313,-11421.663521182672,7414.9259025153415
