,intercept,Agricultural Land Mass,min_temp_4 min_temp_16,min_temp_6 min_temp_16,min_temp_6 max_temp_16,min_temp_6 avg_temp_16,min_temp_8 min_temp_19,min_temp_16 max_temp_4,min_temp_17 max_temp_6,min_temp_17 avg_temp_9,max_temp_4 avg_temp_16,avg_temp_4 avg_temp_16,Agricultural Land Mass^2
0,38347.84782613858,2613944.470796846,765435.3697529791,690881.5707315414,390135.07492155704,-952743.1173015096,8732.424991915344,-1040007.863146517,9421.670757275147,5123.094718833718,1741516.1787584648,-1561189.1934683034,-2612337.128618137
