,intercept,precip_0 precip_22,precip_0 precip_23,precip_0 min_temp_14,precip_4 precip_10,precip_5 precip_7,precip_6 precip_16,precip_10 precip_13,precip_12 avg_temp_13,precip_15 precip_22,precip_15 min_temp_2,precip_15 max_temp_23,precip_16 max_temp_2,precip_20 precip_22,precip_20 min_temp_14,precip_20 avg_temp_12,precip_22 min_temp_14,precip_22 avg_temp_12,precip_23 min_temp_14,min_temp_1 max_temp_1,min_temp_2 min_temp_10,min_temp_2 min_temp_22,min_temp_5 max_temp_17,min_temp_7 max_temp_21,min_temp_8 max_temp_22,min_temp_9 min_temp_14,min_temp_13 avg_temp_13,min_temp_14^2,min_temp_14 avg_temp_13,min_temp_15 min_temp_20,min_temp_18 max_temp_9,min_temp_20 max_temp_17,min_temp_22 avg_temp_1,min_temp_22 avg_temp_13,min_temp_23 avg_temp_11,max_temp_0 avg_temp_23,max_temp_9 max_temp_17,max_temp_17 max_temp_18,max_temp_17 avg_temp_18
0,37383.78260869564,-10.07949224980138,-2180.651520578748,-3984.2935160436987,1204.7778957461978,-597.3792190156307,-719.2265809041091,756.7107572912685,1819.2140732699302,5470.605046526686,5031.545982783328,2028.925768681638,-285.5302455392614,-1301.9470358731573,-5892.872047685607,-5364.725711261103,2307.6175376455412,8972.449812101377,-10866.422635240026,358.45579233346086,-2635.594576060862,1659.0855137131027,6587.294826426484,-312.8026424419872,427.7103460141144,8679.42849276526,5396.732742916974,14021.9561726277,2038.0160580828287,3432.588548053001,252.50795829535824,2096.5458640083602,2521.8629757639455,88.08368352946543,1898.758410881544,1018.2771208975837,345.02099545223837,766.4568629527208,4413.0739282139975
