,intercept,min_temp_4 min_temp_16,min_temp_6 max_temp_16,min_temp_8 min_temp_19,min_temp_16 max_temp_4,min_temp_17 max_temp_6,min_temp_17 avg_temp_9,max_temp_4 avg_temp_16,Agricultural Land Mass^2
0,37231.52173913042,18820.809552737566,102.66849991927317,8794.079761481458,-549.4970674886622,10077.331635707907,6135.768943147212,-9568.89664252208,-111.99881615899716
