,intercept,Agricultural Land Mass,precip_5 max_temp_8,min_temp_4 min_temp_16,min_temp_4 max_temp_21,min_temp_5 min_temp_16,min_temp_5 max_temp_17,min_temp_6 max_temp_18,min_temp_6 max_temp_19,min_temp_7 max_temp_16,min_temp_8 min_temp_16,min_temp_8 min_temp_19,min_temp_8 avg_temp_9,min_temp_9 max_temp_12,min_temp_9 max_temp_19,min_temp_16 max_temp_3,min_temp_17 max_temp_6,min_temp_17 avg_temp_9,min_temp_18 min_temp_19,min_temp_21 avg_temp_3,max_temp_8 max_temp_19,avg_temp_16 avg_temp_18
0,39503.043478260886,171.22343610493272,-5235.052746022943,22020.75246775321,-5172.668728179446,14729.067012873733,12725.940245641967,8874.12038660184,-831.865687531567,-21465.92910242029,4265.511767386541,622.3927175265269,9161.35282519267,6994.969737212855,-6316.608689728537,-21485.475716416793,-1817.8740510071868,1566.4862189874375,2540.6232795959763,4482.706066679335,-9075.83704740746,10638.115807791075
