,intercept,precip_3 precip_10,precip_4 precip_20,precip_5 max_temp_22,precip_7 precip_19,precip_9 min_temp_2,precip_9 min_temp_10,precip_10 max_temp_13,precip_16 max_temp_20,precip_21 min_temp_13,precip_21 min_temp_22,precip_22 min_temp_2,min_temp_3 avg_temp_8,min_temp_4 min_temp_16,min_temp_4 avg_temp_14,min_temp_5 min_temp_15,min_temp_5 min_temp_16,min_temp_5 max_temp_17,min_temp_5 avg_temp_17,min_temp_6 max_temp_17,min_temp_6 max_temp_18,min_temp_6 avg_temp_18,min_temp_8 max_temp_21,min_temp_9^2,min_temp_9 max_temp_12,min_temp_15 max_temp_21,min_temp_16 max_temp_21,max_temp_5 max_temp_15,max_temp_7 avg_temp_19,max_temp_8 avg_temp_19,max_temp_9 avg_temp_8,avg_temp_3 avg_temp_22,avg_temp_17 avg_temp_18
0,37591.47826086951,3236.2456450512636,871.5152072225275,-3984.086455166287,-4419.920527712605,-222.61339854125987,-4591.189587105408,-14149.155061403431,-2320.809980966881,2522.0849467821263,-461.24561292156477,-2315.9001926069964,1505.3849081679846,2340.025213086326,7429.567411119796,137.83374379391623,10524.866680841304,5915.841665543579,5334.760220658621,8349.687214925987,3928.261009898232,3853.7996922331413,9167.371346398084,3924.815537473101,8818.737918348204,5377.641637150918,895.2236928705413,-14062.457215010334,-9809.342532776593,-3875.428330099744,-4409.1951227926265,-3079.359234552942,24.39075299663099
