,intercept,Agricultural Land Mass,min_temp_4 min_temp_16,min_temp_6 min_temp_16,min_temp_6 max_temp_16,min_temp_6 avg_temp_16,min_temp_8 min_temp_19,min_temp_16 max_temp_4,min_temp_17 max_temp_6,min_temp_17 avg_temp_9,max_temp_4 avg_temp_16,avg_temp_4 avg_temp_16,Agricultural Land Mass^2
0,37849.28260878563,1922648.8549837603,693476.3958143345,973836.8508405822,661753.786264133,-1478344.1231286048,6771.927233231299,-1059463.2467452374,8002.994291980753,4787.6656494231065,1647374.424589957,-1390077.110108926,-1921438.8648705948
