,intercept,Agricultural Land Mass,min_temp_4 min_temp_16,min_temp_6 min_temp_16,min_temp_6 max_temp_16,min_temp_6 avg_temp_16,min_temp_8 min_temp_19,min_temp_16 max_temp_4,min_temp_17 max_temp_6,min_temp_17 avg_temp_9,max_temp_4 avg_temp_16,avg_temp_4 avg_temp_16,Agricultural Land Mass^2
0,38814.36956527188,2167319.004513565,698250.3056828113,1149937.9258809187,1016654.8242159015,-2016303.292012051,5065.092728108014,-968456.0235348193,9366.2546012871,4326.787067508818,1568420.4324453368,-1391897.6878925462,-2165497.1073861173
