,intercept,Agricultural Land Mass,min_temp_4 min_temp_16,min_temp_6 min_temp_16,min_temp_6 max_temp_16,min_temp_6 avg_temp_16,min_temp_8 min_temp_19,min_temp_16 max_temp_4,min_temp_17 max_temp_6,min_temp_17 avg_temp_9,max_temp_4 avg_temp_16,avg_temp_4 avg_temp_16,Agricultural Land Mass^2
0,36972.391304270284,3470176.1026657405,693683.5957686959,493777.84029473335,230247.6964686291,-621829.5394308873,11301.877413082548,-892718.9878643943,6760.036291088599,3393.8739955161595,1550138.9274112778,-1421474.1723997227,-3467514.12646378
