,intercept,Agricultural Land Mass,min_temp_4 min_temp_16,min_temp_6 min_temp_16,min_temp_6 max_temp_16,min_temp_6 avg_temp_16,min_temp_8 min_temp_19,min_temp_16 max_temp_4,min_temp_17 max_temp_6,min_temp_17 avg_temp_9,max_temp_4 avg_temp_16,avg_temp_4 avg_temp_16,Agricultural Land Mass^2
0,37557.608695767485,3101905.6813171795,691873.935848272,915791.9731655678,590879.9329155373,-1359505.3166826193,8735.620208611415,-1061309.124861188,11920.451914265639,-359.3019439803473,1646475.151569248,-1389408.6839788472,-3100334.473425584
