,intercept,Agricultural Land Mass,Agricultural Land Mass^2
0,38268.93478283738,12920747.314607786,-12925064.78290648
