,intercept,Agricultural Land Mass,min_temp_4 min_temp_16,min_temp_6 min_temp_16,min_temp_6 max_temp_16,min_temp_6 avg_temp_16,min_temp_8 min_temp_19,min_temp_16 max_temp_4,min_temp_17 max_temp_6,min_temp_17 avg_temp_9,max_temp_4 avg_temp_16,avg_temp_4 avg_temp_16,Agricultural Land Mass^2
0,37841.913043494125,1537087.59874334,353117.61073681945,1027922.381710994,1195885.3557467181,-2146953.6616383926,3596.664528732125,-458314.82071196445,7676.928877763875,8595.528545454725,771350.1453893334,-701162.354792139,-1533270.0013873433
