,intercept,Agricultural Land Mass,min_temp_4 min_temp_16,min_temp_6 min_temp_16,min_temp_6 max_temp_16,min_temp_6 avg_temp_16,min_temp_8 min_temp_19,min_temp_16 max_temp_4,min_temp_17 max_temp_6,min_temp_17 avg_temp_9,max_temp_4 avg_temp_16,avg_temp_4 avg_temp_16,Agricultural Land Mass^2
0,36482.71739133035,1446389.9464390685,767503.4213994186,740876.0859399622,503296.3538714156,-1125179.7079209327,10834.242891029753,-1001421.7195189069,8641.78015638748,3403.3609169627125,1720748.2667597581,-1575002.5497794838,-1443562.9996611008
