,intercept,Agricultural Land Mass,min_temp_4 min_temp_16,min_temp_6 min_temp_16,min_temp_6 max_temp_16,min_temp_6 avg_temp_16,min_temp_8 min_temp_19,min_temp_16 max_temp_4,min_temp_17 max_temp_6,min_temp_17 avg_temp_9,max_temp_4 avg_temp_16,avg_temp_4 avg_temp_16,Agricultural Land Mass^2
0,38940.260869731734,1742510.930926402,746659.9648527586,1295692.1757345346,1138529.0033096024,-2279754.025962399,6369.737997313696,-1059997.112852098,7217.125759900608,4445.590826685888,1722306.2232916418,-1509497.8958332026,-1740613.6000836114
