,intercept,Agricultural Land Mass,precip_3 min_temp_16,precip_4 precip_11,precip_4 min_temp_0,precip_5 precip_17,precip_7 precip_14,precip_7 precip_18,precip_7 precip_21,precip_7 max_temp_1,precip_8 precip_9,precip_8 precip_22,precip_9 avg_temp_0,precip_9 avg_temp_1,precip_10 precip_21,precip_10 avg_temp_1,precip_11 min_temp_22,precip_11 avg_temp_12,precip_11 avg_temp_13,precip_13 avg_temp_13,precip_14 precip_17,precip_14 max_temp_1,precip_15 min_temp_0,precip_16 avg_temp_13,precip_19 precip_22,precip_21 precip_22,precip_22 min_temp_2,precip_23 min_temp_13,precip_23 min_temp_14,min_temp_2 min_temp_10,min_temp_4 min_temp_6,min_temp_4 min_temp_8,min_temp_4 max_temp_22,min_temp_5 min_temp_6,min_temp_5 min_temp_8,min_temp_5 min_temp_16,min_temp_5 min_temp_17,min_temp_6^2,min_temp_6 min_temp_17,min_temp_7 max_temp_3,min_temp_7 max_temp_10,min_temp_7 max_temp_15,min_temp_10^2,min_temp_19 max_temp_10,min_temp_21 max_temp_0,min_temp_22^2,min_temp_22 avg_temp_12,min_temp_23 avg_temp_23,avg_temp_0^2,avg_temp_0 avg_temp_11,avg_temp_0 avg_temp_12,avg_temp_6 Agricultural Land Mass,avg_temp_23^2,Agricultural Land Mass^2
0,34810.91304347828,86.57873620762643,1454.6739313921432,515.0963826407176,-49.421648655461276,-1447.876542085327,-213.89894552323682,-110.70047324996382,-458.3239535643951,-909.138678010633,-240.418313334949,-4661.542046313758,-703.065709047178,-2370.045519692042,-3866.916926574689,-538.3203313405087,-113.66188039586318,-3390.969378856181,-4684.4057445014905,-1677.7866044559698,-414.7590686630342,-2409.0278108225352,-695.3660680334472,-925.0020818661206,-578.4306630304856,6942.152678147554,-1118.3222130774661,7672.9617593863195,-834.1636689678832,-2361.7588183388693,1913.3461433711618,4087.651623606766,1918.8131183943738,3953.8081288554213,2280.8373418243314,7150.343688640527,7887.596808550537,3001.509439626629,3117.7130075521113,-6566.990811838615,-4433.961071171044,-682.1517300513403,-832.7171099029619,-1351.693134542523,5068.663287379105,-712.921825842356,-147.76930008521092,-3443.271311501706,5117.845267001788,5489.449973939342,1538.1226588500303,1651.298615013845,-1667.0659982640889,1223.9598902811201
