,intercept,Agricultural Land Mass,min_temp_4 min_temp_16,min_temp_6 min_temp_16,min_temp_6 max_temp_16,min_temp_6 avg_temp_16,min_temp_8 min_temp_19,min_temp_16 max_temp_4,min_temp_17 max_temp_6,min_temp_17 avg_temp_9,max_temp_4 avg_temp_16,avg_temp_4 avg_temp_16,Agricultural Land Mass^2
0,38338.36956521932,53578.01094617725,152724.62679593608,85797.64523790528,-9947.316267078562,-51912.33724442129,9057.947454286834,-207030.68371913972,9394.582878882837,5481.938006202762,301428.3306655856,-261092.535376384,-52275.20267883263
