,intercept,Agricultural Land Mass,Agricultural Land Mass^2
0,40945.434782336655,14882545.089458922,-14889793.446172608
