,intercept,Agricultural Land Mass,precip_5 max_temp_6,min_temp_4 min_temp_16,min_temp_4 max_temp_21,min_temp_5 min_temp_16,min_temp_5 min_temp_17,min_temp_5 max_temp_17,min_temp_6 min_temp_18,min_temp_6 max_temp_16,min_temp_6 avg_temp_18,min_temp_7 max_temp_16,min_temp_8 min_temp_16,min_temp_8 avg_temp_9,min_temp_9 max_temp_12,min_temp_9 max_temp_19,min_temp_16 max_temp_3,min_temp_18 min_temp_19,min_temp_19 avg_temp_7,min_temp_20 max_temp_17,min_temp_21 max_temp_15,min_temp_21 avg_temp_3,max_temp_8 max_temp_19,avg_temp_16 avg_temp_18
0,39194.95652173921,99.61325948466893,-6739.196020011008,19624.212782448874,-2414.3636218434685,4184.295152523051,3571.2855435123606,10475.508184770228,6888.451702820788,2097.8422911211105,1071.4533485982686,-17009.613317503783,4385.3945040444905,9076.066110184533,5307.761647652271,-5198.038738655585,-15497.79840754537,7092.938152785131,-1668.6694687919594,-2047.6371655477649,2437.004914034148,2122.198468688652,-5245.244647664374,5909.756154958633
