,intercept,Agricultural Land Mass,min_temp_4 min_temp_16,min_temp_6 min_temp_16,min_temp_6 max_temp_16,min_temp_6 avg_temp_16,min_temp_8 min_temp_19,min_temp_16 max_temp_4,min_temp_17 max_temp_6,min_temp_17 avg_temp_9,max_temp_4 avg_temp_16,avg_temp_4 avg_temp_16,Agricultural Land Mass^2
0,40790.56521739481,55258.320450326806,173505.6001995092,159553.7960284915,-726.4968117268679,-103491.26009778916,6492.430726530099,-298421.84856563876,10468.201561187143,4758.089047782806,376120.91709894716,-289241.8565859588,-53352.8382110533
