,intercept,Agricultural Land Mass,min_temp_4 min_temp_16,min_temp_6 min_temp_16,min_temp_6 max_temp_16,min_temp_6 avg_temp_16,min_temp_8 min_temp_19,min_temp_16 max_temp_4,min_temp_17 max_temp_6,min_temp_17 avg_temp_9,max_temp_4 avg_temp_16,avg_temp_4 avg_temp_16,Agricultural Land Mass^2
0,37895.30435,3106891.605,387069.6835,1318293.5,1444291.553,-2650363.592,4799.867435,-575094.0051,11282.11002,5926.169632,889847.4197,-760754.8008,-3105108.11
,1,4058103.54,7.47,15.74,15.74,15.74,10.62,9.73,13.42,13.42,21.07,14.24,
,1,1,9.73,9.73,23.18,16.43,14.58,21.07,29.62,10.95,16.43,16.43,
