,intercept,Agricultural Land Mass,precip_0 min_temp_14,precip_1 precip_8,precip_3 avg_temp_22,precip_4 precip_8,precip_4 min_temp_0,precip_5 min_temp_21,precip_8^2,precip_8 precip_11,precip_8 precip_13,precip_8 precip_21,precip_8 precip_22,precip_8 min_temp_21,precip_11 avg_temp_12,precip_11 avg_temp_13,precip_13 max_temp_1,precip_15 precip_22,precip_15 min_temp_0,precip_15 min_temp_2,precip_15 min_temp_14,precip_15 avg_temp_23,precip_16 precip_19,precip_17 min_temp_14,precip_17 min_temp_23,precip_19 precip_22,precip_20 precip_22,precip_20 min_temp_14,precip_23 min_temp_13,precip_23 min_temp_14,min_temp_2 min_temp_10,min_temp_2 min_temp_14,min_temp_4 min_temp_9,min_temp_4 min_temp_16,min_temp_4 max_temp_11,min_temp_5 min_temp_8,min_temp_5 max_temp_17,min_temp_5 avg_temp_17,min_temp_7 max_temp_3,min_temp_13 avg_temp_13,min_temp_14 avg_temp_23,min_temp_16 max_temp_11,min_temp_20 max_temp_11,max_temp_17 max_temp_18,max_temp_18 Agricultural Land Mass,avg_temp_0^2,avg_temp_0 avg_temp_11,Agricultural Land Mass^2
0,33214.52173913061,526.8517227909587,-8648.664773966088,-601.258954600894,100.18673587864805,-353.75599784933434,-1176.994433215213,-2965.1933202346363,-1987.8755948805372,-328.79158095610603,-554.6948409069604,-249.62957623799613,-16.893950734192995,-2171.744000970175,-360.0906555284643,-7064.106627439666,-1981.832900392937,4635.7847829699485,-3707.5629678329647,3009.546172538902,1687.9636681827963,1383.252476577723,-6595.845571158141,3861.952604392517,1230.4862035836027,-109.30170978799335,-2285.103591884071,-3913.874530558848,4235.231035664572,-7381.260502370057,-5747.100993772659,9353.816032844106,5237.716597831922,8378.631348875879,235.88925110273667,5147.0484966055665,17701.818689617914,32.13118437507775,-7430.0682190062835,444.41729868937284,11566.476855683582,1840.4384360173494,250.90382542365714,4530.10362750525,27.646520649842458,640.1879450263774,4788.79415156189,4287.382705906997
