,intercept,Agricultural Land Mass,precip_1 max_temp_13,precip_3 precip_10,precip_4 precip_20,precip_7 precip_19,precip_9 min_temp_2,precip_9 min_temp_10,precip_10 max_temp_13,precip_12 max_temp_23,precip_13 min_temp_2,precip_16 max_temp_20,precip_20 max_temp_22,precip_21 min_temp_13,precip_21 min_temp_22,precip_22 min_temp_2,min_temp_0 min_temp_2,min_temp_0 max_temp_2,min_temp_2 min_temp_12,min_temp_3 max_temp_12,min_temp_3 avg_temp_8,min_temp_3 avg_temp_10,min_temp_5 max_temp_17,min_temp_6 max_temp_18,min_temp_7 avg_temp_19,min_temp_8 max_temp_4,min_temp_8 max_temp_21,min_temp_9^2,min_temp_9 max_temp_14,min_temp_15 min_temp_21,min_temp_15 max_temp_21,min_temp_16 max_temp_5,min_temp_16 max_temp_22,min_temp_20 max_temp_7,max_temp_3 max_temp_8,max_temp_4 max_temp_16,max_temp_5 max_temp_15,max_temp_6 avg_temp_5,max_temp_7 avg_temp_19,max_temp_8 max_temp_19,max_temp_14 avg_temp_8,max_temp_18 avg_temp_17,avg_temp_2 avg_temp_20,avg_temp_3 avg_temp_22,avg_temp_12 avg_temp_23,avg_temp_18^2,Agricultural Land Mass^2
0,34637.28260869603,4890.6200888024705,1187.969847706165,3133.3036900692064,3457.850156301556,-10298.520964057709,2383.3372450884945,-2892.231127230436,-6313.259628325487,-472.417129713283,10.78791934068265,-871.2008597341533,-851.4605685925874,-2603.8203118271554,6021.405485751453,-902.6807522324467,9521.595470518716,-6223.490556209596,-10862.162533434936,-848.37829466013,7057.567991731733,5791.1759157784145,16700.329582837214,3779.8163092394016,-7778.042932335591,4137.868060391198,3297.8786481990687,10217.951255471753,-871.9306502130897,3310.216539646883,11057.665313645934,-1030.9457975479334,2232.587747815811,-4652.878323345407,-18799.092883556576,18214.4980206918,-14564.822935632697,-5097.375545114781,-6241.144754149967,-530.9133126567037,2027.1697943819624,508.4957062112211,-7081.238536781835,-5918.856969687711,11737.56423973485,15154.647914062609,2560.9739705891666
