,intercept,Agricultural Land Mass,min_temp_4 min_temp_16,min_temp_6 min_temp_16,min_temp_6 max_temp_16,min_temp_6 avg_temp_16,min_temp_8 min_temp_19,min_temp_16 max_temp_4,min_temp_17 max_temp_6,min_temp_17 avg_temp_9,max_temp_4 avg_temp_16,avg_temp_4 avg_temp_16,Agricultural Land Mass^2
0,38945.891304473844,3162097.711608072,526584.3799794314,633085.0388877853,300218.9952159843,-814691.84152955,9180.149113269828,-827400.5436518386,6177.496169524867,4518.79317909061,1251045.448332442,-1038209.8468763364,-3160634.482324794
