,intercept,Agricultural Land Mass,precip_5^2,precip_5 max_temp_8,min_temp_4 min_temp_16,min_temp_5 min_temp_16,min_temp_5 min_temp_17,min_temp_5 max_temp_17,min_temp_6 max_temp_16,min_temp_6 max_temp_18,min_temp_7 max_temp_16,min_temp_8 min_temp_16,min_temp_8 avg_temp_9,min_temp_9 max_temp_12,min_temp_9 max_temp_19,min_temp_16 max_temp_3,min_temp_17 max_temp_7,min_temp_17 avg_temp_9,min_temp_18 min_temp_19,min_temp_19 avg_temp_7,min_temp_20 max_temp_17,min_temp_21 avg_temp_3,max_temp_8 max_temp_19,avg_temp_16 avg_temp_18
0,37971.89130434794,2485.139136375887,-2406.594421597027,-139.97532974573167,18166.78852759508,1143.2814263285031,4234.799205884225,12331.734631771442,1290.988491108772,6130.156108983845,-7294.340404969271,10508.888554117792,4262.395186001915,5365.624266935611,-5602.297382387973,-19077.292952616095,-3203.76296200297,5839.264943730788,15621.471962521957,-14144.365509250987,-1492.1167115870412,2869.4997240365524,-4763.607076395815,803.7721069938668
