,intercept,Agricultural Land Mass,min_temp_4 min_temp_16,min_temp_6 min_temp_16,min_temp_6 max_temp_16,min_temp_6 avg_temp_16,min_temp_8 min_temp_19,min_temp_16 max_temp_4,min_temp_17 max_temp_6,min_temp_17 avg_temp_9,max_temp_4 avg_temp_16,avg_temp_4 avg_temp_16,Agricultural Land Mass^2
0,36679.32608696588,755799.4572887112,696614.6056309191,655200.3445198488,346528.040492324,-880591.8411160345,11806.293304509412,-979439.7055274759,8955.604031336175,2968.467240193576,1613625.5324972912,-1414925.4023323809,-752056.4809449349
