,intercept,Agricultural Land Mass,Agricultural Land Mass^2
0,38484.39130457043,11405905.076949162,-11412164.288121687
