,intercept,Agricultural Land Mass,precip_0 min_temp_23,precip_1 precip_23,precip_2 min_temp_9,precip_3 min_temp_16,precip_4 precip_8,precip_4 precip_23,precip_5 precip_17,precip_5 precip_22,precip_7 precip_21,precip_7 max_temp_1,precip_8 precip_9,precip_8 precip_18,precip_11 min_temp_0,precip_11 min_temp_22,precip_11 avg_temp_0,precip_11 avg_temp_13,precip_13 precip_16,precip_13 avg_temp_13,precip_16 precip_19,precip_16 min_temp_13,precip_19 precip_22,precip_20 min_temp_12,precip_21 min_temp_14,precip_23 min_temp_13,precip_23 min_temp_14,precip_23 avg_temp_10,min_temp_1 max_temp_1,min_temp_2 min_temp_10,min_temp_4 min_temp_8,min_temp_4 min_temp_9,min_temp_4 min_temp_16,min_temp_4 max_temp_23,min_temp_5 min_temp_8,min_temp_5 min_temp_16,min_temp_5 min_temp_17,min_temp_6 min_temp_17,min_temp_6 max_temp_17,min_temp_6 max_temp_20,min_temp_6 avg_temp_17,min_temp_8 min_temp_9,min_temp_8 min_temp_17,min_temp_9 max_temp_0,min_temp_16 max_temp_11,min_temp_19 max_temp_10,min_temp_19 max_temp_15,min_temp_23 avg_temp_23,max_temp_0 avg_temp_11,max_temp_7 max_temp_15,max_temp_8 max_temp_15,avg_temp_0^2,avg_temp_0 avg_temp_11,avg_temp_11^2,Agricultural Land Mass^2
0,35345.63043478251,138.46103653032452,-614.3082632400289,-43.75839199729749,3239.2406952052547,1605.63010562966,-1042.5307672559252,-2853.2032707614535,-3911.3108188900837,-1505.2277135760016,-213.05918970402237,-5072.313334401642,-3754.2140941570105,-3894.227029508576,-224.40430829168557,-4507.600123403416,-568.7520889892982,-342.3132233906241,-3899.7555160209145,-1719.1459761930835,-482.3534217826081,-1.7490910014186996,-4018.1736269580615,-3321.2499419087994,4946.354221656,1171.6649539440862,-3680.425668589468,-1431.3491867894136,5165.593724456103,-3891.359658701211,3919.187054409917,2318.9766968574495,1200.2565967386872,194.72298348359624,7723.752760469846,7115.044272766291,10170.300488121724,5377.760281901524,1648.3719459924225,108.70974146853136,971.2298190988229,46.27560601482913,825.5831078460243,351.302272503072,1885.4123010791698,-1484.3684790580987,-4110.658995722754,-6011.3931723976375,132.71258248405283,-351.973900950012,-3272.203277145962,281.0151311377978,5414.701055799865,174.0424778564727,1144.3404048350678
