,intercept,Agricultural Land Mass,min_temp_4 min_temp_16,min_temp_6 min_temp_16,min_temp_6 max_temp_16,min_temp_6 avg_temp_16,min_temp_8 min_temp_19,min_temp_16 max_temp_4,min_temp_17 max_temp_6,min_temp_17 avg_temp_9,max_temp_4 avg_temp_16,avg_temp_4 avg_temp_16,Agricultural Land Mass^2
0,40575.02173919667,3350194.593364311,617615.0751796128,1076235.2722925409,1212500.1076524311,-2195086.7716166554,7195.2534772194385,-680543.6985217029,12816.915259145766,325.150657191724,1267767.4647756836,-1238992.3882005664,-3350018.3851021226
