,intercept,Agricultural Land Mass,min_temp_4 min_temp_16,min_temp_6 min_temp_16,min_temp_6 max_temp_16,min_temp_6 avg_temp_16,min_temp_8 min_temp_19,min_temp_16 max_temp_4,min_temp_17 max_temp_6,min_temp_17 avg_temp_9,max_temp_4 avg_temp_16,avg_temp_4 avg_temp_16,Agricultural Land Mass^2
0,35752.97826087177,61215.52477975288,181950.00337664862,157867.06331462928,4953.376006583522,-114553.72032119201,3973.2637870691588,-291390.0819690027,6043.0560324031685,10048.653571707344,394289.3639534841,-319008.21849632496,-60860.49231463096
