,intercept,min_temp_16,precip_5^2,precip_5 max_temp_6,min_temp_4 min_temp_16,min_temp_4 max_temp_21,min_temp_4 avg_temp_3,min_temp_4 avg_temp_16,min_temp_4 avg_temp_17,min_temp_4 avg_temp_21,min_temp_5 min_temp_17,min_temp_6 min_temp_8,min_temp_6 min_temp_16,min_temp_6 min_temp_18,min_temp_6 min_temp_19,min_temp_6 max_temp_18,min_temp_6 max_temp_19,min_temp_6 avg_temp_6,min_temp_6 avg_temp_17,min_temp_6 avg_temp_18,min_temp_7 min_temp_16,min_temp_7 max_temp_16,min_temp_8 min_temp_16,min_temp_8 min_temp_19,min_temp_8 avg_temp_5,min_temp_8 avg_temp_9,min_temp_9 min_temp_21,min_temp_9 max_temp_12,min_temp_9 max_temp_19,min_temp_16 max_temp_3,min_temp_16 max_temp_5,min_temp_16 max_temp_18,min_temp_16 max_temp_20,min_temp_16 avg_temp_4,min_temp_16 avg_temp_5,min_temp_16 avg_temp_19,min_temp_16 Agricultural Land Mass,min_temp_17 max_temp_6,min_temp_17 avg_temp_9,min_temp_18 min_temp_19,min_temp_18 max_temp_2,min_temp_19 avg_temp_8,min_temp_20 max_temp_17,min_temp_20 avg_temp_16,min_temp_20 avg_temp_21,min_temp_21 max_temp_15,min_temp_21 avg_temp_3,max_temp_4 avg_temp_16,max_temp_6 max_temp_16,max_temp_7 avg_temp_18,max_temp_8 avg_temp_19,max_temp_16 avg_temp_6,max_temp_17 avg_temp_5,max_temp_18 avg_temp_6,avg_temp_9 avg_temp_21,Agricultural Land Mass^2
0,36045.065217391675,-105803.96945323504,354.2313832110352,-2505.536271167512,132497.11062564902,-84808.63542335069,60511.32313951072,-21323.38084406075,-4945.251679215678,-19007.170752606675,30918.866217321767,147362.50295801234,30843.558392848867,-68156.49419136357,-31907.24333322893,-15636.509232805494,18599.326510870735,13336.078826538935,11284.659185753588,-27360.88690001549,7163.858190264609,-14915.636298727908,182146.9895351772,-98536.6100912553,-20731.759043111153,-163099.91845909198,-9930.038544293711,7229.751069317454,243.70683979995547,-63841.11897010816,-1815.9787461287092,15292.889100450919,47196.52260527651,5396.896266662812,-16901.11693316492,-44539.65340462246,-50864.17011972363,-67012.73732035453,90026.98155977996,101938.17376181821,-1120.270198752782,-8568.27813322742,-18814.28063513397,-30639.40002984661,46340.962829667806,-624.1152868674096,-28060.931305151385,-18073.700514702625,3576.8132196340553,-7341.174426585157,-2427.864050531769,22174.021971133956,5234.253717784513,35677.973445392345,56566.18457811849,3606.6255215629903
