,intercept,Agricultural Land Mass,min_temp_4 min_temp_16,min_temp_6 min_temp_16,min_temp_6 max_temp_16,min_temp_6 avg_temp_16,min_temp_8 min_temp_19,min_temp_16 max_temp_4,min_temp_17 max_temp_6,min_temp_17 avg_temp_9,max_temp_4 avg_temp_16,avg_temp_4 avg_temp_16,Agricultural Land Mass^2
0,38097.652174013616,3259151.636244881,747591.6380756911,1089760.9950161316,904976.3344819095,-1857657.6883053624,8891.65630139241,-1057883.7100424017,10104.732396864085,3784.1250347043124,1745929.7129787195,-1531160.6905013232,-3257592.7643395127
