,intercept,Agricultural Land Mass,min_temp_4 min_temp_16,min_temp_6 min_temp_16,min_temp_6 max_temp_16,min_temp_6 avg_temp_16,min_temp_8 min_temp_19,min_temp_16 max_temp_4,min_temp_17 max_temp_6,min_temp_17 avg_temp_9,max_temp_4 avg_temp_16,avg_temp_4 avg_temp_16,Agricultural Land Mass^2
0,36320.6956521735,72994.3328357493,99184.83353961573,142585.4717864797,51652.423012486295,-162933.784070824,3582.31502334915,-171126.4068486001,8418.957301656552,7110.541061237734,211826.19954481063,-159384.02146773716,-72966.36003317707
