,intercept,Agricultural Land Mass,precip_1 max_temp_13,precip_4 precip_20,precip_5^2,precip_7 precip_19,precip_7 min_temp_2,precip_9 min_temp_2,precip_9 min_temp_10,precip_13 min_temp_2,precip_21 min_temp_13,precip_21 min_temp_22,precip_22 min_temp_2,precip_22 min_temp_9,min_temp_0 max_temp_2,min_temp_2 min_temp_12,min_temp_3 max_temp_12,min_temp_3 avg_temp_10,min_temp_4 avg_temp_14,min_temp_5 min_temp_21,min_temp_5 max_temp_4,min_temp_5 max_temp_17,min_temp_7 avg_temp_19,min_temp_9 min_temp_15,min_temp_9 max_temp_12,min_temp_16 max_temp_4,min_temp_16 max_temp_22,min_temp_17 max_temp_2,min_temp_18 min_temp_19,min_temp_18 max_temp_2,min_temp_18 max_temp_9,min_temp_18 avg_temp_4,max_temp_3 max_temp_8,max_temp_8 avg_temp_18,max_temp_18 avg_temp_6,avg_temp_7 avg_temp_19,avg_temp_7 avg_temp_20,avg_temp_18^2,Agricultural Land Mass^2
0,39240.26086956529,822.6954985249237,-2456.6191296571756,2832.419581882127,-3341.227545437998,-4949.661956669396,5078.537178789526,3902.2131758667815,-4156.540156858914,-3672.016983288221,-2311.4593987456014,478.17886085047024,-207.42872275976694,4321.160418457504,-4840.670969910209,-1988.8008610757558,10421.19360265955,11640.816932820673,5046.042236495369,3735.91727296598,17093.98880972255,2995.7813482411725,-8099.9188936012115,515.7287361819532,4447.28653912333,2702.052907247855,2117.115144082383,-2164.4923492078315,14330.823374471629,-6729.300238183249,5899.226290018866,954.3593423772645,-22183.904851527823,5781.4555648819605,10790.201808312791,-13387.930037803308,-3074.333736299689,47.41239983185859,1800.6469932424627
