,intercept,Agricultural Land Mass,min_temp_4 min_temp_16,min_temp_6 min_temp_16,min_temp_6 max_temp_16,min_temp_6 avg_temp_16,min_temp_8 min_temp_19,min_temp_16 max_temp_4,min_temp_17 max_temp_6,min_temp_17 avg_temp_9,max_temp_4 avg_temp_16,avg_temp_4 avg_temp_16,Agricultural Land Mass^2
0,40304.65217389192,527649.8670616498,789315.0102858288,1630388.1044174917,1403380.8877063906,-2819175.7374955066,4993.129451142808,-1196086.0120982944,10063.065449382555,4132.422671684237,1804637.2370990345,-1535098.4527630084,-526590.1044136472
