,intercept,min_temp_7,Agricultural Land Mass,precip_4 precip_20,precip_5 min_temp_16,precip_7 precip_19,precip_9 min_temp_2,precip_9 min_temp_10,precip_10 max_temp_13,precip_13 min_temp_2,precip_16 max_temp_20,precip_16 avg_temp_5,precip_20 max_temp_22,precip_21 min_temp_13,precip_21 min_temp_22,precip_22 min_temp_2,min_temp_0 min_temp_2,min_temp_0 max_temp_2,min_temp_3 avg_temp_8,min_temp_3 avg_temp_10,min_temp_4 min_temp_21,min_temp_4 avg_temp_14,min_temp_4 avg_temp_21,min_temp_5 min_temp_8,min_temp_5 min_temp_15,min_temp_5 min_temp_17,min_temp_6 min_temp_18,min_temp_6 max_temp_17,min_temp_8 min_temp_17,min_temp_9^2,min_temp_16 max_temp_22,min_temp_18 avg_temp_4,max_temp_3 max_temp_8,max_temp_5 max_temp_15,max_temp_8 max_temp_19,max_temp_8 avg_temp_18,max_temp_8 avg_temp_19,avg_temp_4 avg_temp_21,avg_temp_12 avg_temp_23
0,38153.73913043472,-7463.336807440372,3300.9959927979667,252.54951406579914,-7336.407811300175,-3089.549442659486,-995.5948383588242,-962.1991883774889,-2143.475148315181,3805.865952716828,2138.297808952625,406.95171992753234,107.5838524127565,745.565648664802,-3146.886494142029,-5968.38631658809,822.11480349949,2318.082431673504,10778.500741559692,-6093.095923699881,4569.003347767291,212.01035819663986,4747.296264361083,13990.851588337218,5483.709343979985,5586.493167089816,3504.844107622847,7567.621721656217,8080.074177946317,7537.719786683147,6290.149521774274,2554.6698574246843,-10989.057884771995,-8314.014582944726,-14643.49383135748,-134.92829338516205,-1577.594178470158,2181.4586244249276,5191.671854160109
