,intercept,Agricultural Land Mass,min_temp_4 min_temp_16,min_temp_6 min_temp_16,min_temp_6 max_temp_16,min_temp_6 avg_temp_16,min_temp_8 min_temp_19,min_temp_16 max_temp_4,min_temp_17 max_temp_6,min_temp_17 avg_temp_9,max_temp_4 avg_temp_16,avg_temp_4 avg_temp_16,Agricultural Land Mass^2
0,39451.56521739277,3560097.8725858075,643914.3208147208,1103608.0483126186,931954.0022852082,-1887741.941802306,6009.739577697772,-970601.3179932877,11045.376957408638,3253.959080116571,1508389.1081816214,-1275545.2841396744,-3557822.0659129517
