,intercept,Agricultural Land Mass,min_temp_4 min_temp_16,min_temp_6 min_temp_16,min_temp_6 max_temp_16,min_temp_6 avg_temp_16,min_temp_8 min_temp_19,min_temp_16 max_temp_4,min_temp_17 max_temp_6,min_temp_17 avg_temp_9,max_temp_4 avg_temp_16,avg_temp_4 avg_temp_16,Agricultural Land Mass^2
0,38184.282608198075,6269788.551605037,197872.22346043075,542853.2032767144,617389.8075500301,-1120874.3580864603,5630.201614107289,-241675.98658877393,8747.39764138002,4192.458721941941,407209.28833223553,-372756.6168111032,-6270082.330017226
