,intercept,Agricultural Land Mass,precip_1 max_temp_13,precip_4 precip_20,precip_5^2,precip_7 precip_19,precip_9 min_temp_10,precip_10 max_temp_13,precip_13 min_temp_2,precip_16 min_temp_0,precip_21 min_temp_13,precip_22 min_temp_2,min_temp_0 min_temp_2,min_temp_0 max_temp_2,min_temp_2 min_temp_12,min_temp_3 max_temp_12,min_temp_3 avg_temp_8,min_temp_4 avg_temp_14,min_temp_5 min_temp_15,min_temp_5 min_temp_18,min_temp_5 max_temp_17,min_temp_6 min_temp_8,min_temp_6 min_temp_15,min_temp_6 max_temp_7,min_temp_7 avg_temp_6,min_temp_7 avg_temp_19,min_temp_8 max_temp_9,min_temp_8 max_temp_21,min_temp_9^2,min_temp_9 min_temp_15,min_temp_9 max_temp_12,min_temp_9 max_temp_14,min_temp_16 max_temp_15,min_temp_16 max_temp_22,min_temp_18^2,min_temp_18 max_temp_6,min_temp_18 max_temp_9,min_temp_18 avg_temp_4,min_temp_21 max_temp_15,max_temp_3 max_temp_8,max_temp_5 max_temp_15,max_temp_6 max_temp_16,max_temp_7 max_temp_16,max_temp_8 max_temp_19,max_temp_16 max_temp_21,max_temp_16 avg_temp_6,max_temp_16 avg_temp_18,max_temp_16 avg_temp_19,max_temp_17 avg_temp_4,max_temp_17 avg_temp_5,avg_temp_2 avg_temp_20,avg_temp_8 avg_temp_20,Agricultural Land Mass^2
0,33874.804347825986,278.2711571453562,-5202.603722168406,2843.9739770864344,-3468.1490766801817,-3992.6744641120663,-3361.7056928497195,-6028.231904775293,3372.638020226295,-447.9211532174864,-948.0657296064678,-2468.173198918281,12055.618477035523,-2850.9620200899626,-4143.822931789192,5681.210104644939,12951.271439684091,10642.92892024342,4029.1103260742993,13924.475151259938,5324.240050445827,6269.164918582792,2877.0610898452674,5429.003668404105,-1559.41350152691,-12551.114133937455,2696.915817053536,3882.3938246902867,11283.887809840247,9064.912758312308,5512.062359079102,-13322.014549917008,-3119.7073510203822,102.04901607104179,2057.9400514773806,1405.0864085409569,863.0581365816836,528.3761591890162,-2357.2139197768097,-19760.01971013888,-17128.805880009895,2021.9501952642702,1170.64319436338,-8358.983974608922,10772.591107265513,7.033285529040976,421.0996847273942,2692.6911539336543,1563.7849365341617,782.1508137864051,-343.173347522997,-3069.246306435731,1160.2910830193537
