,intercept,Agricultural Land Mass,min_temp_4 min_temp_16,min_temp_6 min_temp_16,min_temp_6 max_temp_16,min_temp_6 avg_temp_16,min_temp_8 min_temp_19,min_temp_16 max_temp_4,min_temp_17 max_temp_6,min_temp_17 avg_temp_9,max_temp_4 avg_temp_16,avg_temp_4 avg_temp_16,Agricultural Land Mass^2
0,37895.30434795813,3106891.6054012054,387069.68345172564,1318293.4996701302,1444291.5532794802,-2650363.592127365,4799.867435228879,-575094.00509006,11282.110024206586,5926.169631885266,889847.419704002,-760754.8008347792,-3105108.1100396067
