,intercept,min_temp_7,Agricultural Land Mass,precip_3 precip_10,precip_4 precip_20,precip_5 max_temp_4,precip_5 max_temp_5,precip_5 max_temp_21,precip_7 precip_19,precip_7 min_temp_2,precip_9 min_temp_2,precip_9 min_temp_10,precip_10 max_temp_13,precip_12 max_temp_23,precip_16 min_temp_0,precip_20 max_temp_22,precip_21 min_temp_22,precip_22 min_temp_9,min_temp_0 min_temp_2,min_temp_3 avg_temp_8,min_temp_4 max_temp_16,min_temp_4 avg_temp_14,min_temp_5 min_temp_15,min_temp_5 min_temp_17,min_temp_5 max_temp_16,min_temp_5 max_temp_20,min_temp_6 min_temp_18,min_temp_6 min_temp_21,min_temp_7 avg_temp_19,min_temp_8 min_temp_17,min_temp_8 max_temp_2,min_temp_8 max_temp_21,min_temp_9 min_temp_15,min_temp_9 max_temp_12,min_temp_18 max_temp_20,max_temp_3 avg_temp_8,max_temp_5 max_temp_15,max_temp_6 avg_temp_5,max_temp_8 max_temp_19,max_temp_8 avg_temp_19,max_temp_9 avg_temp_8,avg_temp_3 avg_temp_22
0,37377.478260869575,-5552.03355762171,2328.9937303104425,2387.0618800798975,1855.2661831953114,-2971.3085795188827,-2059.955156721303,-1167.2183401374955,-3737.90058062337,-570.0029670138113,-1053.1430041123042,-2940.299650315802,-11677.460409541289,1189.4317394150257,-390.4062606117188,-3639.4631688816867,4916.980915475501,-5612.030271270696,1250.991984827709,4635.90360995603,11571.972763488931,1456.7681377586973,5858.18637281409,10435.781056371348,11472.31116932701,1918.9353185341515,8089.575675829363,7216.632593709552,-2005.9613261889979,4467.337319269497,77.76931865751122,14373.767765899001,6441.666826818356,5776.764599468396,2262.748428384342,-10407.629996916443,-13064.659174469958,-4325.311358169099,-7213.685402303382,-3596.260919762682,-1013.3919634180363,-5454.938344256898
