,intercept,min_temp_7,precip_4 precip_20,precip_5 min_temp_16,precip_7 precip_19,precip_9 min_temp_2,precip_9 min_temp_10,precip_10 max_temp_13,precip_12 max_temp_23,precip_16 min_temp_0,precip_21 min_temp_13,precip_21 min_temp_22,precip_22 min_temp_9,precip_22 avg_temp_10,min_temp_0 min_temp_2,min_temp_2 min_temp_12,min_temp_3 max_temp_12,min_temp_3 avg_temp_8,min_temp_4 min_temp_21,min_temp_4 avg_temp_14,min_temp_5 max_temp_4,min_temp_5 max_temp_17,min_temp_5 avg_temp_17,min_temp_6 max_temp_18,min_temp_7 avg_temp_19,min_temp_8 min_temp_16,min_temp_8 min_temp_17,min_temp_9 min_temp_15,min_temp_16 max_temp_18,min_temp_18 max_temp_2,min_temp_18 max_temp_9,min_temp_19 avg_temp_18,max_temp_3 max_temp_8,max_temp_5 max_temp_15,max_temp_14 avg_temp_8,max_temp_18 avg_temp_16,max_temp_19 avg_temp_20,avg_temp_18^2
0,38062.69565217389,-3763.7775514063587,6321.255656662596,-9222.51674259942,-1385.8147889344336,-217.07252936226465,-3699.5923568097564,-6052.501482464446,816.2189081725323,106.30759077307718,-809.6155615540239,3281.5954178053075,8749.5826992929,-5133.729718911726,2561.1911406095933,-14720.266196884564,12807.400913549343,773.8837410500527,3202.4570617313307,16534.456286636632,12451.953047374362,8115.722630544566,994.1747007210166,11006.610151006917,-10842.343865477886,3960.3205836479224,1628.3495423981583,2964.8564149217996,9386.489578956543,-13538.0444995446,7768.240933124105,1467.1961895397515,-13842.380077631513,-6471.079392098206,-7607.842048373925,3131.5553370981124,-6270.971665192257,3366.1482884653688
