,intercept,Agricultural Land Mass,min_temp_4 min_temp_16,min_temp_6 min_temp_16,min_temp_6 max_temp_16,min_temp_6 avg_temp_16,min_temp_8 min_temp_19,min_temp_16 max_temp_4,min_temp_17 max_temp_6,min_temp_17 avg_temp_9,max_temp_4 avg_temp_16,avg_temp_4 avg_temp_16,Agricultural Land Mass^2
0,39093.91304344387,1499941.511717047,673299.5777261634,808586.2399992545,598747.6199190567,-1282473.8999557833,9139.631402809167,-911444.0077410035,7209.005524079282,3049.6783665849853,1487275.0285462325,-1331411.2212620538,-1497583.1457807363
