,intercept,Agricultural Land Mass,min_temp_4 min_temp_16,Agricultural Land Mass^2
0,39409.065217327035,12081816.740326295,20921.415533773496,-12080576.751106266
