,intercept,Agricultural Land Mass,Agricultural Land Mass^2
0,32462.869565376754,9686573.202833805,-9689944.172842741
