,intercept,min_temp_17,Agricultural Land Mass,precip_0 max_temp_12,precip_2 min_temp_9,precip_2 min_temp_14,precip_3 min_temp_21,precip_4 precip_8,precip_4 precip_23,precip_5 precip_14,precip_5 precip_17,precip_6 avg_temp_12,precip_7 precip_17,precip_7 max_temp_1,precip_8 precip_10,precip_8 precip_11,precip_8 precip_18,precip_8 precip_22,precip_10 precip_18,precip_10 min_temp_22,precip_10 max_temp_1,precip_11 min_temp_0,precip_11 min_temp_22,precip_12 precip_13,precip_12 min_temp_1,precip_13 avg_temp_13,precip_14 precip_19,precip_15 min_temp_0,precip_16 precip_19,precip_17 min_temp_14,precip_18 min_temp_10,precip_18 avg_temp_13,precip_19 precip_22,precip_21 min_temp_14,precip_23 min_temp_13,min_temp_1 max_temp_1,min_temp_2 min_temp_10,min_temp_4 min_temp_8,min_temp_4 min_temp_16,min_temp_4 min_temp_17,min_temp_5 min_temp_6,min_temp_5 min_temp_8,min_temp_5 min_temp_16,min_temp_5 min_temp_17,min_temp_6 min_temp_17,min_temp_10 avg_temp_12,min_temp_22^2,min_temp_23 avg_temp_23,max_temp_0 avg_temp_11,max_temp_3 max_temp_10,max_temp_9 max_temp_10,max_temp_10 max_temp_15,max_temp_18 Agricultural Land Mass,avg_temp_0 avg_temp_11,Agricultural Land Mass^2
0,35467.91304347824,9.915121043690247,17.371622675646336,479.11168381341207,2196.3053443883696,566.2879791066281,2300.014974658908,-840.0138293678533,-2570.226150409686,-1955.323562281206,-1426.2967227160461,12.377338445599415,-689.3105701304326,-6749.746621292067,-734.5085527362397,-3278.526623256249,-695.0010155595983,-832.4136320292172,-392.20082082617273,-2912.6246371134193,-0.040130993161629096,-312.4244873262399,-4374.315507871971,-129.69112060271135,2234.3325444826155,-822.6384672958158,-66.35174533749522,-5180.734153181641,-3458.8689874940424,1866.688783901063,2822.4907706329436,-401.31491091025237,-2393.605012773983,144.66742106507502,5595.822208507404,1155.3101079168584,-2874.799471878201,1374.336465167193,3863.8707738681387,754.8782097552773,4430.333451572468,4417.48795353334,8078.087411142575,11454.6390422283,3651.039319550574,776.8321499402834,-2526.297960430384,-4130.712364071095,855.0510522492252,-3721.6089310264974,-9.101413882961053,-1267.8614082493445,356.74363763493375,9788.69066128692,8583.155063483637
