,intercept,Agricultural Land Mass,min_temp_4 min_temp_16,min_temp_6 min_temp_16,min_temp_6 max_temp_16,min_temp_6 avg_temp_16,min_temp_8 min_temp_19,min_temp_16 max_temp_4,min_temp_17 max_temp_6,min_temp_17 avg_temp_9,max_temp_4 avg_temp_16,avg_temp_4 avg_temp_16,Agricultural Land Mass^2
0,37736.652173912604,92463.52681848923,206691.43228317198,125088.6689471395,-13130.45260068553,-63122.838186510424,8073.166005139979,-305301.55205491127,11512.188984542658,4442.914810167212,431443.9936132602,-367107.3330823418,-92124.59974438659
