,intercept,Agricultural Land Mass,min_temp_4 min_temp_16,min_temp_6 min_temp_16,min_temp_6 max_temp_16,min_temp_6 avg_temp_16,min_temp_8 min_temp_19,min_temp_16 max_temp_4,min_temp_17 max_temp_6,min_temp_17 avg_temp_9,max_temp_4 avg_temp_16,avg_temp_4 avg_temp_16,Agricultural Land Mass^2
0,37752.2173911703,2157654.6157791833,796553.8065331663,1120433.8633314115,805029.2414486,-1742437.07437298,3413.9987732417862,-1190587.300646929,9425.324613541721,-1525.6429369960656,1879500.6018922955,-1609125.7388685492,-2155843.2664067964
