,intercept,Agricultural Land Mass,min_temp_4 min_temp_16,min_temp_6 min_temp_16,min_temp_6 max_temp_16,min_temp_6 avg_temp_16,min_temp_8 min_temp_19,min_temp_16 max_temp_4,min_temp_17 max_temp_6,min_temp_17 avg_temp_9,max_temp_4 avg_temp_16,avg_temp_4 avg_temp_16,Agricultural Land Mass^2
0,40535.8695652751,1269560.5507326317,713513.0731359409,887327.0057395105,743651.149944293,-1513603.4157956783,12967.308461330244,-915377.5938848718,8474.862172940178,3830.8853176059874,1568023.5411718015,-1439793.496539961,-1265691.9589230886
