,intercept,Agricultural Land Mass,min_temp_4 min_temp_16,min_temp_6 min_temp_16,min_temp_6 max_temp_16,min_temp_6 avg_temp_16,min_temp_8 min_temp_19,min_temp_16 max_temp_4,min_temp_17 max_temp_6,min_temp_17 avg_temp_9,max_temp_4 avg_temp_16,avg_temp_4 avg_temp_16,Agricultural Land Mass^2
0,40441.130434816274,1794012.8405645532,730464.7732498564,1265169.208549466,1055843.5193092772,-2152681.1281177904,5406.839677766198,-1100879.3159548196,7681.081370065441,5427.386652828021,1721986.2667362213,-1471787.107721933,-1791449.3897068677
