,intercept,precip_5^2,precip_5 max_temp_6,min_temp_4 max_temp_21,min_temp_4 avg_temp_3,min_temp_5 min_temp_17,min_temp_5 max_temp_17,min_temp_6 max_temp_18,min_temp_6 max_temp_19,min_temp_7 max_temp_16,min_temp_9 min_temp_21,min_temp_9 max_temp_12,min_temp_9 max_temp_19,min_temp_16^2,min_temp_16 max_temp_3,min_temp_16 max_temp_18,min_temp_16 max_temp_20,min_temp_16 max_temp_21,min_temp_16 avg_temp_4,min_temp_17 max_temp_6,min_temp_17 max_temp_7,min_temp_17 avg_temp_9,min_temp_18 min_temp_19,min_temp_18 max_temp_2,min_temp_18 max_temp_6,min_temp_19 avg_temp_7,min_temp_20 avg_temp_16,max_temp_8 max_temp_19,max_temp_17 avg_temp_5,max_temp_18 avg_temp_6,Agricultural Land Mass^2
0,37464.043478260865,-14722.645951796587,11549.90464843318,-80301.13311560467,98284.70889246449,15377.667556443776,9283.0076770088,15257.474485699671,-10999.203077508582,-8163.939060958462,-1697.1105729832225,8763.895726605735,-6480.65426607071,-2951.4427000745313,-126072.37497760516,16135.384799737087,12836.78645264988,65751.28542250328,33585.96960600967,-10710.473868048792,-5763.37111108841,16298.735706364538,13678.3162250974,-1395.3134355920704,-5287.979101439096,-5833.450987469346,-7082.893516938598,-4337.154095162344,-4968.380017136225,1320.3577002348309,-1822.272145422177
