,intercept,Agricultural Land Mass,min_temp_4 min_temp_16,min_temp_6 min_temp_16,min_temp_6 max_temp_16,min_temp_6 avg_temp_16,min_temp_8 min_temp_19,min_temp_16 max_temp_4,min_temp_17 max_temp_6,min_temp_17 avg_temp_9,max_temp_4 avg_temp_16,avg_temp_4 avg_temp_16,Agricultural Land Mass^2
0,37228.95652180953,3064304.1408594656,505651.4934176859,1220484.4009888037,1448275.7696165876,-2586918.0720648603,5470.252087989978,-561173.1744516658,6848.568230887262,8920.202311101053,1071509.0297653084,-1044204.5987150683,-3063925.487319388
