,intercept,Agricultural Land Mass,precip_5^2,min_temp_4 min_temp_16,min_temp_4 max_temp_21,min_temp_5 min_temp_16,min_temp_5 max_temp_17,min_temp_6 min_temp_18,min_temp_6 avg_temp_6,min_temp_7 max_temp_16,min_temp_8 avg_temp_9,min_temp_9 max_temp_12,min_temp_9 max_temp_19,min_temp_16 max_temp_3,min_temp_18 min_temp_19,min_temp_18 max_temp_6,min_temp_21 max_temp_15,max_temp_8 max_temp_19,avg_temp_6 avg_temp_18
0,37997.97826086973,1335.545925009931,-3068.799213149442,25901.645716926236,-10606.325201563071,10624.506326037103,10751.101073622645,8496.851979730458,995.7177357145112,-24609.16600088789,1388.172011409024,8100.910264758672,-7525.724879648162,-6973.452425258836,1738.1588452541064,2904.9777884674754,4292.1052529414,-316.61789147307604,4865.833606594261
