,intercept,Agricultural Land Mass,Agricultural Land Mass^2
0,40356.543478618754,13671510.176472286,-13675272.844894197
