,intercept,Agricultural Land Mass,min_temp_4 min_temp_16,min_temp_6 min_temp_16,min_temp_6 max_temp_16,min_temp_6 avg_temp_16,min_temp_8 min_temp_19,min_temp_16 max_temp_4,min_temp_17 max_temp_6,min_temp_17 avg_temp_9,max_temp_4 avg_temp_16,avg_temp_4 avg_temp_16,Agricultural Land Mass^2
0,36317.826087055655,5402186.969230059,406245.6046287432,1127256.781073856,1293339.381161537,-2343231.7614460257,4203.558115275435,-512098.8246489891,9211.309412636558,5809.584765191198,913673.0628459567,-843957.6405123433,-5401523.305198352
