,intercept,Agricultural Land Mass,precip_5 max_temp_8,min_temp_4 min_temp_16,min_temp_4 max_temp_21,min_temp_5 min_temp_16,min_temp_5 min_temp_17,min_temp_5 max_temp_17,min_temp_6 min_temp_18,min_temp_6 avg_temp_18,min_temp_7 max_temp_16,min_temp_8 min_temp_16,min_temp_8 avg_temp_9,min_temp_9 max_temp_12,min_temp_9 max_temp_19,min_temp_16 max_temp_3,min_temp_16 avg_temp_4,min_temp_18 min_temp_19,min_temp_18 max_temp_2,min_temp_20 max_temp_17,min_temp_21 max_temp_15,max_temp_4 avg_temp_16,max_temp_8 max_temp_19
0,39922.956521739245,949.6339187318963,-5403.433042029726,15984.34144096411,-8266.895149079448,3133.4510637622247,224.49131541969297,21113.834332440583,1399.3171223552401,8331.308937514914,-15359.981129867003,5459.866516909596,4552.912985857309,6969.11484062671,-9844.678539053835,-18693.222918192027,10285.013964122829,7871.249937039574,73.95962141251306,-762.132796410636,7770.841657349619,5607.599345318347,-12466.615424869899
