,intercept,Agricultural Land Mass,Agricultural Land Mass^2
0,39633.02173934666,13037281.476350218,-13041562.563343225
