,intercept,Agricultural Land Mass,precip_0 precip_23,precip_2 min_temp_9,precip_4 precip_23,precip_4 avg_temp_13,precip_5 precip_22,precip_7 min_temp_22,precip_8 precip_9,precip_8 precip_11,precip_8 precip_22,precip_10 precip_23,precip_10 min_temp_22,precip_13 precip_18,precip_13 avg_temp_22,precip_14 precip_19,precip_16 precip_19,precip_16 precip_21,precip_17 min_temp_12,precip_17 min_temp_14,precip_20 min_temp_12,precip_21 min_temp_0,precip_23 avg_temp_10,min_temp_1 min_temp_10,min_temp_1 max_temp_1,min_temp_2 min_temp_10,min_temp_2 min_temp_14,min_temp_2 min_temp_23,min_temp_4 min_temp_16,min_temp_5 min_temp_6,min_temp_5 min_temp_16,min_temp_5 min_temp_17,min_temp_6 min_temp_17,min_temp_7 max_temp_15,min_temp_8 min_temp_17,min_temp_9 max_temp_0,min_temp_14 avg_temp_23,min_temp_19 max_temp_15,min_temp_21 max_temp_0,min_temp_22 avg_temp_23,max_temp_7 avg_temp_19,max_temp_10 max_temp_15,avg_temp_0^2,avg_temp_0 avg_temp_11,avg_temp_7 avg_temp_19
0,35078.369565217436,1619.1857160160364,-1917.9966308637515,3322.4948910420053,-457.39527305389714,-259.61752722038574,-999.5971830301306,-1293.0314881903655,-2695.1536068198334,-1512.6715514974242,-1127.489570470335,-1083.8994955375351,-3644.996691670862,-3538.041291434124,-1121.9914435622677,-75.13259054738401,-4340.712886651093,1492.1278877527716,-644.6429488895483,460.8660047878276,-392.3178035906848,-1750.7136586220697,-2049.443561156944,723.532900785667,954.1339420903646,-5232.337824910458,203.17402662890842,-2525.387779481785,7320.669837564649,4150.363338425841,5163.128137198275,12681.899903447817,3905.2868458937846,-641.975442840089,6184.749144199133,879.120404975756,1731.1388540522782,-643.8336692281275,2595.976977320444,-713.8520319115022,-5975.69457565125,-2455.4494866695027,2397.039015961829,1373.3284464179828,-355.1471394718927
