,intercept,Agricultural Land Mass,min_temp_4 min_temp_16,min_temp_6 min_temp_16,min_temp_6 max_temp_16,min_temp_6 avg_temp_16,min_temp_8 min_temp_19,min_temp_16 max_temp_4,min_temp_17 max_temp_6,min_temp_17 avg_temp_9,max_temp_4 avg_temp_16,avg_temp_4 avg_temp_16,Agricultural Land Mass^2
0,42173.630434778526,70721.59114024081,201460.12524368986,178396.0733345083,60109.41881119708,-192335.8510303283,7148.957771360014,-288567.7582338131,11267.333164196754,4437.60940956571,408613.0279320644,-348520.35704532574,-69602.74234237874
