,intercept,Agricultural Land Mass,min_temp_4 min_temp_16,Agricultural Land Mass^2
0,40390.26087011156,11491717.78350044,21657.09739310131,-11490677.393004112
