,intercept,min_temp_16,Agricultural Land Mass,precip_5^2,precip_5 max_temp_6,min_temp_4 min_temp_17,min_temp_4 max_temp_21,min_temp_4 avg_temp_3,min_temp_4 avg_temp_21,min_temp_5 min_temp_17,min_temp_5 max_temp_17,min_temp_7 max_temp_16,min_temp_8 avg_temp_9,min_temp_9 min_temp_21,min_temp_9 max_temp_12,min_temp_16 max_temp_3,min_temp_16 max_temp_4,min_temp_16 max_temp_5,min_temp_16 max_temp_20,min_temp_16 max_temp_21,min_temp_16 avg_temp_19,min_temp_17 max_temp_6,min_temp_17 max_temp_7,min_temp_17 avg_temp_6,min_temp_17 avg_temp_9,min_temp_18 min_temp_19,min_temp_18 max_temp_2,min_temp_19 avg_temp_7,min_temp_20 max_temp_17,min_temp_21 max_temp_15,min_temp_21 avg_temp_3,max_temp_4 avg_temp_16,max_temp_8 avg_temp_19,max_temp_17 avg_temp_5,max_temp_18 avg_temp_6,avg_temp_4 avg_temp_17
0,37309.52173913023,-32093.542230264586,279.9545726148943,-11857.648090358385,8726.124535901961,46196.15924475683,-186886.557614288,104482.32678865982,51037.2167449693,47036.05720491629,5268.396536954536,-6133.109762942562,13163.620464019594,-19169.216258738677,10192.792690246906,-130523.0236404268,2875.5516138690286,-13933.7174357917,27829.402287134682,136126.6447259048,-12876.865521336886,-24778.396301942565,-14773.293991586335,-18764.760647108,18617.175418172865,25550.572710939152,-1665.1066980999324,-7071.6290970536675,-18869.18848585781,-12037.91825665328,8901.467410382555,14592.094834791478,-16370.415499077295,-22573.846844803604,15629.365959416396,30897.90625373305
