,intercept,Agricultural Land Mass,min_temp_4 min_temp_16,Agricultural Land Mass^2
0,39827.80434822217,9880980.799905835,18279.742006979322,-9883912.065741245
