,intercept,Agricultural Land Mass,min_temp_4 min_temp_16,min_temp_6 min_temp_16,min_temp_6 max_temp_16,min_temp_6 avg_temp_16,min_temp_8 min_temp_19,min_temp_16 max_temp_4,min_temp_17 max_temp_6,min_temp_17 avg_temp_9,max_temp_4 avg_temp_16,avg_temp_4 avg_temp_16,Agricultural Land Mass^2
0,37948.239130664086,2950129.4795963964,586273.0072545873,731915.8307964085,598280.8246845143,-1232383.98499747,8136.103751583468,-764538.6565473627,13483.600026907057,456.19155959704074,1302123.2826694637,-1181004.707559356,-2949367.4479811015
