,intercept,Agricultural Land Mass,min_temp_4 min_temp_16,min_temp_6 min_temp_16,min_temp_6 avg_temp_16,min_temp_8 min_temp_19,min_temp_17 max_temp_6,max_temp_4 avg_temp_16
0,34040.956521739165,235.94175911570264,14543.129734521955,1237.8756810664504,10314.239601629179,1824.3086143477249,7246.934906310652,-10851.816576380626
