,intercept,Agricultural Land Mass,Agricultural Land Mass^2
0,40085.32608771948,13542532.61011422,-13548479.431055026
