,intercept,Agricultural Land Mass,min_temp_4 min_temp_16,min_temp_6 min_temp_16,min_temp_6 max_temp_16,min_temp_6 avg_temp_16,min_temp_8 min_temp_19,min_temp_16 max_temp_4,min_temp_17 max_temp_6,min_temp_17 avg_temp_9,max_temp_4 avg_temp_16,avg_temp_4 avg_temp_16,Agricultural Land Mass^2
0,38211.76086963844,2462447.227536626,739714.0993788687,1120531.0803541741,1000212.9678558861,-1989073.1470803143,10506.507935403477,-1025036.7865864749,7093.369031281431,4392.932758223881,1742165.0096370464,-1538656.670000741,-2461353.0014678147
