,intercept,Agricultural Land Mass,min_temp_4 min_temp_16,Agricultural Land Mass^2
0,36253.13043521009,10268117.805373017,14481.600122162463,-10269462.380749095
