,intercept,Agricultural Land Mass,min_temp_4 min_temp_16,min_temp_6 min_temp_16,min_temp_6 max_temp_16,min_temp_6 avg_temp_16,min_temp_8 min_temp_19,min_temp_16 max_temp_4,min_temp_17 max_temp_6,min_temp_17 avg_temp_9,max_temp_4 avg_temp_16,avg_temp_4 avg_temp_16,Agricultural Land Mass^2
0,38966.28260869406,47442.8519317751,146306.51389276667,112494.0982952851,-73418.3904606181,4868.877199454343,9875.33690521047,-284190.8991682686,8885.197656864038,6192.981270970643,353774.75489724905,-251461.92913436447,-45385.819097964704
