,intercept,Agricultural Land Mass,precip_5^2,min_temp_4 min_temp_16,min_temp_4 max_temp_21,min_temp_5 max_temp_17,min_temp_6 max_temp_18,min_temp_7 max_temp_16,min_temp_8 avg_temp_9,min_temp_9 min_temp_21,min_temp_16 max_temp_3,min_temp_16 avg_temp_4,min_temp_17 min_temp_18,min_temp_18 min_temp_19,min_temp_18 max_temp_2,min_temp_19 avg_temp_7,min_temp_20 avg_temp_21,min_temp_21 max_temp_15,max_temp_7 avg_temp_18,max_temp_8 max_temp_19,max_temp_18 avg_temp_6,avg_temp_4 avg_temp_17
0,36762.30434782609,233.62008986782033,-4107.149524158211,13878.322078789617,-15655.149089888508,11570.278005366239,1982.1512537678118,-15879.877749824675,5683.268248090441,4880.472014647088,-16848.020960936312,17928.942946593477,624.8470053748013,11736.572317235778,-1420.6646231573368,-3628.2694207149,-111.32322739522922,5090.233022825879,1085.2747924853024,-4631.619965652136,6982.4079743685825,4605.47339422705
