,intercept,Agricultural Land Mass,precip_5^2,min_temp_4 min_temp_16,min_temp_4 max_temp_21,min_temp_5 min_temp_17,min_temp_5 max_temp_17,min_temp_6 max_temp_19,min_temp_6 avg_temp_18,min_temp_7 max_temp_16,min_temp_8 avg_temp_9,min_temp_9 min_temp_21,min_temp_9 max_temp_12,min_temp_16 max_temp_3,min_temp_16 avg_temp_4,min_temp_17 min_temp_18,min_temp_17 avg_temp_9,min_temp_18 min_temp_19,min_temp_18 max_temp_2,min_temp_19 avg_temp_7,min_temp_21 max_temp_15,max_temp_6 max_temp_16,max_temp_7 avg_temp_18,max_temp_8 max_temp_19,max_temp_18 avg_temp_6
0,37718.89130434787,1105.8871262623993,-3515.8016917950767,29708.091044705267,-11965.020574483056,3538.0757704056623,8580.911277110783,-237.76820205961042,229.86140801154096,-8458.044691528174,3546.713286120808,2782.7388333603258,2361.8427954105223,-16319.239797335209,783.0771175134258,579.3062645122615,2283.5395101327244,12508.644271668143,-1143.8988550041386,-8564.918263511589,4126.041818287414,-1769.5269014425328,2380.1296085726913,-1848.1007062260107,7523.420769739159
