,intercept,Agricultural Land Mass,precip_5^2,min_temp_4 min_temp_16,min_temp_4 max_temp_21,min_temp_5 max_temp_17,min_temp_6 max_temp_19,min_temp_7 max_temp_16,min_temp_8 min_temp_19,min_temp_8 avg_temp_9,min_temp_9 min_temp_21,min_temp_9 max_temp_12,min_temp_9 max_temp_19,min_temp_16 max_temp_3,min_temp_17 max_temp_7,min_temp_17 avg_temp_9,min_temp_18 min_temp_19,min_temp_18 max_temp_2,min_temp_20 avg_temp_21,min_temp_21 max_temp_15,max_temp_8 max_temp_19,max_temp_18 avg_temp_6
0,36514.60869565219,773.8290133148264,-262.05656471455524,17749.57431350302,-7931.555373708581,15510.779313726305,-4373.817312316905,-15150.402385412199,10183.156094831573,3448.1753731453173,1760.6068736045972,5457.152290719019,-7507.494073148808,-3103.570523637464,-539.6637678755266,8708.332576204315,7453.689048921023,755.0966075460922,-2878.092334523308,1994.9127113029201,-6642.2751136046445,2504.825597321795
