,intercept,Agricultural Land Mass,min_temp_4 min_temp_16,min_temp_6 min_temp_16,min_temp_6 max_temp_16,min_temp_6 avg_temp_16,min_temp_8 min_temp_19,min_temp_16 max_temp_4,min_temp_17 max_temp_6,min_temp_17 avg_temp_9,max_temp_4 avg_temp_16,avg_temp_4 avg_temp_16,Agricultural Land Mass^2
0,40419.47826087258,61496.34462292061,204906.89642496026,171114.52512121687,-62261.542901343106,-44538.60417334391,6965.646227957079,-373355.64110270335,9634.579204406838,4671.114554235659,480511.80162766436,-359623.1027074869,-61036.76119934178
