,intercept,Agricultural Land Mass,min_temp_4 min_temp_16,min_temp_6 min_temp_16,min_temp_6 max_temp_16,min_temp_6 avg_temp_16,min_temp_8 min_temp_19,min_temp_16 max_temp_4,min_temp_17 max_temp_6,min_temp_17 avg_temp_9,max_temp_4 avg_temp_16,avg_temp_4 avg_temp_16,Agricultural Land Mass^2
0,38530.67391309625,901222.6143800181,739814.8762292635,874732.3818232275,797493.4168194223,-1563430.0435034577,11202.14008830711,-861055.560704101,8989.31993243244,2537.0338685556053,1531584.895220473,-1471590.8922001654,-897143.6545272237
