,intercept,Agricultural Land Mass,min_temp_4 min_temp_16,min_temp_6 max_temp_16,min_temp_6 avg_temp_16,min_temp_8 min_temp_19,min_temp_17 max_temp_6,min_temp_17 avg_temp_9,max_temp_4 avg_temp_16
0,36187.17391304352,1481.1729083472878,16230.96173911063,4389.627637759674,1257.7097569959485,4740.187479784841,9639.051541550432,2778.428646863597,-10393.7312914187
