,intercept,Agricultural Land Mass,min_temp_4 min_temp_16,Agricultural Land Mass^2
0,37867.10869625242,10362872.614131963,19819.44035569416,-10363182.844953038
