,intercept,Agricultural Land Mass,precip_0 min_temp_2,precip_2 min_temp_16,precip_2 min_temp_21,precip_3 min_temp_16,precip_4 precip_23,precip_5 precip_17,precip_7 precip_16,precip_7 precip_23,precip_10 precip_21,precip_11 precip_16,precip_11 precip_21,precip_11 min_temp_22,precip_11 avg_temp_10,precip_11 avg_temp_14,precip_13 min_temp_22,precip_14 precip_19,precip_17^2,precip_17 avg_temp_10,precip_18 precip_22,precip_20 precip_23,precip_23 avg_temp_10,min_temp_0 max_temp_0,min_temp_1 avg_temp_1,min_temp_2 min_temp_10,min_temp_2 min_temp_14,min_temp_4 min_temp_16,min_temp_5 min_temp_6,min_temp_5 min_temp_8,min_temp_5 min_temp_16,min_temp_5 min_temp_17,min_temp_5 max_temp_4,min_temp_5 max_temp_21,min_temp_6 max_temp_4,min_temp_7 max_temp_10,min_temp_11 max_temp_0,min_temp_14 min_temp_22,min_temp_14 avg_temp_11,min_temp_23 max_temp_23,min_temp_23 avg_temp_23,max_temp_7 max_temp_19,max_temp_10 avg_temp_19,avg_temp_0^2,avg_temp_0 avg_temp_11
0,35764.9782608694,2958.423959648606,521.8978857839105,4003.9112348004323,426.8750777208567,5338.381700605408,-4177.0944934418885,-2290.5859698777936,-1588.9099681780956,-312.12350913346796,-2230.9605862913077,-654.5548250959171,-1110.3586700771887,-225.17212788412309,-362.03590991054995,-2864.151328880577,-2438.274370569009,-3279.649662874002,-412.6985159381469,-135.90566584948664,-241.11174572236453,-76.34924342490872,-1649.712395937657,487.5037337000332,1567.1552224578797,-3611.9133957130957,1263.6787921283099,1255.8946302377358,7815.1528891223425,1293.2264896115578,2516.513990368358,12235.823778420703,260.8112979412444,1598.3102087347495,7523.35898779193,-2826.3670793798833,1563.4183308462448,-6.943847481029758,3048.1553663780783,-1384.9999088054774,-4110.0134100747955,-653.881853830442,-334.9150528705777,1711.4067619948346,5624.953103421121
