,intercept,Agricultural Land Mass,Agricultural Land Mass^2
0,38742.69565257726,15486187.909774056,-15490457.334955854
