,intercept,Agricultural Land Mass,min_temp_4 min_temp_16,min_temp_6 min_temp_16,min_temp_6 max_temp_16,min_temp_6 avg_temp_16,min_temp_8 min_temp_19,min_temp_16 max_temp_4,min_temp_17 max_temp_6,min_temp_17 avg_temp_9,max_temp_4 avg_temp_16,avg_temp_4 avg_temp_16,Agricultural Land Mass^2
0,39240.9782609144,4082161.5231095194,299413.14022535936,1104254.0621017367,1175480.763900106,-2189228.882356227,3744.3304984079678,-454024.4798391548,10013.945517076376,3042.5924678803476,679925.9451349814,-571230.1923436379,-4082664.8288933984
