,intercept,precip_5^2,min_temp_4 min_temp_16,min_temp_4 max_temp_21,min_temp_5 max_temp_17,min_temp_6 min_temp_18,min_temp_6 max_temp_16,min_temp_7 max_temp_16,min_temp_8 min_temp_16,min_temp_9 max_temp_12,min_temp_9 max_temp_19,min_temp_16 max_temp_3,min_temp_16 max_temp_20,min_temp_17 max_temp_7,min_temp_18 min_temp_19,min_temp_18 max_temp_2,min_temp_21 max_temp_15,max_temp_8 max_temp_19,avg_temp_6 avg_temp_18,Agricultural Land Mass^2
0,38385.7391304347,-6300.64368952818,32605.67145282055,-7641.71743483869,20514.77947786251,2496.4725491375016,5059.343298581443,-26771.788647090296,17749.385552650958,6588.330999710372,-5240.067306861762,-21291.338141371805,720.8406378085655,-5260.112064997995,7342.341531056893,85.62854776442201,4725.750922981845,-6302.924903019358,5194.830325042882,-1308.8470498618397
