,intercept,precip_1 max_temp_13,precip_3 precip_10,precip_5 max_temp_4,precip_7 precip_19,precip_7 min_temp_2,precip_9 min_temp_10,precip_10 max_temp_13,precip_16 max_temp_20,precip_20 max_temp_22,precip_21 min_temp_13,precip_21 min_temp_22,precip_22 avg_temp_10,min_temp_0 min_temp_2,min_temp_3 max_temp_12,min_temp_4 min_temp_16,min_temp_4 min_temp_21,min_temp_4 avg_temp_16,min_temp_5 min_temp_15,min_temp_5 min_temp_17,min_temp_5 max_temp_16,min_temp_6^2,min_temp_6 min_temp_18,min_temp_6 max_temp_16,min_temp_6 avg_temp_21,min_temp_7 min_temp_19,min_temp_7 min_temp_20,min_temp_7 avg_temp_19,min_temp_8 max_temp_21,min_temp_9 min_temp_15,min_temp_19 max_temp_8,min_temp_20 max_temp_9,max_temp_3 avg_temp_8,max_temp_5 max_temp_15,max_temp_8 avg_temp_19,max_temp_18 max_temp_19,avg_temp_3 avg_temp_22,avg_temp_12 avg_temp_23
0,38393.15217391297,-3689.326643587679,1281.7462614823007,-3698.5423574508704,-1320.3579459988248,-4059.0972224144657,-2529.1693415734208,-7785.29088461617,-379.4093525606968,-40.35706180712314,2150.282753257279,2480.061874514103,-708.3433107382656,465.4757481130992,2599.231294853668,9597.13662718676,6167.245349074714,1670.630697026877,2189.304424383307,14425.30795063271,7255.773279172055,2101.0571841595247,3604.284636763424,1501.1612898095775,1557.088035616414,-111.45341719571353,-297.0886691959164,-8126.764902178628,11250.60499485153,9168.746603054733,-1304.9073337196983,-1869.4047505249903,-3740.748912504099,-12319.573566226563,-3577.139507890278,-2231.169085328296,-2939.0108030165475,5812.213092623523
