,intercept,Agricultural Land Mass,Agricultural Land Mass^2
0,36966.45652190863,13252352.03539307,-13258119.227567596
