,intercept,Agricultural Land Mass,Agricultural Land Mass^2
0,39235.56521839549,13096416.431139842,-13099300.69908158
