,intercept,Agricultural Land Mass,Agricultural Land Mass^2
0,41662.23913102398,13702932.069387121,-13706581.017121952
