,intercept,Agricultural Land Mass,min_temp_4 min_temp_16,min_temp_6 min_temp_16,min_temp_6 max_temp_16,min_temp_6 avg_temp_16,min_temp_8 min_temp_19,min_temp_16 max_temp_4,min_temp_17 max_temp_6,min_temp_17 avg_temp_9,max_temp_4 avg_temp_16,avg_temp_4 avg_temp_16,Agricultural Land Mass^2
0,39207.673913044164,73221.3765932003,84708.27157910886,153997.39761897392,67057.38577327778,-193021.76793943724,5599.045660808813,-173281.35420136005,12373.984925868446,7961.566055290156,216351.27087333097,-147918.78666512074,-74097.7033192567
