,intercept,Agricultural Land Mass,precip_5 max_temp_8,min_temp_4 min_temp_16,min_temp_4 max_temp_21,min_temp_5 max_temp_17,min_temp_6 max_temp_19,min_temp_7 max_temp_16,min_temp_8 avg_temp_9,min_temp_9 max_temp_12,min_temp_9 max_temp_19,min_temp_16 max_temp_3,min_temp_16 avg_temp_4,min_temp_17 avg_temp_9,min_temp_18 min_temp_19,min_temp_18 max_temp_2,min_temp_20 avg_temp_21,min_temp_21 max_temp_15,max_temp_4 avg_temp_16,max_temp_8 max_temp_19,max_temp_18 avg_temp_6,avg_temp_4 avg_temp_17
0,35822.06521739137,185.61691440865846,-3725.4046587451567,4441.805628836907,-5534.333712605272,12043.041505158968,-1206.0807738639862,-12429.675425429867,11820.704316852614,6534.035978347257,-7682.092823228065,-3914.353804640804,7639.683678368227,730.3610699872951,7734.3413637330195,2247.9974584834795,-441.63196020600714,3032.1261231199815,2851.1630290577345,-5191.509974865952,6406.3067183694075,1919.8015482545325
