,intercept,Agricultural Land Mass,precip_5 max_temp_8,min_temp_4 min_temp_16,min_temp_4 avg_temp_3,min_temp_4 avg_temp_21,min_temp_5 max_temp_17,min_temp_6 min_temp_18,min_temp_6 max_temp_19,min_temp_6 avg_temp_18,min_temp_7 max_temp_16,min_temp_8 min_temp_16,min_temp_9 max_temp_12,min_temp_17 avg_temp_9,min_temp_19 avg_temp_7,min_temp_20 avg_temp_21,min_temp_21 avg_temp_3,max_temp_8 avg_temp_19,avg_temp_4 avg_temp_17,avg_temp_16 avg_temp_18
0,36376.78260869571,176.04050072710928,-3620.662963291092,26580.679532944745,-11555.452138897135,5400.626871809781,11363.807647892452,10132.799652801132,2818.4663923453604,2809.0067922837634,-22969.22392095394,7105.316387605902,5013.856803435572,-3370.0106475657117,-1037.4477830521064,3634.71164762069,128.66589012415344,-107.96641865058922,-8039.652122486884,3117.872718605584
