,intercept,Agricultural Land Mass,min_temp_4 min_temp_16,min_temp_6 min_temp_16,min_temp_6 max_temp_16,min_temp_6 avg_temp_16,min_temp_8 min_temp_19,min_temp_16 max_temp_4,min_temp_17 max_temp_6,min_temp_17 avg_temp_9,max_temp_4 avg_temp_16,avg_temp_4 avg_temp_16,Agricultural Land Mass^2
0,40250.391304349134,408144.37944594293,701321.127709018,1158972.7496192483,928018.2871917798,-1920907.2163472977,4865.853362393345,-1032646.4811504285,12130.38211986516,1846.81323348357,1607105.249129407,-1383771.9165220228,-407084.4188368697
