,intercept,Agricultural Land Mass,precip_0 precip_12,precip_1^2,precip_1 precip_8,precip_4 min_temp_9,precip_6 precip_16,precip_7 max_temp_1,precip_8 precip_9,precip_8 precip_21,precip_11 min_temp_3,precip_11 min_temp_15,precip_11 max_temp_13,precip_12 avg_temp_0,precip_13 precip_18,precip_14 precip_15,precip_15 min_temp_2,precip_15 min_temp_9,precip_16 precip_19,precip_18 min_temp_3,precip_19 min_temp_1,precip_20 precip_22,precip_21 min_temp_14,precip_22 min_temp_14,precip_23 min_temp_3,precip_23 min_temp_13,precip_23 min_temp_14,min_temp_2 min_temp_10,min_temp_2 min_temp_22,min_temp_4 min_temp_9,min_temp_5 min_temp_8,min_temp_5 max_temp_9,min_temp_5 max_temp_11,min_temp_5 max_temp_17,min_temp_5 avg_temp_17,min_temp_7 max_temp_3,min_temp_13 min_temp_22,min_temp_17 avg_temp_9,min_temp_22^2,min_temp_23 avg_temp_23,max_temp_18 Agricultural Land Mass,avg_temp_0 avg_temp_11,avg_temp_12^2,Agricultural Land Mass^2
0,35809.65217391316,4459.65923456323,-2238.250646873442,-5733.202549226255,-4741.972866702693,2247.533238486951,-1729.2087238715244,-2882.7490669975614,-321.1986286504337,-2436.6056964073086,-985.9146547540577,-753.0613962082342,-6694.601682811853,-5916.769127226432,-1381.6214746290977,725.0652561920184,9253.994521884557,7744.877798871655,-2033.2474888326867,-1928.189977160967,3134.691440262967,-2430.219403873247,6031.287968974723,8913.90176465142,-345.1908431478323,385.414929126652,-6367.4332958737305,-5126.599688967883,501.395439510068,1691.6520836589175,6766.720448010616,2671.6127513390984,1206.3529853815946,1671.8311301704393,18093.254096058452,-3356.7426787071017,1079.5795887065533,3055.642801796038,-412.1969954732927,-3592.6927876820773,1102.2380545348956,3552.0813198027054,-3276.759461843817,201.37052766593465
