,intercept,Agricultural Land Mass,min_temp_4 min_temp_16,Agricultural Land Mass^2
0,40086.478260364085,11449319.543120509,15802.509697544763,-11449496.30763761
