,intercept,Agricultural Land Mass,min_temp_4 min_temp_16,min_temp_6 min_temp_16,min_temp_6 max_temp_16,min_temp_6 avg_temp_16,min_temp_8 min_temp_19,min_temp_16 max_temp_4,min_temp_17 max_temp_6,min_temp_17 avg_temp_9,max_temp_4 avg_temp_16,avg_temp_4 avg_temp_16,Agricultural Land Mass^2
0,36772.93478267621,3225103.07923908,602406.2008438007,596603.2383232473,453955.04294816987,-960558.1368449349,10869.179077653685,-736806.0413088587,7108.883280441594,3078.317573065706,1291020.2269451234,-1210414.5969873753,-3223393.010978939
