,intercept,Agricultural Land Mass,min_temp_4 min_temp_16,min_temp_6 min_temp_16,min_temp_6 max_temp_16,min_temp_6 avg_temp_16,min_temp_8 min_temp_19,min_temp_16 max_temp_4,min_temp_17 max_temp_6,min_temp_17 avg_temp_9,max_temp_4 avg_temp_16,avg_temp_4 avg_temp_16,Agricultural Land Mass^2
0,35630.41304357504,4831710.327451241,222977.75457524456,568798.4589650623,635207.98513682,-1166622.7082763978,8713.830697349364,-287237.93655595806,4268.173390945917,9105.236057412067,516705.0310780168,-467993.84631132864,-4830646.455315303
