,intercept,Agricultural Land Mass,min_temp_4 min_temp_16,min_temp_6 min_temp_16,min_temp_6 max_temp_16,min_temp_6 avg_temp_16,min_temp_8 min_temp_19,min_temp_16 max_temp_4,min_temp_17 max_temp_6,min_temp_17 avg_temp_9,max_temp_4 avg_temp_16,avg_temp_4 avg_temp_16,Agricultural Land Mass^2
0,37982.89130451972,4460973.464503905,293119.2021607431,848518.4729413592,1071100.355020285,-1868651.7893287411,2157.0268851229443,-277321.006144094,11528.889900686274,3385.937438394395,557482.7880994885,-577561.5980939541,-4461362.2113168975
