,intercept,Agricultural Land Mass,precip_5 max_temp_6,min_temp_4 min_temp_16,min_temp_4 max_temp_21,min_temp_5 min_temp_16,min_temp_5 max_temp_17,min_temp_6 max_temp_18,min_temp_6 max_temp_19,min_temp_7 max_temp_16,min_temp_8 min_temp_16,min_temp_8 avg_temp_9,min_temp_9 max_temp_12,min_temp_9 max_temp_19,min_temp_16 max_temp_3,min_temp_16 avg_temp_4,min_temp_18 min_temp_19,min_temp_18 max_temp_2,min_temp_19 avg_temp_7,min_temp_21 max_temp_15,max_temp_8 max_temp_19,max_temp_18 avg_temp_6,avg_temp_16 avg_temp_18
0,38842.56521739132,518.0259386005595,-5335.730135982081,17901.5103611801,-7971.29464882699,998.4021051346763,19201.782786256266,11149.562968421504,-9341.268222737432,-14183.050205600734,4696.515690329774,7458.296094126622,10663.22188747383,-10102.710591372817,-13880.114662863187,9863.485988649563,4261.3628269209075,-1244.1235064324078,-590.8543102572686,3789.433973387246,-7080.404511167645,4745.86498482245,3697.098199362828
