,intercept,Agricultural Land Mass,precip_5 max_temp_8,min_temp_4 min_temp_16,min_temp_5 min_temp_16,min_temp_5 min_temp_17,min_temp_6 min_temp_18,min_temp_6 avg_temp_18,min_temp_7 max_temp_16,min_temp_8 min_temp_16,min_temp_9 max_temp_12,min_temp_16 min_temp_17,min_temp_16 max_temp_3,min_temp_17 max_temp_7,min_temp_17 avg_temp_9,min_temp_19 avg_temp_7,min_temp_20 avg_temp_21,max_temp_7 avg_temp_18,max_temp_8 max_temp_19,avg_temp_9 avg_temp_21
0,34889.19565217397,1737.0741067120587,-2738.865170043871,11777.382933193612,10690.93223258756,10477.450611556966,3147.328275744399,7204.766241285604,-8665.802922874624,11291.764185606522,3111.522033164763,6814.586558813652,-17450.67448742412,-4798.087056307595,-219.10408960545598,-5310.802136851546,6347.33035818131,-2657.0236357819804,-4244.568649974894,-2461.974660931382
